ID,Duration,Rising_time,Absolute_amplitude,Relative_amplitude,Pseudo_energy,Pseudo_freq,Label
1,0.48828151822090154,0.04890627786517143,87.31944274902342,0.019629132002592087,0.09950125962495805,540.6716918945312,drilling
2,0.4433205425739288,0.08185551315546036,54.576271057128906,0.07600509375333786,0.025697484612464905,279.7073059082031,scaling
3,0.0162500087171793,0.005722659174352884,57.395706176757805,0.5432195663452148,0.003595460904762149,2153.844970703125,microseismic
4,0.05058596283197402,0.0042773461900651455,64.88894653320312,0.2837866246700287,0.006882371846586466,355.8299255371094,microseismic
5,0.28544938564300537,0.16941414773464203,169.0138397216797,0.03329465910792351,0.058661922812461846,126.11692810058592,blasting
6,0.005312502849847078,0.0023046887945383787,190.05047607421875,1.6492450237274168,0.0011842548847198486,2823.52783203125,microseismic
7,0.4836330711841583,0.1790039986371994,413.93264770507807,0.02809487096965313,0.06951872259378433,1612.79296875,drilling
8,0.48757839202880854,0.3162696957588196,311.7055053710937,0.02806166000664234,0.06960096210241318,1767.9208984375,drilling
9,0.016425790265202522,0.0036328143905848256,88.78211975097656,0.5805431604385376,0.0033643068745732307,1887.2760009765625,microseismic
10,0.3656056523323059,0.009609379805624483,257.0332946777344,0.0440572202205658,0.0443316288292408,76.58525085449217,blasting
11,0.15607430040836334,0.1325000673532486,3435.70068359375,0.06460508704185486,0.03023174405097961,166.5873260498047,blasting
12,0.2377735674381256,0.12439459562301636,2499.27685546875,0.05038946494460106,0.03876059874892234,126.17045593261717,blasting
13,0.41919943690299993,0.2026563584804535,306.28924560546875,0.04303137212991714,0.04538825899362564,50.09548568725586,blasting
14,0.01128906849771738,0.002011719858273864,66.10464477539062,0.8355365395545958,0.00233757053501904,3277.5068359375,microseismic
15,0.48828151822090154,0.1244727224111557,358.38604736328125,0.02716830372810364,0.07189005613327025,1419.26318359375,drilling
16,0.016445321962237358,0.0018359385430812836,119.57682800292967,0.5339364409446716,0.003657972905784845,790.4983520507811,microseismic
17,0.38701191544532776,0.001640625880099833,72.42845916748048,0.14399456977844238,0.0135638527572155,43.92629623413086,scaling
18,0.48828151822090154,0.055351592600345605,63.49818420410156,0.03785287961363792,0.051598019897937775,294.9118347167969,scaling
19,0.48781275749206543,0.39087912440299993,51.36429214477539,0.024223411455750465,0.08062987774610518,608.8401489257812,drilling
20,0.38652363419532776,0.25082045793533325,141.60079956054688,0.10961774736642836,0.0178176648914814,41.394622802734375,electric noise
21,0.43996116518974304,0.4141408503055573,58.77849578857422,0.08405682444572447,0.023235686123371124,72.73369598388672,scaling
22,0.35070329904556274,0.06474612653255463,54.68966674804688,0.13480161130428314,0.014488892629742622,74.13674163818358,scaling
23,0.43667992949485773,0.06050784513354301,64.87232971191406,0.0957016572356224,0.02040847390890121,247.32073974609372,scaling
24,0.1309766322374344,0.08349613845348358,132.43911743164062,0.1711776107549667,0.011409931816160679,603.1610107421875,scaling
25,0.31375017762184143,0.011523443274199963,156.64390563964844,0.03834004327654839,0.0509423054754734,66.93223571777344,blasting
26,0.311015784740448,0.0008398442296311259,75.69504547119139,0.1610615700483322,0.01212659478187561,196.13153076171875,scaling
27,0.2931447029113769,0.0002148438652511686,56.34552001953125,0.06315757334232329,0.030924782156944275,44.34669876098633,electric noise
28,0.012207037769258022,0.0047070337459445,209.01927185058597,0.5557035803794861,0.00351469311863184,491.5197448730469,scaling
29,0.0004101564700249583,9.765630238689482e-05,55.19319534301758,19.623159408569332,9.953168046195059e-05,7314.28173828125,electric noise
30,0.21318370103836057,0.0034765643067657948,86.83927917480467,0.11239004135131836,0.017378076910972595,37.526321411132805,electric noise
31,0.0004101564700249583,0.00011718756286427379,1418.5570068359375,5.6535964012146,0.0003454661928117275,4876.18798828125,electric noise
32,0.2495899796485901,0.1129102185368538,833.8695068359374,0.059155169874429696,0.033017151057720184,108.1774215698242,blasting
33,0.3194728195667267,0.28115248680114746,2753.623291015625,0.04199578613042832,0.04650767892599106,147.11737060546875,blasting
34,0.3746095895767212,0.052753932774066925,296.0714416503906,0.10215120762586592,0.019119953736662865,152.15841674804688,scaling
35,0.19113291800022125,0.16509774327278137,1010.1226806640624,0.05106863752007485,0.03824513405561447,193.5825653076172,blasting
36,0.011425787582993507,0.0048046899028122425,58.68679428100586,0.817700684070587,0.0023885592818260193,2100.51171875,microseismic
37,0.4878713488578796,0.09994146227836607,50.27462768554688,0.018843725323677063,0.10364948213100432,1373.3128662109375,drilling
38,0.4872854053974152,0.030273454263806343,1122.5509033203125,0.035179417580366135,0.05551883950829506,1190.267578125,drilling
39,0.0020898447837680574,0.00013671882334165275,1400.6983642578125,2.122906684875488,0.000920024875085801,1435.5133056640625,electric noise
40,0.015722664073109627,0.001640625880099833,182.01263427734372,0.5952193737030029,0.003281356068328023,1908.0736083984373,microseismic
41,0.4882424473762512,0.08769536018371582,53.47977066040039,0.014024579897522926,0.13926455378532407,649.267578125,drilling
42,0.4806252717971802,0.2507423162460327,775.7428588867188,0.039401110261678696,0.04957007989287376,230.94915771484372,drilling
43,0.04306643083691597,0.03812501952052116,165.3679046630859,0.7925080060958862,0.0024644897785037756,255.4193572998047,scaling
44,0.4874612092971802,0.2333204448223114,58.82287597656249,0.024079348891973492,0.08111152052879332,531.3243408203125,drilling
45,0.3053126633167267,0.005039065144956112,66.55809783935547,0.21601957082748413,0.00904140714555979,36.02864074707031,scaling
46,0.01759766601026058,0.009707036428153513,78.16085052490233,0.6180055141448976,0.0031603709794580936,568.2572021484375,scaling
47,0.0124804750084877,0.0047656274400651455,111.62799072265624,0.6437038779258728,0.003034197958186269,2804.38037109375,microseismic
48,7.812504190951586e-05,3.906252095475793e-05,50.030956268310554,41.916259765625,4.6595905587309965e-05,25599.986328125,electric noise
49,0.013574225828051569,0.004257814958691597,402.7453308105469,0.722607672214508,0.00270288554020226,1547.049560546875,microseismic
50,0.48757839202880854,0.20007823407649997,414.8648071289063,0.030689505860209465,0.06364127993583679,1402.851318359375,drilling
51,0.4307619631290436,0.23160168528556824,305.68505859375,0.085522897541523,0.02283746935427189,260.00439453125,scaling
52,0.4660744667053223,0.3145509362220764,81.96708679199217,0.01766764186322689,0.11054787039756774,622.2181396484375,drilling
53,0.20953136682510373,0.003066407982259989,86.13957214355469,0.24742673337459564,0.007893763482570648,229.08264160156247,microseismic
54,0.014316413551568983,0.00015625008381903172,102.62382507324217,0.5905762910842896,0.003307155333459377,209.54968261718753,electric noise
55,0.47841823101043696,0.4516408741474152,77.45185852050781,0.05122267082333565,0.03812995553016663,384.60073852539057,scaling
56,0.06916019320487976,0.04115236550569534,129.26966857910156,0.28013527393341064,0.006972072646021842,578.3673706054688,scaling
57,0.4882229268550873,0.07251957058906555,158.47406005859375,0.022740066051483154,0.0858890637755394,1593.5343017578125,drilling
58,0.00025390638620592654,0.00019531260477378964,123.95442199707033,12.03359031677246,0.00016230616893153635,7876.918945312499,electric noise
59,0.00015625008381903172,9.765630238689482e-05,2551.061279296875,23.60770797729492,8.273255662061274e-05,12799.9931640625,electric noise
60,0.48685571551322937,0.47753933072090154,216.20606994628903,0.023968189954757687,0.08148831874132156,1164.6160888671875,drilling
61,0.48806667327880854,0.23847669363021848,272.934814453125,0.01830892264842987,0.10667576640844344,1729.27197265625,drilling
62,0.2785548269748688,0.23259778320789337,82.41732025146483,0.07630034536123276,0.02559785544872284,262.06689453125,scaling
63,0.4802736937999725,0.4322072565555573,80.09214782714844,0.04257577657699585,0.0458742082118988,220.70748901367188,scaling
64,0.02529298141598701,0.012988287955522535,210.9482421875,0.6091438531875609,0.003206340130418539,1225.636474609375,microseismic
65,0.48734399676322937,0.14218758046627045,265.61297607421875,0.019284509122371677,0.10127907246351242,1491.7593994140625,drilling
66,0.3307619094848633,0.26888686418533325,7435.89599609375,0.019554825499653816,0.0998791828751564,776.9939575195312,blasting
67,0.4863869845867157,0.030878921970725056,220.6885223388672,0.0489446260035038,0.03990478441119193,22.61573600769043,electric noise
68,0.0018945322372019289,0.0017187509220093489,118.88272094726562,1.428556203842163,0.0013672021450474858,1055.6695556640625,electric noise
69,0.48539087176322937,0.33425799012184143,67.14183044433594,0.23592132329940796,0.008278696797788143,92.70878601074217,electric noise
70,0.013769539073109627,0.004824221134185791,54.40159606933594,0.6992279887199402,0.0027932615485042334,2251.34619140625,microseismic
71,0.0008203129400499165,0.000546875293366611,124.13705444335936,10.170242309570312,0.0001920432405313477,3657.140869140625,electric noise
72,0.3063087463378906,0.00529297161847353,6199.02392578125,0.03180244192481041,0.061414439231157296,169.7633514404297,blasting
73,0.42005881667137146,0.04242189601063728,65.30574035644531,0.06685048341751099,0.029216218739748,104.74723815917967,scaling
74,0.0665234699845314,0.05011721327900887,201.6499481201172,0.22728194296360013,0.008593423292040825,195.4197540283203,scaling
75,0.48828151822090154,0.3347267508506775,56.29743957519531,0.017395561560988426,0.11227678507566452,1128.4473876953125,drilling
76,0.488164335489273,0.3793361485004425,256.15673828125,0.0222320556640625,0.08785196393728256,2435.6552734375,drilling
77,0.0308203287422657,0.005000002682209015,64.9249496459961,0.26082426309585566,0.007488293107599021,324.461181640625,microseismic
78,0.31876969337463373,0.0008007816504687072,70.34274291992188,0.06154380366206169,0.03173576295375824,65.87828063964844,electric noise
79,0.4882229268550873,0.26496109366416926,262.6963806152344,0.022610047832131382,0.08638361096382141,1618.11328125,drilling
80,0.351230651140213,0.11087896674871443,187.77130126953125,0.024912185966968536,0.07840006798505783,125.2738037109375,blasting
81,0.44949242472648626,0.0967969298362732,69.39484405517578,0.08473133295774461,0.023050829768180847,153.50648498535156,scaling
82,0.48814478516578674,0.10425786674022675,98.15995788574217,0.02075696177780628,0.09409489482641219,2036.2811279296875,drilling
83,0.3410744071006775,0.27193373441696167,363.1878662109375,0.02786768972873688,0.07008529454469681,137.7998504638672,blasting
84,0.4812111854553223,0.07255863398313521,104.41413879394533,0.03470123931765556,0.05628432333469391,180.79380798339844,scaling
85,0.006269534584134817,0.0031640641391277318,53.64640426635742,1.2196649312973022,0.001601361553184688,3509.032470703125,microseismic
86,0.00025390638620592654,0.00019531260477378964,4874.275390625,11.081305503845215,0.0001762541214702651,7876.918945312499,electric noise
87,0.48828151822090154,0.45707055926322937,1153.14453125,0.027590638026595116,0.07078944146633148,1529.8551025390625,drilling
88,0.4799611866474152,0.4274221062660217,60.47643280029297,0.03220958635210991,0.060638025403022766,556.2949829101562,drilling
89,0.487676054239273,0.09970708191394805,50.520286560058594,0.018959645181894302,0.10301477462053298,510.5848388671875,drilling
90,0.484746366739273,0.4542189836502075,107.67217254638672,0.02691612392663956,0.072563536465168,1881.3962402343752,drilling
91,0.013691413216292858,0.002890626434236765,264.4499816894531,0.7541274428367615,0.002589914249256253,1825.9620361328125,microseismic
92,0.4882229268550873,0.2338087260723114,5388.529296875,0.09113506227731703,0.021431177854537964,28.675424575805664,blasting
93,0.48828151822090154,0.027089858427643772,246.5875701904297,0.02408383227884769,0.08109701424837112,116.7359390258789,blasting
94,0.34837910532951355,0.1443360149860382,158.67539978027344,0.029714955016970634,0.06572830677032471,83.2426528930664,blasting
95,0.4651564955711365,0.09585942327976227,55.47649383544922,0.07152388989925385,0.027307542040944096,88.14237976074217,scaling
96,0.4882229268550873,0.440644770860672,67.84664916992188,0.02028178796172142,0.0962994396686554,1138.823974609375,drilling
97,0.48761746287345886,0.40013694763183594,52.176319122314446,0.019209424033761024,0.10167521238327026,490.1383056640625,drilling
98,0.4855861961841583,0.46521508693695063,123.54433441162108,0.023730648681521412,0.08230394870042802,772.262451171875,drilling
99,0.24121107161045077,0.003378908149898052,77.73502349853516,0.32396754622459406,0.0060288007371127605,116.0809097290039,scaling
100,0.3700978457927704,0.0537695586681366,202.4411163330078,0.025932211428880688,0.07531610876321793,113.48350524902344,blasting
101,0.2650782763957977,0.08105473220348358,3419.37255859375,0.04451616108417511,0.04387452080845833,150.89881896972656,blasting
102,0.007265628781169653,0.0067968787625432014,71.79852294921875,4.862744331359863,0.00040165110840462154,688.1716918945312,electric noise
103,0.48695337772369374,0.46699243783950806,5890.42724609375,0.067440927028656,0.02896050550043583,45.17886352539063,blasting
104,0.38638693094253534,0.1237695962190628,346.39324951171875,0.03024783730506897,0.06457104533910751,103.5231704711914,blasting
105,0.48378932476043696,0.07968754321336746,938.641357421875,0.03596905618906021,0.054299991577863686,1203.0029296875,drilling
106,0.0072851600125432014,0.002578126266598701,75.91988372802734,1.6222540140151975,0.0012039574794471264,2882.572265625,microseismic
107,0.48828151822090154,0.1704883724451065,779.2877197265626,0.01859738491475582,0.10502196848392487,2146.302734375,drilling
108,0.47869166731834406,0.14931648969650269,145.53555297851562,0.047369975596666336,0.04123123735189438,407.3603515625,electric noise
109,0.25841811299324036,0.08218754082918166,53.167755126953125,0.06944557279348373,0.028124537318944928,201.2242889404297,scaling
110,0.2668360769748688,0.1517774313688278,178.2875823974609,0.08853758126497267,0.0220598578453064,48.71904754638672,electric noise
111,0.0110156312584877,0.0026367201935499902,91.79054260253906,0.6732080578804016,0.0029012225568294525,2541.842529296875,microseismic
112,0.4208400547504425,0.1343555450439453,281.87872314453125,0.029818670824170113,0.06550046801567078,125.93858337402344,blasting
113,0.0005664065247401595,0.0005078127724118531,3969.791748046875,6.760016918182373,0.0002889232418965548,3531.03271484375,electric noise
114,0.4867580831050873,0.02410157583653927,222.6620330810547,0.02854670211672783,0.06841820478439331,76.01312255859375,blasting
115,0.4858987033367157,0.41994163393974304,361.74603271484375,0.02088713459670544,0.09350871294736862,1014.61474609375,drilling
116,0.004492189735174179,0.0012500006705522535,82.32677459716797,2.127146482467652,0.0009181910427287221,3561.7373046875,microseismic
117,0.44781273603439326,0.0670117512345314,56.24807357788086,0.08426402509212493,0.023178700357675552,227.77378845214844,scaling
118,0.16703133285045624,0.1619727462530136,98.01263427734376,0.3076537549495697,0.006348442286252976,107.76421356201172,scaling
119,0.48828151822090154,0.4735940098762512,288.89324951171875,0.021543681621551517,0.090658999979496,1771.51904296875,drilling
120,0.3194728195667267,0.00025390638620592654,102.86975860595705,0.07862014323472977,0.02484267204999924,532.1266479492188,drilling
121,0.4880080819129944,0.3670900464057922,1143.1595458984375,0.021956996992230412,0.08895262330770493,1563.4986572265625,drilling
122,0.4869729280471802,0.31203141808509827,1218.7784423828125,0.031253911554813385,0.06249241903424263,1747.5303955078125,drilling
123,0.015078132972121239,0.0009179692715406416,54.29377365112305,0.45110443234443665,0.004329655785113573,198.963623046875,scaling
124,0.0017968759639188647,0.0017187509220093489,77.6191177368164,3.598374128341675,0.0005427802680060267,2782.607177734375,electric noise
125,0.20566417276859283,0.11408209055662157,73.27125549316406,0.042355380952358246,0.04611287638545036,126.41968536376952,blasting
126,0.389980673789978,0.006210940890014172,137.18858337402344,0.03125513345003128,0.062490057200193405,97.44072723388672,blasting
127,0.011582037433981895,0.003710939548909664,252.93472290039065,0.6298435926437378,0.0031009712256491184,2244.85546875,microseismic
128,0.06818363070487976,0.006992191076278687,60.27365493774414,0.1209144964814186,0.01615292951464653,234.66043090820312,scaling
129,0.4239259958267212,0.009062504395842552,6201.5078125,0.031903866678476334,0.06121904402971268,191.07109069824216,blasting
130,0.4850198030471802,0.25585952401161194,170.17266845703125,0.026898860931396484,0.07260987162590025,1521.58740234375,drilling
131,0.03068361058831215,0.0026367201935499902,127.30044555664062,0.6314992308616638,0.0030928351916372776,684.4044799804688,microseismic
132,0.00015625008381903172,7.812504190951586e-05,220.3963928222656,19.119049072265625,0.00010215602378593756,12799.9931640625,electric noise
133,0.37947285175323486,0.00972656812518835,198.50607299804688,0.026315508410334587,0.07421962916851044,144.9379119873047,blasting
134,0.48730495572090154,0.3063478171825409,176.29190063476562,0.019867539405822757,0.0983075350522995,1853.0490722656248,drilling
135,0.31380876898765564,0.00914063025265932,1297.79736328125,0.05497405678033829,0.03552824631333351,57.35977554321289,blasting
136,0.028320327401161197,0.0010546881239861248,96.04988098144531,0.7257331609725952,0.0026912412140518423,388.41357421875,microseismic
137,0.48744165897369374,0.29302749037742615,56.00767517089844,0.022536963224411007,0.08666283637285233,695.4678344726562,drilling
138,0.3430861234664917,0.22310559451580048,132.19590759277344,0.026917524635791775,0.0725594311952591,104.92992401123045,blasting
139,0.06849613040685654,5.8593781432136886e-05,2363.668212890625,2.001997470855713,0.0009755879873409868,58.3974609375,electric noise
140,0.2024805843830109,0.004003908485174179,64.90281677246094,0.1237463429570198,0.015783270820975304,518.5682373046875,drilling
141,0.06705081462860107,0.00011718756286427379,70.11337280273438,0.8877204060554504,0.0022001594770699735,134.2265625,scaling
142,0.4763869643211365,0.23708997666835785,89.35490417480467,0.020211497321724888,0.09663442522287367,132.2454376220703,blasting
143,0.4864846467971802,0.23566418886184687,124.12702941894533,0.03249071165919304,0.06011350452899933,976.392578125,scaling
144,0.34890642762184143,0.0987500548362732,67.28905487060547,0.25185638666152954,0.007754887919872998,128.9744110107422,scaling
145,0.20076182484626767,0.002617188962176442,389.1995849609375,0.2552917003631592,0.007650568615645169,403.4631652832031,drilling
146,0.2964845299720764,0.008769536390900612,3395.279052734375,0.05339506268501282,0.03657870739698409,104.55857849121092,blasting
147,0.48828151822090154,0.05966800078749657,243.60549926757807,0.03006724826991558,0.0649586096405983,79.87195587158203,blasting
148,0.33459001779556274,0.320781409740448,64.31562805175781,0.06651231646537781,0.029365018010139465,71.72957611083984,scaling
149,0.3754884898662567,0.028398452326655388,61.24620056152344,0.07495951652526854,0.026055686175823208,98.5383071899414,scaling
150,0.47707056999206543,0.2090040147304535,1616.6915283203125,0.04929133504629135,0.03962428867816925,60.78765106201172,blasting
151,0.26509779691696167,0.04093752056360245,54.87393951416016,0.21175941824913025,0.009223286062479021,79.21604919433594,scaling
152,0.4875979125499725,0.05628909170627593,95.29402923583984,0.02407481148838997,0.08112720400094987,1343.3199462890625,drilling
153,0.3259962797164917,0.018535166978836056,77.73758697509764,0.07618488371372224,0.025636591017246246,337.4271545410156,scaling
154,0.4880276024341583,0.46876978874206543,58.434383392333984,0.023012565448880196,0.08487206697463989,692.5838012695312,drilling
155,0.4879494905471802,0.4388283491134644,137.10781860351562,0.06049162521958351,0.03228744491934776,643.5092163085938,drilling
156,0.010292974300682545,0.004550783894956112,76.56615447998048,1.008029222488403,0.0019375695846974848,1651.612060546875,microseismic
157,0.3871681690216064,0.06583987921476364,62.29363250732422,0.0792522057890892,0.02464453876018524,284.1142578125,scaling
158,0.1453125774860382,0.14515632390975952,228.7841033935547,1.1946204900741575,0.0016349348006770015,41.29030227661133,electric noise
159,0.4226955473423004,0.11142583936452864,90.39704895019533,0.05998192355036736,0.03256218135356903,586.710693359375,scaling
160,0.4865627586841583,0.10007818043231964,57.75478744506836,0.041781872510910034,0.046745579689741135,487.09030151367193,scaling
161,0.48375025391578674,0.09556645900011063,55.00085449218751,0.030747609212994572,0.06352140754461288,173.64332580566406,electric noise
162,0.48720729351043696,0.4589650928974152,62.84102630615234,0.017581818625330925,0.11108779162168501,1165.8282470703125,drilling
163,0.48792994022369374,0.069941446185112,100.06925201416016,0.03369385749101639,0.05796686932444573,245.93695068359372,scaling
164,0.46683618426322937,0.08431645482778549,51.02699661254882,0.044210366904735565,0.04417804256081581,156.37176513671875,scaling
165,0.004160158336162567,0.00025390638620592654,132.2891082763672,2.1320934295654297,0.0009160598856396973,4086.3828125,microseismic
166,0.487402617931366,0.037324238568544395,77.71907806396483,0.028100427240133286,0.06950505822896957,558.0601806640625,drilling
167,0.4840432405471802,0.41822287440299993,464.7156066894531,0.020273379981517792,0.0963393822312355,1055.6907958984375,drilling
168,7.812504190951586e-05,3.906252095475793e-05,122.28483581542967,42.428726196289055,4.603310662787408e-05,25599.986328125,electric noise
169,0.15119148790836334,0.00787109788507223,59.094505310058594,0.15697874128818512,0.012441933155059814,66.14128875732422,scaling
170,0.48761746287345886,0.26210951805114746,196.5657501220703,0.02393406815826893,0.08160485327243806,2093.8544921875,drilling
171,0.48318386077880854,0.09523442387580872,60.477436065673835,0.034761492162942886,0.05618658289313316,755.406005859375,scaling
172,0.29503920674324036,3.906252095475793e-05,145.2115020751953,1.2064365148544312,0.0016189164016395807,20.336280822753903,electric noise
173,0.44484397768974304,0.2044532299041748,1723.92333984375,0.0427422858774662,0.04569547250866889,128.1348114013672,blasting
174,0.474336177110672,0.4693166613578796,50.46390914916992,0.040708739310503006,0.047978118062019355,257.2015380859375,scaling
175,0.4876369833946228,0.29943376779556274,104.57679748535156,0.021569121628999714,0.09055195003747939,2110.17626953125,drilling
176,0.00015625008381903172,7.812504190951586e-05,61.942359924316406,21.78603744506836,8.96503624971956e-05,12799.9931640625,electric noise
177,0.34544941782951355,0.010839849710464476,143.8970947265625,0.02894585765898228,0.0674750879406929,81.0538330078125,blasting
178,0.48828151822090154,0.37468770146369934,220.2958984375,0.020524704828858372,0.09515978395938872,1568.76708984375,drilling
179,0.48527368903160095,0.22511731088161469,1601.3394775390625,0.0573611818253994,0.0340496264398098,63.88147735595703,blasting
180,0.4877541661262512,0.23431652784347531,624.2699584960938,0.022561881691217422,0.08656732738018036,1621.7186279296875,drilling
181,0.10939458757638933,0.01353516336530447,102.23026275634764,0.15719833970069885,0.012424565851688383,548.4732055664064,scaling
182,0.00011718756286427379,5.8593781432136886e-05,116.9762496948242,28.247638702392575,6.914297409821302e-05,17066.658203125,electric noise
183,0.19574229419231412,0.005078127607703209,145.54193115234375,0.0824473425745964,0.023689471185207367,250.32913208007807,scaling
184,0.003085939213633537,0.0016601571114733815,107.06501770019533,1.963555097579956,0.0009946887148544192,1296.2017822265625,microseismic
185,0.48734399676322937,0.21570323407649997,85.79425811767578,0.02095134928822517,0.09322182089090349,1233.2152099609375,drilling
186,0.48828151822090154,0.10783208906650545,73.67066192626953,0.015417155809700487,0.12668567895889282,702.463623046875,drilling
187,0.45916041731834406,0.4348830580711365,80.0541000366211,0.054257456213235855,0.035997357219457626,320.1495361328125,drilling
188,0.48744165897369374,0.23462903499603271,779.8225708007811,0.025851422920823097,0.07555188983678818,1325.286865234375,drilling
189,0.4880861937999725,0.00015625008381903172,235.79759216308597,0.02350986748933792,0.08307676017284393,2046.7696533203125,drilling
190,0.46666041016578674,0.09248051792383194,55.92326736450195,0.08127456903457642,0.02403121441602707,165.00221252441406,scaling
191,0.48771509528160095,0.29953140020370483,330.87469482421875,0.026940325275063515,0.07249830663204193,1568.5386962890625,drilling
192,0.48671901226043696,0.4490236639976501,116.26754760742188,0.020582465454936028,0.09489239752292632,441.7333068847656,drilling
193,0.3435744047164917,0.3434767425060272,61.31858444213867,0.5421149730682373,0.0036027831956744194,11.642311096191406,electric noise
194,0.03820314630866051,0.0027929702773690224,256.62310791015625,0.3393898606300354,0.0057548140175640574,366.46197509765625,scaling
195,0.3146876692771912,0.009980473667383194,7412.55224609375,0.020819364115595818,0.09381261467933655,724.5278930664062,blasting
196,0.48748072981834406,0.42015647888183594,118.20133972167967,0.04243572428822517,0.0460255928337574,369.24536132812494,drilling
197,0.01638672687113285,0.008984379470348358,85.12911987304686,0.4386223256587982,0.004452865570783615,2502.02490234375,microseismic
198,0.00015625008381903172,9.765630238689482e-05,86.30625915527342,22.716209411621094,8.597940905019641e-05,12799.9931640625,electric noise
199,0.47742211818695063,0.09966801851987839,89.96864318847656,0.060087721794843674,0.03250455856323242,203.17449951171875,scaling
200,0.16443368792533875,0.08677738904953003,54.616058349609375,0.06493162363767624,0.03007972054183483,273.66653442382807,scaling
201,0.48828151822090154,0.4380666315555573,425.2793884277344,0.024668656289577484,0.07917437702417372,1048.575439453125,drilling
202,0.4631838500499725,0.10505864769220352,88.4588394165039,0.06242071837186813,0.031289614737033844,414.52221679687506,drilling
203,0.4876369833946228,0.1191016286611557,89.82440948486328,0.019700195640325543,0.09914214164018632,1394.47998046875,drilling
204,0.00031250016763806343,3.906252095475793e-05,65.68628692626953,11.779908180236816,0.00016580146620981395,6399.99658203125,electric noise
205,0.4880276024341583,0.15753914415836334,119.41478729248045,0.01957379840314388,0.0997832342982292,1020.43408203125,drilling
206,0.41851586103439326,0.06427738070487976,141.50161743164062,0.08816594630479811,0.022152895107865334,234.1607818603516,scaling
207,0.48699244856834406,0.10744146257638933,179.70388793945312,0.025243641808629036,0.0773712769150734,1209.46435546875,drilling
208,7.812504190951586e-05,1.9531260477378964e-05,208.2969665527344,38.70450973510742,5.046249134466052e-05,25599.986328125,electric noise
209,0.48818385601043696,0.25457045435905457,179.10337829589844,0.01971450261771679,0.09907043725252151,1694.033935546875,drilling
210,0.47794947028160095,0.3461720645427704,118.0024642944336,0.02348172105848789,0.0831763744354248,602.5741577148438,electric noise
211,0.48781275749206543,0.4249807000160217,435.5318603515625,0.03036754764616489,0.06431610137224197,1398.077392578125,drilling
212,0.48158228397369374,0.3989064693450928,203.56732177734372,0.031914811581373215,0.061197903007268906,1077.697509765625,drilling
213,0.40777364373207087,0.07777348160743713,64.64483642578125,0.0935639813542366,0.020874682813882828,250.13877868652344,scaling
214,0.015429696068167686,0.005019533913582563,1252.1937255859375,5.550222396850586,0.0003519001184031368,259.2403564453125,electric noise
215,0.35375019907951355,0.07031253725290297,51.491153717041016,0.06770366430282593,0.028848005458712574,115.90099334716795,scaling
216,0.3475783169269562,0.045742213726043694,337.9646911621094,0.032111648470163345,0.060823190957307816,92.06558227539062,blasting
217,0.26189467310905457,0.11814459413290024,72.61874389648438,0.03129557892680168,0.062409091740846634,187.09811401367188,blasting
218,0.3431447148323059,0.1264258474111557,77.69776153564453,0.05029718205332756,0.03883174061775208,64.1128921508789,electric noise
219,0.1899219751358032,0.1721680611371994,79.75961303710938,0.08530344069004057,0.022896239534020424,415.9602966308594,scaling
220,0.4753518104553223,0.10019536316394805,65.90723419189453,0.03434390202164649,0.05686952546238899,96.77043151855469,electric noise
221,0.4870510399341583,0.12421881407499312,178.69834899902344,0.02177623100578785,0.0896904245018959,1642.538330078125,drilling
222,0.00011718756286427379,5.8593781432136886e-05,151.03164672851562,25.635746002197266,7.618760719196872e-05,17066.658203125,electric noise
223,0.21710948646068573,0.010410161688923836,63.80561065673828,0.17173756659030914,0.011372778564691544,280.9642333984375,scaling
224,0.0033007829915732145,0.0005078127724118531,86.59121704101561,2.7395884990692134,0.000712926615960896,4847.3349609375,microseismic
225,0.40552756190299993,0.01878907345235348,82.82613372802734,0.021073412150144577,0.09268224239349364,145.489501953125,blasting
226,0.39175802469253534,0.11564459651708602,76.259765625,0.033743154257535934,0.05788261070847511,68.92009735107422,blasting
227,0.4881252646446228,0.378457248210907,880.8211669921875,0.015196039341390131,0.12852855026721954,2146.989990234375,drilling
228,0.48828151822090154,0.22433605790138245,235.19381713867188,0.021435663104057312,0.09111605584621427,880.6395263671875,drilling
229,0.4532229006290436,0.09937505424022673,67.99806213378906,0.06588204950094223,0.029645947739481922,364.0592651367188,scaling
230,0.02285157516598701,0.009902348741889002,132.64694213867188,0.31850665807724,0.006132130976766348,262.56396484375,scaling
231,0.005449221469461918,0.0003320314281154424,233.97587585449216,0.6795148849487305,0.002874296391382813,367.02490234375,electric noise
232,0.47560572624206543,0.0882812961935997,64.8244857788086,0.01600310578942299,0.12204723805189133,134.56524658203125,electric noise
233,0.26699233055114746,0.02224610559642315,121.5439453125,0.12398406118154524,0.015753041952848434,198.507568359375,electric noise
234,0.12750007212162015,5.8593781432136886e-05,3903.718994140625,6.352663040161133,0.000307451089611277,31.37253189086914,electric noise
235,0.30382829904556274,0.008632817305624485,6046.72216796875,0.03592447564005852,0.05436748266220093,197.4799652099609,blasting
236,0.3995119333267212,0.1679297834634781,5052.7373046875,0.09733293205499648,0.020066361874341965,22.52748680114746,electric noise
237,0.4816604256629944,0.025156263262033463,88.97821044921875,0.02830018289387226,0.06901448220014572,107.95987701416016,electric noise
238,0.48792994022369374,0.1343946009874344,12.804365158081055,0.03053737245500088,0.06395886093378067,1828.13134765625,scaling
239,0.19964854419231412,0.0900781750679016,147.2366485595703,0.1513155698776245,0.01290760189294815,25.044010162353516,electric noise
240,0.3126954734325409,0.2876368761062622,101.51194763183592,0.09888329356908798,0.01975184679031372,326.1959533691406,scaling
241,0.1934961974620819,0.09964849054813384,59.77428817749024,0.31271496415138245,0.006245704367756844,165.3779296875,scaling
242,0.00017578134429641068,5.8593781432136886e-05,50.045806884765625,26.980653762817383,7.238987018354237e-05,11377.771484375,electric noise
243,0.3115236163139343,0.0997266173362732,64.16255950927734,0.1126165986061096,0.01734318397939205,121.98112487792967,scaling
244,0.4270900785923004,0.33449235558509827,6157.57373046875,0.04110332950949669,0.04751715436577797,124.09560394287108,blasting
245,0.18435557186603543,0.0054296902380883685,72.35476684570312,0.12103763967752457,0.0161365307867527,113.91030883789062,scaling
246,0.48792994022369374,0.3089649975299835,323.61282348632807,0.02112637273967266,0.09244968742132186,1865.0218505859373,drilling
247,0.396523654460907,0.009609379805624483,134.83677673339844,0.03347370773553848,0.058348283171653754,98.35478973388672,blasting
248,0.012597663328051569,0.002363282488659024,158.72462463378906,0.6612465381622313,0.002953700721263885,3333.95166015625,microseismic
249,0.27929702401161194,0.27132827043533325,4390.61279296875,0.10418661683797836,0.01874641329050064,71.60835266113281,electric noise
250,0.48490259051322937,0.4662893116474152,62.78694534301758,0.022600794211030006,0.08641887456178665,1680.75,drilling
251,0.15792977809906003,0.03447267413139343,171.6164398193359,2.0649735927581787,0.0009458346758037804,25.327713012695312,electric noise
252,0.48828151822090154,0.2481446713209152,4440.27880859375,0.0958411917090416,0.02037889137864113,24.575986862182617,blasting
253,0.3710939586162567,0.2721290588378906,124.71422576904295,0.024622652679681774,0.07932244986295699,99.70520782470705,blasting
254,0.30373063683509827,0.00914063025265932,3498.426025390625,0.037908349186182015,0.05152222886681557,144.86520385742188,blasting
255,0.48828151822090154,0.08798833191394806,181.0827789306641,0.019781772047281265,0.09873339533805849,2355.19873046875,drilling
256,0.0027148451190441847,0.0003515626885928213,150.95013427734375,2.590411424636841,0.000753982865717262,4788.48681640625,microseismic
257,0.4880861937999725,0.33095720410346985,56.03564834594727,0.016775814816355705,0.11642582714557648,1665.689453125,drilling
258,0.48781275749206543,0.07082035392522812,69.1141357421875,0.016441436484456062,0.1187932714819908,1510.8255615234375,drilling
259,0.03410157933831215,0.013281256891787052,55.10254669189453,0.1582559496164322,0.0123415756970644,146.6207733154297,scaling
260,0.004726564977318048,0.0012304694391787052,76.80764770507811,1.9241909980773924,0.0010150369489565492,3385.122314453125,microseismic
261,0.48814478516578674,0.2628321647644043,1136.343017578125,0.02621711976826191,0.0744984969496727,1847.8123779296875,drilling
262,0.015175789594650269,0.0058398470282554635,71.16519165039062,0.45544946193695063,0.004288347903639078,395.3665771484375,scaling
263,0.48796901106834406,0.42908227443695063,492.6607971191406,0.027607273310422897,0.07074646651744843,1250.079345703125,drilling
264,0.46476587653160095,0.08373051136732101,50.15469741821289,0.04418552666902542,0.04420283436775208,225.92019653320312,scaling
265,0.4865432381629944,0.4853322803974152,2339.965087890625,0.056878466159105294,0.03433847054839134,61.659473419189446,blasting
266,0.2682228088378906,0.11464849859476088,51.61078643798828,0.05394304171204567,0.03620723634958267,164.042724609375,scaling
267,0.3598439395427704,0.12562507390975952,177.33660888671875,0.02887371741235256,0.06764349341392517,47.24270248413086,electric noise
268,0.3719728589057922,0.01009766198694706,297.56109619140625,0.02761413902044296,0.07072912901639937,110.2230987548828,blasting
269,0.07025394588708878,0.0017382821533828972,830.2833862304686,0.24832521378993988,0.00786521565169096,185.04298400878903,electric noise
270,0.33584001660346985,0.013515632599592209,71.82613372802734,0.21699179708957672,0.009000920690596102,101.23867797851562,electric noise
271,0.009453129954636097,0.0013281257124617696,126.1657485961914,0.9988517761230468,0.001955371582880616,1163.6357421875,microseismic
272,9.765630238689482e-05,5.8593781432136886e-05,51.94674682617188,33.33778762817383,5.858595613972284e-05,20479.98828125,electric noise
273,0.4882424473762512,0.0784570723772049,731.1796264648436,0.025879794731736183,0.07546944916248322,892.9989624023436,drilling
274,0.48796901106834406,0.1013086512684822,59.05956268310546,0.037345763295888894,0.05229843780398369,297.1500244140625,scaling
275,0.43138694763183594,0.044023461639881134,55.826274871826165,0.08056455850601196,0.024242864921689037,50.99829864501953,scaling
276,0.3858400583267212,0.28207045793533325,406.45162963867193,0.026700295507907867,0.07315012067556381,90.7111587524414,blasting
277,0.48765650391578674,0.08337894827127457,64.2403564453125,0.020922191441059113,0.09335221350193024,863.3125610351561,drilling
278,0.4880080819129944,0.08771488815546036,375.1950378417969,0.027890881523489952,0.0700274333357811,1780.708251953125,drilling
279,0.29923844337463373,0.07228519767522813,2628.41015625,0.06138960644602776,0.03181513771414757,116.96358489990234,blasting
280,0.009980473667383194,0.0034765643067657948,53.91137313842773,0.9254849553108216,0.002110379980877042,2705.282470703125,microseismic
281,0.4872463643550873,0.3430079817771912,175.09620666503906,0.03453022986650467,0.05656322091817856,1356.603271484375,drilling
282,0.48818385601043696,0.12140631675720213,274.3669128417969,0.015406488440930843,0.12677310407161713,1605.9522705078125,drilling
283,0.32656267285346985,0.023964855819940567,50.613964080810554,0.17312094569206235,0.011281861923635004,45.93299102783203,scaling
284,0.012656256556510924,0.0036328143905848256,83.13990020751953,0.5708667635917664,0.003421335015445948,2291.35693359375,microseismic
285,0.19667978584766388,0.020605480298399925,52.05158996582031,0.1457078605890274,0.013404417783021925,91.51931762695312,scaling
286,0.0044726585038006314,0.001347656943835318,56.59487915039063,1.5130972862243652,0.0012908136704936624,3130.12939453125,microseismic
287,0.2596485912799835,0.19541026651859283,107.19108581542967,0.03024505078792572,0.06457628309726715,138.64892578125,blasting
288,0.4383205473423004,0.409218966960907,6034.5029296875,0.042347751557827,0.04612123593688011,57.03588485717773,blasting
289,0.48798853158950806,0.4758205711841583,344.3240966796875,0.021798014640808105,0.08960097283124924,926.2512817382812,drilling
290,0.3869338035583496,0.09853520989418028,72.22592163085938,0.06214870512485504,0.03142659738659859,214.5069732666016,scaling
291,0.27197280526161194,0.1999024450778961,5316.501953125,0.10316146165132523,0.018932698294520375,55.15257263183594,electric noise
292,0.23025402426719663,0.010195317678153515,75.06050872802734,0.03857848793268204,0.050627384334802635,134.6339111328125,blasting
293,0.05460940301418304,0.010507818311452864,915.8125,0.21032786369323728,0.009286090731620787,128.1830596923828,blasting
294,0.009218755178153513,0.0034570330753922462,174.8820343017578,1.0855988264083862,0.0017991247586905956,2928.81201171875,microseismic
295,0.4846877455711365,0.41677758097648626,203.4375457763672,0.029492149129509922,0.06622534990310669,682.9138793945312,drilling
296,0.004257814958691597,0.0031250016763806343,87.58622741699217,1.0651010274887085,0.0018337472574785352,704.5867309570312,electric noise
297,0.4879104197025299,0.2802931070327759,101.87474822998045,0.02637678198516369,0.07404734939336775,885.408447265625,drilling
298,0.25017592310905457,0.003867189632728696,181.6919403076172,0.08331182599067688,0.02344348654150963,655.5386962890625,drilling
299,0.19068369269371033,0.04681643098592758,120.49551391601562,0.049050383269786835,0.03981871530413628,141.5957489013672,blasting
300,0.02605470083653927,0.01964844763278961,186.17704772949216,0.6959729194641113,0.002806322881951928,844.3773803710938,scaling
301,0.4638674259185791,0.08191410452127457,54.42766571044922,0.040536031126976006,0.04818249866366386,77.60838317871092,scaling
302,0.17603525519371033,0.0034570330753922462,83.62670135498048,0.17434765398502347,0.011202471330761908,426.05102539062494,drilling
303,0.1417188197374344,0.022714855149388317,50.28129196166992,0.08885421603918076,0.02198123373091221,84.67471313476561,scaling
304,0.019628915935754776,0.006660159677267075,108.93560791015624,0.3489387333393097,0.005597325973212719,4381.29150390625,scaling
305,0.0023242200259119272,0.0017382821533828972,242.22100830078125,5.490439414978027,0.00035573216155171394,1721.0074462890625,electric noise
306,0.4882424473762512,0.0225195437669754,494.8454284667969,0.021161556243896484,0.09229597449302672,2197.6787109375,drilling
307,9.765630238689482e-05,5.8593781432136886e-05,220.28007507324216,34.46345520019531,5.667237201123498e-05,20479.98828125,electric noise
308,0.48828151822090154,0.027089858427643772,92.99888610839844,0.015920676290988922,0.12267888337373732,624.6396484375,drilling
309,0.2136133909225464,0.006601565983146429,102.0673599243164,0.2811717391014099,0.0069464012049138555,46.81354522705078,scaling
310,0.48537135124206543,0.1800000965595245,204.6858673095703,0.03557432442903519,0.05490252003073692,298.7403259277344,electric noise
311,0.3120900094509125,0.009062504395842552,1485.97021484375,0.061953771859407425,0.031525515019893646,64.08407592773438,blasting
312,0.3251954913139343,0.12738287448883057,59.662296295166016,0.5487773418426514,0.0035590582992881536,12.300293922424316,electric noise
313,0.48818385601043696,0.1907813549041748,79.7566452026367,0.014832634478807448,0.13167843222618103,1478.9510498046875,drilling
314,0.014726570807397364,0.004414064809679985,56.10033798217773,0.6809123754501343,0.0028683983255177736,1833.4207763671875,microseismic
315,0.46863305568695063,0.10457036644220352,54.79570770263672,0.06438983976840973,0.030332775786519047,328.6153259277344,scaling
316,0.34476581215858454,0.02382813766598701,361.5995788574218,0.029744230210781097,0.06566375494003296,89.91610717773438,blasting
317,0.48810574412345886,0.13281257450580597,57.46803283691406,0.0210807491093874,0.09264989197254181,1032.5631103515625,drilling
318,0.1183985024690628,0.0016992196906358004,104.85480499267578,0.4660905301570892,0.004190449602901936,211.1513214111328,scaling
319,0.0017382821533828972,0.0003320314281154424,65.94434356689453,3.2163369655609126,0.0006072514806874096,4026.964111328125,microseismic
320,0.4880471229553223,0.14453132450580597,91.21508026123047,0.01938343234360218,0.10076217353343964,1626.89208984375,drilling
321,0.3311915695667267,0.0036132831592112775,388.28326416015625,0.034755513072013855,0.05619627982378005,93.6014175415039,blasting
322,0.31826189160346985,0.029433609917759892,1211.0947265625,0.04296642541885376,0.04545711725950241,69.12545776367188,blasting
323,0.48646509647369374,0.41150411963462824,307.65020751953125,0.02966557815670967,0.06583807617425919,1930.2515869140625,drilling
324,0.15390633046627045,0.0049414089880883685,111.27919769287108,0.37022876739501953,0.005275443196296692,279.3907165527344,scaling
325,0.32960954308509827,0.046113304793834686,337.46746826171875,0.03314858302474022,0.05892034247517586,87.9828872680664,blasting
326,0.15888680517673492,0.005078127607703209,138.0669403076172,0.20673635601997373,0.009447403252124786,182.51988220214844,scaling
327,0.48828151822090154,0.02546876296401024,197.48480224609372,0.030739508569240567,0.06353780627250671,61.43996810913086,blasting
328,0.0022070324048399925,9.765630238689482e-05,101.5229721069336,1.872477889060974,0.0010430703405290842,906.1942138671875,electric noise
329,0.0004687502514570952,9.765630238689482e-05,63.1649284362793,18.89257049560547,0.00010338061838410793,6399.99658203125,electric noise
330,0.0047656274400651455,0.0006250003352761269,275.76272583007807,1.7109477519989011,0.001141545595601201,4616.39111328125,microseismic
331,0.3447267413139343,0.009277348406612871,689.3161010742188,0.0315609835088253,0.0618840679526329,133.43902587890625,blasting
332,0.4864065051078796,0.15548837184906003,406.6997985839844,0.026794450357556343,0.07289248704910278,1268.486328125,drilling
333,0.18750010430812836,0.013085944578051569,73.9295425415039,0.14019419252872467,0.013931646943092346,58.66663360595703,scaling
334,0.008906254544854162,0.0032031266018748283,51.943119049072266,0.8795393705368043,0.002220625057816505,2133.332275390625,microseismic
335,0.016503915190696716,0.003066407982259989,59.00029754638672,0.4953322112560272,0.003943060990422964,1272.42529296875,microseismic
336,0.48667994141578674,0.12095709890127182,703.2686157226562,0.03335710987448692,0.058552153408527374,795.1837768554686,drilling
337,0.3333595395088196,0.009394536726176737,57.738548278808594,0.055996038019657135,0.034879714250564575,17.998584747314453,electric noise
338,0.37556660175323486,0.05650393664836884,408.38647460937506,0.023892797529697415,0.08174534142017363,127.80689239501952,blasting
339,0.09720708429813384,0.06703128665685654,79.0623550415039,0.14956441521644592,0.013058777898550032,473.21655273437506,scaling
340,0.0020898447837680574,0.00031250016763806343,108.59074401855467,4.27982234954834,0.00045635679271072155,4785.04443359375,microseismic
341,0.35390645265579224,0.025488294661045074,354.82061767578125,0.032362889498472214,0.06035107001662254,118.67543029785156,blasting
342,0.48769557476043696,0.10300786793231964,115.4461669921875,0.02129805088043213,0.09170422703027725,1498.8858642578125,drilling
343,0.45119163393974304,0.20880870521068573,3064.1591796875,0.050937779247760766,0.03834362700581551,64.27423858642578,blasting
344,0.47560572624206543,0.03966799005866051,87.75512695312499,0.030377682298421856,0.06429479271173477,521.4403076171875,drilling
345,0.4851174354553223,0.0115039125084877,3338.608154296875,0.0534135140478611,0.036566171795129776,43.28848648071289,blasting
346,0.48792994022369374,0.35158222913742065,1020.9072265625,0.02478775195777416,0.078793965280056,1147.705810546875,drilling
347,0.30214861035346985,0.02964845299720764,5152.10791015625,0.029919255524873734,0.06527980417013168,344.20147705078125,blasting
348,0.41527366638183594,0.08863285928964615,92.62138366699217,0.19361045956611636,0.010087938979268074,31.304656982421875,scaling
349,0.28804701566696167,0.010488286614418028,2668.00048828125,0.04563196375966072,0.04280159622430801,145.8095245361328,blasting
350,0.043339867144823074,0.02804688923060894,52.38784027099609,0.2763301134109497,0.0070680901408195496,276.8813171386719,scaling
351,0.006074221804738045,0.000546875293366611,3785.442138671875,1.779120922088623,0.0010978045174852011,4445.013671875,microseismic
352,0.2771095335483551,0.06888675689697266,170.8946533203125,0.11346396058797836,0.017213614657521248,144.34725952148435,scaling
353,0.23617200553417203,0.0628320649266243,370.23559570312494,0.05810106545686722,0.03361582010984421,93.15244293212889,blasting
354,0.48615261912345886,0.19162119925022125,602.3777465820312,0.031284071505069726,0.06243186816573143,1910.9224853515625,drilling
355,7.812504190951586e-05,3.906252095475793e-05,119.60040283203124,37.91719818115234,5.1510294724721455e-05,25599.986328125,electric noise
356,0.35466817021369934,0.002363282488659024,303.05130004882807,0.02854285202920437,0.06842807680368423,135.3377685546875,blasting
357,0.48732447624206543,0.009296880103647709,179.57228088378906,0.022311696782708168,0.08753830939531326,1676.5010986328125,drilling
358,0.260351687669754,0.26015639305114746,3846.578857421875,1.376582622528076,0.0014188258210197091,15.3638334274292,electric noise
359,0.48673853278160095,0.2666993737220764,195.62445068359372,0.021817637607455254,0.08952037245035172,745.7802734375,drilling
360,0.48699244856834406,0.47966822981834406,56.75720977783203,0.024335063993930817,0.08025958389043808,585.2246704101562,drilling
361,0.387070506811142,0.38701191544532776,83.4503707885742,0.06677462905645369,0.02924956567585468,90.4228057861328,electric noise
362,0.355800986289978,0.041054710745811455,131.34060668945312,0.03266429901123047,0.05979397520422936,98.36959838867188,blasting
363,0.018652353435754776,0.010468755848705769,60.88711929321289,0.4938046336174011,0.003955264575779438,1661.9886474609375,microseismic
364,0.02351563796401024,0.018339853733778,102.8777847290039,0.33501532673835754,0.005829963367432356,85.04978942871092,electric noise
365,0.017148446291685104,0.006210940890014172,506.67895507812494,0.46270349621772766,0.004221117123961449,1749.4296875,microseismic
366,0.372910350561142,0.04083986580371857,136.804931640625,0.10036095976829527,0.01946102455258369,101.90116882324217,electric noise
367,0.3763869106769562,0.02763673290610313,351.8349609375,0.02391109988093376,0.08168309926986694,146.12623596191406,blasting
368,0.00015625008381903172,7.812504190951586e-05,251.1753387451172,19.62130355834961,9.954108827514574e-05,12799.9931640625,electric noise
369,0.28761735558509827,0.2378321588039398,171.0603485107422,0.05108086764812469,0.038235977292060845,73.013671875,blasting
370,0.005449221469461918,0.0014843757962808013,52.96060562133789,1.7986725568771362,0.0010858704335987568,1835.12451171875,microseismic
371,0.4186330437660217,0.3744923770427704,1691.866455078125,0.053761545568704605,0.03632950782775879,59.718170166015625,blasting
372,0.33101579546928406,0.0036523456219583754,394.8978271484375,0.02941367775201797,0.06640186160802841,108.75614166259764,blasting
373,0.31183609366416926,0.015195320360362528,6478.35595703125,0.03523486107587814,0.05543156713247299,169.96107482910156,blasting
374,0.0162500087171793,0.004667971283197402,53.80119323730469,0.493986576795578,0.003953802399337292,2030.7681884765625,microseismic
375,0.3895900547504425,0.06632816046476364,69.33537292480469,0.11021582037210464,0.017720814794301987,66.73681640625,scaling
376,0.10175786912441252,0.04046877101063728,62.26266479492188,0.19910795986652371,0.009809399954974653,226.02674865722656,scaling
377,0.4424611628055573,0.10007818043231964,64.30780792236328,0.04789462685585021,0.040779583156108856,409.07543945312494,scaling
378,0.2446680963039398,0.0002343751257285476,89.15608978271484,0.1283821016550064,0.01521333958953619,470.0245056152344,drilling
379,0.48798853158950806,0.07484378665685652,273.8070068359375,0.021748386323451996,0.0898054763674736,1633.235107421875,drilling
380,0.3860158324241638,0.25476574897766113,147.694580078125,0.024336531758308407,0.08025503158569336,88.07929229736328,blasting
381,0.48820337653160095,0.4711916446685791,355.3933410644531,0.02837980538606644,0.06882111728191376,622.6912841796875,drilling
382,0.004335939884185791,0.00013671882334165275,256.33319091796875,2.868128061294556,0.0006809759070165455,3690.088134765625,microseismic
383,0.32357439398765564,0.014902351424098015,389.3591003417969,0.0425633043050766,0.04588770121335983,64.90007019042969,blasting
384,0.43326196074485773,0.3346681594848633,1060.57373046875,0.04175520688295364,0.04677579551935196,94.63097381591795,blasting
385,0.013066412881016731,0.004296877421438694,67.64411163330078,0.7352672815322877,0.002656348515301943,1836.7703857421875,microseismic
386,0.4668947756290436,0.1248047575354576,288.82342529296875,0.06915441155433655,0.028242878615856167,559.012451171875,drilling
387,0.0005664065247401595,7.812504190951586e-05,78.78492736816406,11.398932456970215,0.0001713428646326065,5296.54931640625,electric noise
388,0.3993166089057922,0.023046886548399925,84.92942047119139,0.08145689219236374,0.02397744171321392,90.15402984619139,scaling
389,0.0012304694391787052,0.0011718756286427379,116.98319244384764,6.585695743560791,0.00029657094273716206,3250.791748046875,electric noise
390,0.014140632934868336,0.0019531259313225746,71.58646392822266,0.6414552927017212,0.003044834826141596,2050.82763671875,microseismic
391,0.48820337653160095,0.227168083190918,50.914447784423835,0.016561234369874,0.11793381720781326,1081.5164794921875,drilling
392,0.24849623441696167,0.16650399565696716,82.12262725830078,0.038120921701192856,0.051235012710094445,148.89561462402344,blasting
393,0.3553517460823059,0.04199220985174179,112.32220458984376,0.07501329481601715,0.026037031784653664,154.77621459960935,scaling
394,0.06292971968650818,0.014531257562339304,291.14599609375,0.1412646472454071,0.01382600236684084,158.9074249267578,blasting
395,0.3525392413139343,0.1602344661951065,61.76079940795898,0.05077558383345604,0.03846574202179909,201.39602661132807,scaling
396,0.4865822792053223,0.4632033705711365,3489.69287109375,0.045129802078008645,0.04327793791890144,78.09573364257811,blasting
397,0.021250011399388317,0.001308594481088221,72.90886688232422,0.43383330106735224,0.004502016119658946,2447.0576171875,microseismic
398,0.02759767137467861,0.010527349077165127,212.04806518554688,0.3147595226764679,0.006205142475664616,217.4096527099609,scaling
399,0.3339064419269562,0.010253911837935448,368.44732666015625,0.03803350403904914,0.05135302245616913,101.8249282836914,blasting
400,0.007910160347819328,0.0036132831592112775,69.12240600585938,1.0821043252944946,0.0018049328355118632,2528.393798828125,microseismic
401,0.48798853158950806,0.4684963524341583,957.9380493164062,0.036186505109071725,0.05397363379597664,454.9287109375,drilling
402,0.012773443944752216,0.004453127272427081,109.4446792602539,0.5558971166610718,0.00351346586830914,234.86227416992188,scaling
403,0.2062891721725464,0.03507814556360245,320.3548278808594,0.1333031803369522,0.0146517027169466,523.5369262695312,drilling
404,0.3263868987560272,0.009121098555624483,1112.456787109375,0.05339377745985985,0.036579664796590805,64.3408203125,blasting
405,0.23523449897766116,0.11982428282499312,109.93614959716795,0.04319721460342407,0.04521414637565613,123.28123474121092,blasting
406,0.25119152665138245,0.08517582714557646,280.3793029785156,0.031782716512680054,0.06145238503813744,139.33590698242188,blasting
407,0.48359400033950806,0.4570314884185791,111.07923889160156,0.05482741445302963,0.0356229804456234,256.4134521484375,scaling
408,0.4877736866474152,0.04166017845273018,1201.2708740234375,0.02930396609008312,0.06665082275867462,1984.52685546875,drilling
409,0.24191419780254364,0.16861337423324585,115.17788696289062,0.09870614111423491,0.019787250086665157,541.5142822265625,scaling
410,0.03550783172249794,0.01531250774860382,140.12548828125,0.15591183304786682,0.012527111917734146,788.5584106445312,scaling
411,0.4841408729553223,0.16970711946487427,50.9443359375,0.023151366040110588,0.08436340093612672,475.0683288574218,drilling
412,0.09382817894220352,0.005019533913582563,50.109317779541016,0.1868837922811508,0.010451003909111021,63.946674346923835,scaling
413,0.4571096301078796,0.07007816433906555,59.73230743408203,0.05926844477653504,0.032953884452581406,124.69656372070312,scaling
414,0.38875019550323486,0.00681640999391675,100.6065444946289,0.030988672748208042,0.06302699446678162,79.74272155761719,blasting
415,0.35017597675323486,0.3447072207927704,99.12809753417967,0.20660041272640228,0.00945361889898777,99.94974517822264,scaling
416,0.48037135601043696,0.0969141125679016,53.34436798095703,0.03492699936032295,0.05592057108879089,539.1661987304688,scaling
417,0.00029296890716068447,0.0002343751257285476,54.55687713623047,10.960663795471191,0.00017819413915276527,6826.6630859375,electric noise
418,0.004785158671438694,0.004375002346932888,4050.043212890625,3.39764142036438,0.0005748476833105087,835.91796875,electric noise
419,0.39175802469253534,0.37878927588462824,79.87504577636719,0.1201450377702713,0.016256410628557205,81.68307495117188,scaling
420,0.12220709770917892,0.1220899075269699,103.07257080078124,1.3302085399627683,0.0014682895271107554,49.09698486328125,electric noise
421,0.48761746287345886,0.42308616638183594,306.4490966796875,0.02598441205918789,0.07516457140445709,1607.8177490234375,drilling
422,0.13912117481231687,0.053828153759241104,244.23745727539065,0.04976635053753853,0.0392458550632,115.00765228271484,blasting
423,0.4882424473762512,0.4846877455711365,87.14926147460938,0.021568147465586662,0.09055583924055101,845.8912353515626,drilling
424,0.3484572172164917,0.11269537359476088,157.43798828125,0.03465406596660614,0.05636082589626312,80.35419464111328,blasting
425,0.06521487981081009,0.0012304694391787052,52.34398651123047,0.3494065105915069,0.005589829292148352,306.678466796875,scaling
426,0.4856447875499725,0.23958997428417203,520.6878662109375,0.03240564465522766,0.0602710135281086,691.8637084960938,drilling
427,0.4856838583946228,0.09816411882638931,53.35744857788086,0.04576321318745613,0.04267904162406921,67.9454345703125,scaling
428,0.25283217430114746,0.01177734974771738,65.58709716796875,0.11620303988456726,0.016807928681373596,126.56616973876952,scaling
429,0.3309376835823059,0.09976568073034286,117.09138488769533,0.09246812015771866,0.021122127771377563,99.71665954589844,scaling
430,0.01390625722706318,0.002734376583248377,147.32159423828125,0.6479867696762085,0.0030141433235257864,1078.651123046875,microseismic
431,0.3176368772983551,0.02285157516598701,6090.16064453125,0.04313237592577934,0.04528237134218216,113.33696746826172,blasting
432,0.260547012090683,0.1286719441413879,2974.29296875,0.06362611055374146,0.0306969340890646,80.59965515136719,blasting
433,0.4882619678974152,0.1857813447713852,174.714111328125,0.030511492863297462,0.06401292234659195,67.586669921875,blasting
434,0.3550978600978852,0.010996099561452864,204.8864288330078,0.02776995860040188,0.07033254951238632,107.01275634765624,blasting
435,0.1915430724620819,0.0004492189909797162,244.11688232421875,0.39902132749557495,0.0048947883769869804,109.6359176635742,electric noise
436,0.3097462654113769,0.03687502071261406,480.2421569824218,0.03262579068541527,0.05986441299319267,90.39656829833984,blasting
437,0.3930666148662567,0.09687504917383194,57.72372817993164,0.09356232732534409,0.02087518759071827,137.38128662109375,scaling
438,0.34281268715858454,0.04902346432209015,218.47203063964844,0.028958166018128395,0.0674462541937828,110.84770965576172,blasting
439,0.06667972356081009,0.005957034416496754,1797.8082275390625,0.10530205816030502,0.018547791987657547,179.96475219726562,blasting
440,0.4864846467971802,0.32119157910346985,788.5494995117188,0.03809962049126625,0.05126380920410156,682.447021484375,drilling
441,0.3957423865795136,0.018125008791685104,64.61946105957031,0.07877296209335326,0.024794446304440495,171.82894897460935,scaling
442,0.0003710939490702003,0.00029296890716068447,1284.792236328125,10.67218780517578,0.00018301082309335473,8084.206054687501,electric noise
443,0.48828151822090154,0.1538867950439453,280.41265869140625,0.021843545138835904,0.08941426128149033,1949.6949462890625,drilling
444,0.4875588417053223,0.09994146227836607,50.5712776184082,0.04893486574292183,0.039912570267915726,769.137939453125,scaling
445,0.2706642150878906,0.12841804325580597,246.72398376464844,0.052635528147220605,0.037106562405824654,114.5330581665039,blasting
446,0.00011718756286427379,5.8593781432136886e-05,67.1912612915039,25.557884216308597,7.641971023986115e-05,17066.658203125,electric noise
447,0.48619166016578674,0.3886916041374207,1647.2471923828125,0.04384683445096016,0.04454413428902625,88.44248962402342,blasting
448,0.48709011077880854,0.0043945335783064365,145.30677795410156,0.12808120250701904,0.015249056741595268,314.1102600097656,scaling
449,0.08013676106929779,0.00435547111555934,73.58920288085938,0.3672628402709961,0.005318065173923968,549.0614013671875,scaling
450,0.40187522768974304,0.05091799423098564,67.50643157958984,0.39800721406936646,0.004907252732664347,69.6733627319336,electric noise
451,0.013828132301568983,0.004492189735174179,356.87945556640625,0.4989195168018341,0.003914707340300083,216.94903564453125,scaling
452,0.3177540898323059,0.022949231788516045,3863.181884765625,0.03760676085948944,0.05193569511175156,100.7068099975586,blasting
453,0.02339844964444637,0.007910160347819328,144.76275634765625,0.32894882559776306,0.005937474314123392,1410.349853515625,microseismic
454,0.013886726461350916,0.005644534248858689,72.87082672119139,0.5894398093223572,0.003313529537990689,2016.31396484375,microseismic
455,0.4876369833946228,0.4387307167053223,1113.4302978515625,0.021194862201809883,0.09215091168880463,1433.443359375,drilling
456,0.3151368796825409,0.010742193087935448,5379.52734375,0.025217220187187195,0.07745211571455002,190.3934631347656,blasting
457,0.1366797536611557,0.11005865037441252,64.08294677734375,0.10670458525419237,0.01830410771071911,234.12391662597656,scaling
458,0.4346877336502075,0.05994143709540367,57.2932243347168,0.07753996551036833,0.02518856339156628,255.3557281494141,scaling
459,0.01390625722706318,0.005000002682209015,50.58851623535156,0.688018798828125,0.0028387666679918766,2516.8525390625,microseismic
460,0.08998052030801773,0.0016601571114733815,5992.67822265625,0.2563738822937012,0.007618272677063943,111.13516235351562,electric noise
461,0.002519532572478056,0.0006640628562308848,95.14118194580078,2.670718193054199,0.0007313107489608227,5953.4853515625,microseismic
462,0.36095723509788513,0.004199220798909664,242.17300415039065,0.13617832958698273,0.014342399314045906,11.081645011901855,scaling
463,0.08294926583766937,0.0829102024435997,85.80911254882812,2.524237871170044,0.0007737508276477456,36.16668701171875,electric noise
464,0.00029296890716068447,0.0002343751257285476,212.3032073974609,7.978874206542968,0.00024478716659359634,6826.6630859375,electric noise
465,0.032265640795230865,0.0288672037422657,103.27033233642578,0.45865741372108454,0.004258362576365471,1549.635986328125,microseismic
466,0.013281256891787052,0.006699222140014172,77.33411407470702,0.6122823357582092,0.003189913695678115,2032.9400634765625,microseismic
467,0.09308598935604095,0.024667982012033463,117.325439453125,0.1631614714860916,0.011970478110015392,784.2211303710938,scaling
468,0.00972656812518835,0.002929689129814505,93.59122467041016,1.2311373949050903,0.0015864394372329116,2261.84619140625,microseismic
469,0.4080080389976501,0.0870898887515068,57.253753662109375,0.07592219859361649,0.02572531998157501,88.23355865478516,scaling
470,0.30158218741416926,0.08472660928964615,52.79238510131836,0.052948638796806335,0.03688723221421242,2294.565185546875,electric noise
471,0.485722929239273,0.005820315796881913,141.95059204101562,0.02617157809436321,0.07462779432535172,936.748046875,drilling
472,0.44664087891578674,0.031191423535346985,153.62738037109375,0.02984369546175003,0.06544524431228638,530.6276245117188,blasting
473,0.4854690134525299,0.10593755543231964,290.9971923828125,0.023792270570993423,0.08209093660116196,751.8502807617188,drilling
474,0.00011718756286427379,7.812504190951586e-05,88.5277328491211,25.577133178710938,7.636219379492104e-05,17066.658203125,electric noise
475,0.34593769907951355,0.054687529802322395,320.2804260253906,0.030633164569735527,0.06375835835933685,95.39289855957033,blasting
476,0.25130873918533325,0.13775397837162015,4435.71630859375,0.060485851019620895,0.03229064494371414,115.39590454101562,blasting
477,0.3230665922164917,0.04580080509185791,175.7487640380859,0.04005183279514313,0.048765238374471664,95.95545196533203,blasting
478,0.017988290637731552,0.004023439716547728,111.18815612792967,0.729013979434967,0.002679134020581841,2446.03564453125,scaling
479,0.4880080819129944,0.11912115663290024,52.7277946472168,0.020597873255610463,0.09482178837060928,868.8380737304686,drilling
480,0.48828151822090154,0.1289258450269699,126.8642578125,0.014402762055397032,0.135607972741127,563.19970703125,drilling
481,0.4880276024341583,0.17416025698184967,67.07125091552734,0.01837371475994587,0.1063002273440361,735.6141357421875,drilling
482,0.14193366467952728,0.0623437836766243,54.78971862792969,0.11219773441553116,0.017407886683940887,493.1881408691406,scaling
483,0.33894550800323486,0.05175783857703209,282.8412170410156,0.033868107944726944,0.05766863375902176,82.60914611816406,blasting
484,0.015957040712237358,0.008476567454636097,90.5902633666992,0.4794051051139832,0.004074065014719963,1065.3604736328125,scaling
485,0.33449235558509827,0.01156250573694706,192.4136199951172,0.039920154958963394,0.04892565682530403,59.79209899902344,blasting
486,0.07203128933906555,3.906252095475793e-05,778.1099853515626,3.971635818481445,0.0004917684709653257,69.41427612304688,electric noise
487,0.43679711222648626,0.09835942834615709,96.27425384521484,0.0987563505768776,0.019777223467826843,119.04840850830078,scaling
488,0.35589861869812006,0.001132813049480319,52.19805145263672,0.11133740097284316,0.017542323097586632,61.81535720825195,scaling
489,0.002402344951406121,0.0017968759639188647,86.61870574951172,1.5858795642852783,0.0012315729400143027,2497.559814453125,electric noise
490,0.48814478516578674,0.09173832833766936,62.98352050781249,0.02431241609156132,0.08033445477485655,1669.586669921875,drilling
491,0.34451189637184143,0.0002734376466833055,134.86013793945312,0.11198945343494417,0.01744031347334385,26.12391662597656,electric noise
492,0.35982441902160645,0.0043945335783064365,88.71436309814453,0.19738106429576877,0.009895206429064272,72.25746154785155,scaling
493,0.35113298892974854,0.009746098890900612,568.0198364257812,0.029122840613126755,0.06706530600786209,99.67733001708984,blasting
494,0.48406276106834406,0.018652353435754776,14.815909385681152,0.046644028276205056,0.0418730042874813,706.5199584960938,scaling
495,0.015078132972121239,0.004042970947921276,235.58004760742188,0.5247766375541687,0.0037218218203634015,2453.884765625,microseismic
496,0.1884962022304535,0.003105470445007086,191.2657623291016,0.20980139076709747,0.009309394285082815,31.83087921142578,scaling
497,0.3575587868690491,0.1016797423362732,199.72399902343753,0.035532429814338684,0.05496735498309136,106.27622985839844,blasting
498,0.487187772989273,0.3067775070667267,880.1771240234374,0.026403130963444706,0.07397278398275374,1026.29833984375,drilling
499,0.44886744022369374,0.07863285392522813,54.8531379699707,0.05310611426830292,0.036777697503566735,104.70796966552734,scaling
500,0.1828126013278961,0.0018164071952924128,62.35249710083008,0.13769540190696716,0.014184385538101196,49.230743408203125,scaling
501,0.3728322386741638,0.10003911703824996,52.84158706665039,0.08163250982761383,0.02392572350800037,238.71325683593753,scaling
502,0.4879494905471802,0.2754102945327759,1110.12744140625,0.02721067890524864,0.0717775970697403,2086.281494140625,drilling
503,0.28738296031951904,0.0002734376466833055,4324.1298828125,1.4526716470718384,0.0013445051154121757,10.439032554626465,electric noise
504,0.040546897798776634,0.031347673386335366,58.66447067260742,0.2382660210132599,0.00819725077599287,419.267578125,scaling
505,0.4875198006629944,0.32572284340858454,1445.4229736328125,0.04531196132302284,0.04310408234596253,92.30393981933592,blasting
506,0.48380884528160095,0.4537892937660217,1803.6884765625,0.05444099009037018,0.035876207053661346,76.47648620605469,blasting
507,0.35453143715858454,0.0032226580660790205,52.96672821044922,0.10730307549238204,0.018201980739831924,39.48873901367188,scaling
508,0.002949220361188054,0.00031250016763806343,554.536865234375,3.646167039871216,0.0005356658366508782,4068.8720703125,microseismic
509,0.4870315194129944,0.09988286346197128,13.263407707214355,0.03358788788318634,0.05814979225397109,2096.37353515625,scaling
510,0.4860939979553223,0.3514845669269562,1202.7200927734375,0.030536793172359463,0.06395979225635529,1658.115478515625,drilling
511,0.09634770452976227,0.09628911316394805,161.90065002441406,1.4586055278778076,0.0013390368549153209,51.89537048339844,electric noise
512,0.3175196945667267,0.028808608651161197,2461.31689453125,0.03440765291452408,0.056764159351587296,185.81524658203125,blasting
513,0.08880864083766937,0.08349613845348358,65.26422119140625,0.3084501326084137,0.006332055665552616,157.6423187255859,scaling
514,0.24072279036045077,0.05136721581220626,93.8648681640625,0.02981797233223915,0.06550171226263046,141.24130249023435,blasting
515,0.26769545674324036,0.1052734926342964,76.11601257324217,0.06296582520008087,0.031018897891044617,806.8870849609374,drilling
516,0.48798853158950806,0.18376962840557096,58.59920883178711,0.02344721369445324,0.08329893648624419,780.7560424804686,drilling
517,0.02400391921401024,0.006386721972376108,58.933616638183594,0.27914392948150635,0.0069968458265066156,249.9591827392578,scaling
518,0.4732619822025299,0.09503911435604095,53.77819824218751,0.06380275636911392,0.03061179630458355,536.7006225585938,scaling
519,0.221777468919754,0.10048833489418028,67.01370239257812,0.040192734450101845,0.04859405755996704,130.7617034912109,blasting
520,0.31375017762184143,0.015742195770144463,6566.4267578125,0.0317545123398304,0.061507202684879296,165.73695373535156,blasting
521,0.27230483293533325,0.06513675302267075,61.8536491394043,0.07122998684644699,0.027419986203312877,150.56655883789062,scaling
522,0.3391017317771912,0.02123047970235348,56.20321273803711,0.08423207700252533,0.023187385872006416,215.27462768554688,scaling
523,0.16798837482929227,0.14941413700580597,59.73878860473633,0.10029207915067671,0.019474383443593975,464.31784057617193,scaling
524,0.3462892472743988,0.0789453536272049,52.18939208984375,0.11272232234477995,0.017326947301626205,236.79626464843753,scaling
525,0.48744165897369374,0.19130869209766388,337.8733825683594,0.02941173128783703,0.06640633195638657,1840.22021484375,drilling
526,0.1047852113842964,7.812504190951586e-05,429.8858337402344,1.6014128923416135,0.00121962814591825,38.17332458496094,electric noise
527,0.10226567834615707,0.052011746913194656,68.2436752319336,0.07414327561855315,0.026342563331127167,469.36569213867193,scaling
528,0.24673841893672943,0.016523446887731552,822.5308227539062,0.0530494712293148,0.03681690245866776,121.58625030517578,blasting
529,0.1202930361032486,0.09681645780801773,53.577674865722656,0.2515954375267029,0.007762965280562638,390.7125549316406,scaling
530,0.4812893271446228,0.42082053422927856,72.61221313476561,0.043150510638952255,0.04526302963495255,249.3302764892578,scaling
531,0.058750033378601074,0.05863284319639206,3350.808837890625,2.095985651016236,0.0009318412048742176,85.10633087158203,electric noise
532,0.487402617931366,0.46767604351043696,97.78089904785155,0.02070194110274315,0.09434457123279572,545.7500610351562,drilling
533,0.45851588249206543,0.0967969298362732,50.53546142578125,0.10469450801610947,0.01865552552044392,213.7330474853516,scaling
534,0.48701196908950806,0.3017970323562622,58.17229080200195,0.02055000700056553,0.09504283219575882,1314.1361083984375,drilling
535,0.41261741518974304,0.07744144648313521,72.35624694824217,0.08507386595010757,0.022958051413297653,310.2147216796875,scaling
536,0.48771509528160095,0.09960942715406416,56.07737350463867,0.020139059051871296,0.09698234498500825,857.0577392578125,drilling
537,0.4793362021446228,0.09294927120208739,56.39897918701172,0.04215632379055023,0.046330653131008155,198.1907501220703,scaling
538,0.38687521219253534,0.21123057603836057,1628.4925537109375,0.03718743845820426,0.0525212325155735,85.29882049560547,blasting
539,0.4147267937660217,0.21648448705673215,4171.16748046875,0.050710707902908325,0.03851506486535072,132.617431640625,blasting
540,0.29521501064300537,0.0317968912422657,450.92398071289057,0.038253288716077805,0.051057662814855576,91.4587631225586,blasting
541,0.03875002264976501,0.002695313887670636,62.91589355468751,0.3241350650787353,0.006025660317391157,1548.38623046875,microseismic
542,0.14708992838859558,0.13816413283348083,261.4109802246094,1.1501250267028809,0.001698186038993299,54.388496398925774,electric noise
543,0.27779310941696167,0.008906254544854162,293.96047973632807,0.055170368403196335,0.03540169820189476,75.5958251953125,blasting
544,0.00017578134429641068,0.00011718756286427379,94.55821228027344,20.983184814453125,9.308052540291101e-05,17066.658203125,electric noise
545,0.03917970880866051,0.0024414076469838615,50.02223587036133,0.639373779296875,0.003054751083254814,842.272705078125,scaling
546,0.22455090284347531,0.20478527247905728,4271.3212890625,0.06045658513903618,0.03230629488825798,120.23999786376952,blasting
547,0.00025390638620592654,0.00019531260477378964,120.55426025390624,13.277715682983398,0.00014709806418977675,7876.918945312499,electric noise
548,0.006757816299796104,0.0012500006705522535,186.0247344970703,1.3746345043182373,0.00142083247192204,2959.535888671875,microseismic
549,0.3059181272983551,0.0023046887945383787,2977.8388671875,0.04333118721842766,0.045074604451656335,130.75393676757812,blasting
550,0.09908208250999449,0.03308595344424248,55.10360336303711,0.3805755972862244,0.005132045596837997,444.0762634277344,scaling
551,0.26900404691696167,0.11292974650859831,2570.695556640625,0.06768947094678879,0.028854280710220337,130.1095733642578,blasting
552,0.009511724114418028,0.0032031266018748283,204.7229766845703,0.5793179273605347,0.0033714242745190855,525.6670532226562,scaling
553,0.03398439288139343,0.02638673223555088,576.8014526367188,0.541742205619812,0.0036052730865776535,1441.83837890625,microseismic
554,0.4799221456050873,0.21826183795928955,1981.7113037109373,0.04600915312767029,0.042450599372386925,81.26318359375,blasting
555,0.3469728529453277,0.08080082386732101,52.13519287109375,0.17329512536525726,0.01127057708799839,135.45729064941406,scaling
556,0.09162114560604095,0.0021093762479722496,72.65538787841795,0.14917345345020294,0.013093004003167152,207.37570190429688,scaling
557,0.48818385601043696,0.10203130543231964,76.04557037353516,0.0863371267914772,0.022622207179665565,184.3567657470703,scaling
558,0.4873830676078796,0.3919923901557922,62.70439910888672,0.020895740017294884,0.09347007423639296,814.5543823242188,drilling
559,0.21900402009487152,0.12580084800720215,89.09809112548828,0.05022832751274109,0.038885008543729775,136.98377990722656,blasting
560,0.22880871593952176,0.08386722952127457,72.36631011962889,0.11397795379161833,0.01713600568473339,65.55694580078125,scaling
561,0.2264844924211502,0.07089847326278687,59.99435043334961,0.07053163647651672,0.02769145555794239,379.71694946289057,scaling
562,0.44070336222648626,0.42011740803718567,107.12915802001952,0.09358622133731842,0.02086981758475304,136.14599609375,scaling
563,0.488164335489273,0.3356251716613769,128.6633148193359,0.02190598100423813,0.08915933966636658,2003.4237060546875,drilling
564,0.48734399676322937,0.09921880066394805,50.46555709838867,0.013964343816041946,0.13986553251743317,648.41259765625,drilling
565,0.2951173484325409,0.26888686418533325,1875.5480957031248,0.07907311618328094,0.024700317531824112,223.6398468017578,electric noise
566,0.2516993582248688,0.002246094867587089,147.9202423095703,0.3170486688613892,0.0061603658832609645,218.51466369628903,scaling
567,0.017734384164214134,0.006933597382158041,58.58392333984375,0.5109791159629822,0.0038223194424062967,1409.69091796875,microseismic
568,0.0009765629656612873,0.0008593754610046744,550.8565673828125,7.239995002746582,0.0002697689924389124,4095.998046875,electric noise
569,0.014863288961350916,0.0046484400518238544,499.7687377929688,0.5907939076423645,0.0033059383276849985,1278.3173828125,scaling
570,0.28712907433509827,0.05416018515825272,52.080101013183594,0.06746123731136322,0.02895195223391056,668.6888427734375,scaling
571,0.47671899199485773,0.3256642520427704,4081.927978515625,0.05269777774810791,0.037062764167785645,58.73480987548828,blasting
572,0.48439478874206543,0.325351744890213,189.99005126953125,0.02875416912138462,0.06792498379945755,1139.56640625,drilling
573,0.4828713536262512,0.0885547325015068,164.5011749267578,0.019201304763555527,0.1017185002565384,111.8310317993164,blasting
574,0.12894538044929504,0.004667971283197402,86.4911117553711,0.17438240349292755,0.011200244538486004,317.9640808105469,scaling
575,0.487187772989273,0.42353537678718567,104.3814468383789,0.02771911397576332,0.07046162337064743,1221.2950439453125,drilling
576,0.4831447899341583,0.1251758486032486,146.72882080078125,0.05327327549457551,0.03666231408715248,372.55911254882807,scaling
577,0.0032226580660790205,0.0005078127724118531,64.60994720458984,2.602541446685791,0.0007504687528125941,6826.66259765625,microseismic
578,0.4863869845867157,0.4351760149002075,792.6880493164062,0.03286450728774071,0.0594296008348465,1169.850341796875,drilling
579,0.31585955619812006,0.014980476349592209,371.81323242187506,0.03796537220478058,0.0514448918402195,60.153316497802734,blasting
580,0.48601588606834406,0.003261720528826117,90.04713439941406,0.02153368853032589,0.09070110321044922,508.2138366699218,drilling
581,0.3945509791374207,0.26562514901161194,73.78662109375,0.03843825682997704,0.05081184208393097,610.8209228515625,scaling
582,0.48828151822090154,0.47316431999206543,98.75710296630861,0.02287941984832287,0.08536647260189056,1456.127197265625,drilling
583,0.4880471229553223,0.361953318119049,81.25613403320312,0.01992719434201717,0.09801308810710907,1256.0262451171875,drilling
584,0.48769557476043696,0.4659377634525299,166.4524383544922,0.024600544944405556,0.07939375191926956,2187.84033203125,drilling
585,0.027578139677643772,0.023808605968952175,82.90629577636719,0.560121476650238,0.003486965550109744,108.78181457519533,electric noise
586,9.765630238689482e-05,5.8593781432136886e-05,64.0156478881836,36.73685073852539,5.316530950949527e-05,20479.98828125,electric noise
587,0.4678713381290436,0.3047267198562622,2463.843017578125,0.07036296278238297,0.02775784023106098,36.334774017333984,blasting
588,9.765630238689482e-05,3.906252095475793e-05,3190.241455078125,36.98981475830078,5.280172626953572e-05,20479.98828125,electric noise
589,0.08238285779953003,0.02869142219424248,55.798526763916016,0.15537244081497192,0.012570628896355627,194.2151641845703,scaling
590,3.906252095475793e-05,1.9531260477378964e-05,81.34009552001953,65.07190704345703,3.0014885851414878e-05,51199.97265625,electric noise
591,0.38726583123207087,0.07292972505092621,183.46371459960935,0.02985350415110588,0.06542374938726425,103.28822326660156,blasting
592,0.4862698018550873,0.427773654460907,118.7667770385742,0.019649818539619442,0.09939627349376678,1122.83349609375,drilling
593,0.34462907910346985,0.04677736759185791,84.70988464355469,0.06845853477716446,0.02853011712431908,63.83675003051758,scaling
594,0.44959008693695063,0.09638676792383194,124.80422973632812,0.07165639847517014,0.02725687250494957,20.018234252929688,electric noise
595,0.4846682250499725,0.23462903499603271,574.0628051757812,0.03142337128520012,0.062154944986104965,792.2945556640626,drilling
596,0.45472681522369374,0.067988321185112,56.59706878662109,0.056672904640436166,0.034463025629520416,39.584205627441406,scaling
597,0.39712911844253534,0.041582055389881134,2458.790771484375,0.06310403347015381,0.030951011925935745,50.361454010009766,blasting
598,0.005703127942979336,0.0006835941458120942,89.64854431152342,1.6211522817611694,0.0012047751806676388,3857.5322265625,microseismic
599,0.1302735060453415,0.1302344501018524,3711.498291015625,25.534259796142575,7.649045437574385e-05,23.028472900390625,electric noise
600,0.48810574412345886,0.31228533387184143,240.70358276367188,0.026046236976981163,0.07498719543218611,1182.120849609375,drilling
601,0.017480477690696716,0.007304691243916751,62.789363861083984,0.5028289556503296,0.003884275211021304,1887.8203125,microseismic
602,0.45414087176322937,0.227636843919754,55.695625305175774,0.055804215371608734,0.034999758005142205,312.6783142089844,scaling
603,0.4857815206050873,0.10474614799022675,57.44483184814453,0.04462756961584091,0.04376518353819847,382.88818359375,scaling
604,0.3425001800060272,0.011699224822223186,63.27547454833984,0.0648687407374382,0.030108937993645668,157.66415405273435,scaling
605,0.4859572947025299,0.09853520989418028,434.4456176757813,0.02457938715815544,0.07946237176656723,2415.85009765625,drilling
606,0.30539077520370483,0.03724611550569534,73.87236022949217,0.12213840335607529,0.01599116064608097,193.19509887695312,scaling
607,9.765630238689482e-05,3.906252095475793e-05,108.1505661010742,56.352088928222656,3.465933696134016e-05,30719.984375,electric noise
608,0.17603525519371033,0.17115244269371033,145.06137084960935,0.11976136267185213,0.01630854792892933,45.44544219970703,electric noise
609,0.21804699301719663,0.1326172649860382,142.13204956054688,0.10098104923963545,0.019341519102454185,486.13372802734375,scaling
610,0.48392602801322937,0.10037114471197128,55.166702270507805,0.03658706694841385,0.0533830001950264,66.12580871582031,scaling
611,0.46033227443695063,0.3715040981769562,98.97631072998048,0.06288618594408035,0.03105810098350048,301.955810546875,scaling
612,0.48820337653160095,0.2930470407009125,337.42633056640625,0.029187748208642002,0.06691613048315048,1532.1483154296875,drilling
613,0.3346681594848633,0.30740252137184143,955.0444946289062,0.1009240299463272,0.019352458417415615,38.84444808959961,electric noise
614,0.012089850381016731,0.005390627775341272,73.4242172241211,0.7742516994476318,0.002522597787901759,2564.13427734375,microseismic
615,0.02462891861796379,0.001347656943835318,81.11226654052734,0.4056206941604614,0.004815154243260622,2476.76318359375,microseismic
616,0.2038477659225464,0.05427737161517143,118.78334045410156,0.045398909598588943,0.04302148148417473,117.73491668701172,blasting
617,0.005312502849847078,0.00025390638620592654,4936.04736328125,0.7275541424751282,0.0026845079846680164,376.4703979492188,electric noise
618,0.484472930431366,0.2269727736711502,640.274169921875,0.029384577646851536,0.06646756827831268,1096.0364990234375,drilling
619,0.35183611512184143,0.05253909155726433,263.03741455078125,0.030393077060580254,0.0642625093460083,127.90045928955078,blasting
620,0.028808608651161197,0.012539069168269634,66.87300872802734,0.2461267709732056,0.007935446687042713,208.27107238769528,scaling
621,7.812504190951586e-05,3.906252095475793e-05,588.1727294921875,43.32341003417969,4.508246638579294e-05,25599.986328125,electric noise
622,0.017500009387731552,0.00019531260477378964,54.475296020507805,0.6959348917007446,0.0028064833022654057,1371.4278564453125,drilling
623,0.00587890949100256,0.0008984379819594324,4193.47265625,1.6489194631576538,0.0011844888795167208,1871.0953369140625,microseismic
624,0.25548842549324036,0.031445328146219254,6268.83349609375,0.04327668994665146,0.04513098672032356,160.47694396972656,blasting
625,0.392422080039978,0.3675783276557922,120.49551391601562,0.0284075066447258,0.0687539279460907,101.93106079101562,blasting
626,0.006601565983146429,0.0013281257124617696,151.26246643066406,1.3088746070861816,0.0014922182308509944,2575.146484375,microseismic
627,0.48810574412345886,0.41251975297927856,927.5428466796877,0.028098834678530693,0.06950880587100983,1483.28515625,drilling
628,0.25714856386184687,0.014960945583879948,548.5498046875,0.052408386021852486,0.03726744279265404,62.22084045410156,blasting
629,0.12802740931510925,0.10001958161592484,144.33209228515625,0.14612889289855957,0.013365796767175196,257.7572937011719,scaling
630,0.3900978565216064,0.0023828137200325727,83.75917053222656,0.13049976527690887,0.01496661640703678,46.14226913452149,scaling
631,0.296367347240448,0.04941409081220626,73.1508560180664,0.12083853036165236,0.016163108870387077,37.1161003112793,scaling
632,0.2143360525369644,1.9531260477378964e-05,55.33014297485352,0.08013267070055008,0.02437368594110012,1297.0286865234375,drilling
633,0.33449235558509827,0.0036328143905848256,391.75592041015625,0.03474895656108856,0.05620671808719635,152.4698486328125,blasting
634,0.3317384719848633,0.006132815964519978,2438.65625,0.032481491565704346,0.06013077124953269,132.6345977783203,blasting
635,0.34554705023765564,0.011484380811452864,3068.0205078125,0.03910046815872192,0.04995147138834,115.7584762573242,blasting
636,0.009550786577165127,0.0025000013411045074,61.25066375732422,0.6668891906738281,0.0029287131037563086,1047.0341796875,microseismic
637,0.11781256645917892,0.09806645661592484,51.046142578125,0.2222318947315216,0.008788680657744406,755.437255859375,drilling
638,0.013730475679039955,0.006250003352761269,201.46762084960935,0.47767594456672663,0.004088807851076126,1820.7672119140625,microseismic
639,0.35781270265579224,0.009296880103647709,492.3914794921875,0.029079264029860497,0.06716569513082504,108.99557495117188,blasting
640,0.02583985775709152,0.0030078140553087,71.38678741455078,0.38498443365097046,0.00507326377555728,1818.8955078125,microseismic
641,0.47056666016578674,0.4543557167053223,5860.2021484375,0.07122663408517838,0.02742130123078823,46.75214385986328,blasting
642,0.02507813833653927,0.002949220361188054,216.34033203125,0.3809251487255096,0.005127327516674995,2073.51904296875,microseismic
643,0.40406271815299993,0.3150196969509125,89.79634857177734,0.02717963047325611,0.07185989618301392,69.29617309570312,scaling
644,0.3565431535243988,0.04619143158197402,317.0418395996094,0.027306320145726204,0.07152619957923889,92.55541992187501,blasting
645,0.3141603171825409,0.023320324718952175,5960.9443359375,0.040393684059381485,0.0483522079885006,133.689697265625,blasting
646,0.44486352801322937,0.006347659509629011,113.09814453125,0.059409148991107934,0.03287588059902191,170.8389129638672,scaling
647,0.1648438423871994,0.004140627104789019,94.10638427734376,0.08669747412204742,0.02252800576388836,212.32215881347656,scaling
648,0.48814478516578674,0.24316419661045077,349.77520751953125,0.03294184431433678,0.05929005146026611,1563.060791015625,drilling
649,0.48806667327880854,0.31673845648765564,52.18045425415039,0.020398445427417755,0.09574899077415465,1878.8416748046875,drilling
650,0.006210940890014172,0.001640625880099833,61.794532775878906,1.5446149110794067,0.0012644743546843529,4347.16748046875,microseismic
651,0.3248048722743988,0.01550782099366188,6247.33447265625,0.026663983240723606,0.07324932515621185,175.4899749755859,blasting
652,0.08705082535743713,0.02798829600214958,4258.8603515625,1.957147240638733,0.0009979441529139874,45.95016860961913,electric noise
653,0.4879104197025299,0.2921876609325409,938.7741088867188,0.029316335916519165,0.06662211567163467,1377.302001953125,drilling
654,0.3813283443450928,0.12269537895917892,119.88343811035156,0.02376975491642952,0.08216863870620726,65.56029510498047,blasting
655,0.0002734376466833055,0.0002148438652511686,92.12872314453124,9.97772979736328,0.0001957485656021163,7314.28173828125,electric noise
656,0.020605480298399925,0.005371096543967724,77.5494384765625,0.3026954233646393,0.006452444940805435,339.7154541015625,scaling
657,0.4878713488578796,0.1902930736541748,185.5373687744141,0.026082189753651615,0.07488397508859633,1576.2352294921875,drilling
658,0.36724629998207087,0.1239844411611557,418.07513427734375,0.04001203551888466,0.04881356656551361,103.47279357910156,blasting
659,0.016035165637731552,0.0047070337459445,55.28774642944336,0.4233999252319336,0.004612958524376154,1933.2509765625,microseismic
660,0.35060566663742065,0.2707423269748688,133.6968536376953,0.027989508584141728,0.06978059560060501,145.4625701904297,blasting
661,0.012441412545740604,0.004023439716547728,151.24810791015625,0.84295254945755,0.0023170055355876684,1687.9112548828125,microseismic
662,0.013574225828051569,0.004453127272427081,57.90018081665039,0.6750724911689758,0.002893207827582956,1989.0637207031248,microseismic
663,0.48781275749206543,0.1306641399860382,830.8821411132812,0.03221038356423377,0.060636267066001885,1660.47314453125,drilling
664,0.2882423400878906,0.005683596711605787,63.641632080078125,0.0847092866897583,0.02305675856769085,86.73257446289062,scaling
665,0.41412132978439326,0.09208989143371582,61.67519378662109,0.0326337106525898,0.059849698096513755,272.86688232421875,scaling
666,0.23083996772766116,0.128222718834877,1907.2561035156248,0.13017399609088895,0.015003968961536884,60.648075103759766,electric noise
667,0.4839650988578796,0.03355470672249794,551.4756469726562,0.03682105615735055,0.053043492138385766,690.1323852539064,drilling
668,0.06843753904104233,0.016835946589708328,306.4622802734375,0.10077909380197524,0.01938028819859028,263.0135498046875,blasting
669,0.4061135053634644,0.07359378784894942,55.67650985717773,0.05783588439226151,0.03377004712820053,115.73119354248045,scaling
670,0.226172000169754,0.040097676217556,51.929298400878906,0.03687584400177001,0.05296478420495986,504.04116821289057,drilling
671,0.48367214202880854,0.3505665957927704,688.8258056640625,0.03018508106470108,0.0647050067782402,225.35926818847656,electric noise
672,0.25021496415138245,0.0009765629656612873,152.48101806640625,0.33583417534828186,0.0058157206512987605,59.94845199584961,scaling
673,0.29205092787742615,0.17396493256092072,292.30426025390625,2.142351627349853,0.0009116720757447184,17.120302200317383,electric noise
674,0.14925789833068848,0.01390625722706318,61.41623306274414,0.1975082755088806,0.009888783097267153,40.19887924194336,scaling
675,0.4878713488578796,0.09964849054813384,51.541282653808594,0.024681413546204567,0.07913311570882797,629.2642822265625,drilling
676,0.48681667447090154,0.4709963500499725,713.7329711914064,0.033355988562107086,0.05855368450284004,940.805908203125,drilling
677,0.3623048961162567,0.34576189517974854,5035.32568359375,0.0598878376185894,0.032613012939691544,96.60372161865233,blasting
678,0.48806667327880854,0.23906262218952176,166.09808349609375,0.021527644246816635,0.0907265618443489,1354.3231201171875,drilling
679,0.43644553422927856,0.09535161405801773,67.04341888427734,0.05286582559347153,0.03694510832428932,183.29893493652344,scaling
680,0.04710939899086952,0.024199232459068295,1718.5484619140625,0.173286035656929,0.011271102353930472,191.044677734375,blasting
681,0.226191520690918,0.14814461767673492,168.33102416992188,0.1026882454752922,0.019019976258277893,1078.7318115234375,drilling
682,0.32611346244812006,0.09091801941394805,58.48233795166016,0.04545069113373757,0.042972523719072335,294.3760681152344,scaling
683,0.31636735796928406,0.009960942901670931,322.8295288085937,0.10546038299798964,0.018519962206482887,94.82646942138672,scaling
684,0.48619166016578674,0.46894556283950806,161.0162353515625,0.02487335540354252,0.07852251827716827,1783.247314453125,drilling
685,0.3664259910583496,0.11978521943092346,143.50869750976562,0.06376902014017105,0.030628321692347527,753.2216796875,drilling
686,0.48828151822090154,0.1524219512939453,558.0520629882812,0.02076322771608829,0.09406694769859314,1548.287109375,drilling
687,0.48769557476043696,0.10001958161592484,50.970561981201165,0.017464090138673782,0.11183611303567886,1638.317138671875,drilling
688,0.20675791800022125,0.0693945661187172,106.88990783691406,0.0865318551659584,0.02257111482322216,343.3967590332031,scaling
689,0.013691413216292858,0.002050782321020961,56.65953826904297,0.48165827989578247,0.004055007360875607,2702.423828125,microseismic
690,0.3856447339057922,0.012695319019258022,146.55650329589844,0.08565327525138856,0.022802693769335743,134.83912658691406,scaling
691,0.012910163030028343,0.003808595705777407,64.94251251220703,0.6379879713058472,0.0030613834969699383,3718.0009765625,microseismic
692,0.48814478516578674,0.16529305279254913,357.51483154296875,0.02787892334163189,0.0700574591755867,1157.4434814453125,drilling
693,0.48810574412345886,0.4652736783027649,97.60026550292967,0.08953709900379182,0.021813636645674706,346.2364501953125,scaling
694,0.488164335489273,0.41265648603439326,604.5926513671875,0.0235331654548645,0.08299504220485686,944.3541259765624,drilling
695,0.34820330142974854,0.09316411614418028,371.1700439453125,0.14787861704826355,0.013207627460360529,109.13164520263672,electric noise
696,0.26546889543533325,0.11234381049871443,104.75836944580078,0.031127776950597763,0.06274539232254028,124.308349609375,blasting
697,0.4882619678974152,0.3225196897983551,1103.898681640625,0.026485504582524296,0.07374297827482222,1935.4364013671875,drilling
698,0.3133595287799835,0.18060556054115293,7107.77783203125,0.02941531501710415,0.06639808416366577,137.22256469726562,blasting
699,0.4697268009185791,0.42876976728439326,110.26619720458984,0.05259458720684052,0.037135455757379525,144.76499938964844,scaling
700,0.2646681070327759,0.009785161353647709,61.985454559326165,0.1995612233877182,0.009787161834537985,79.34465789794922,scaling
701,0.4882619678974152,0.37650409340858454,248.2806701660156,0.026323841884732246,0.07419560849666595,1034.2808837890625,drilling
702,0.29037123918533325,0.026796888560056686,285.3646545410156,0.10223610699176788,0.01910405978560448,154.97402954101562,scaling
703,9.765630238689482e-05,5.8593781432136886e-05,219.1159820556641,34.38129043579101,5.68078103242442e-05,20479.98828125,electric noise
704,0.007011722307652235,0.00228515756316483,417.5635986328125,1.3085094690322876,0.0014926353469491005,4135.93115234375,microseismic
705,0.3347072005271912,0.012812506407499312,404.3517456054688,0.027734696865081787,0.07042181491851807,164.32272338867188,blasting
706,0.15011726319789886,0.029042983427643772,61.75343704223633,0.2258523553609848,0.008647795766592026,499.60943603515625,drilling
707,0.15644539892673492,0.007695316802710295,54.82817840576172,0.21803227066993716,0.00895796064287424,76.7040786743164,scaling
708,0.27570328116416926,0.072382852435112,181.2417907714844,0.04664760455489159,0.041869699954986565,119.69389343261717,blasting
709,0.3980275690555573,0.3664259910583496,1061.8885498046875,0.03033907525241375,0.06437674164772034,103.00794219970705,blasting
710,0.0010546881239861248,7.812504190951586e-05,131.1086273193359,6.6073246002197275,0.00029560012626461685,5688.8857421875,electric noise
711,0.44226586818695063,0.1679297834634781,2315.122314453125,0.09460227936506271,0.02064568363130093,18.088666915893555,electric noise
712,0.4877736866474152,0.4583205580711365,139.75718688964844,0.018229465931653976,0.10714119672775269,1672.906982421875,drilling
713,0.32042986154556274,0.006855472456663847,7224.452148437501,0.020150059834122654,0.09692903608083726,436.9130859375,blasting
714,0.3953322470188141,0.2399805933237076,91.36648559570312,0.029442261904478077,0.06633736193180084,129.0054168701172,blasting
715,0.47830104827880854,0.10003911703824996,50.353736877441406,0.04972498863935471,0.03927848860621452,411.87448120117193,scaling
716,0.4878713488578796,0.35353535413742065,395.9842224121094,0.02221263200044632,0.08792842924594878,846.5346679687501,drilling
717,0.32181659340858454,0.015195320360362528,6391.42529296875,0.030897676944732663,0.06321285665035248,189.5489654541016,blasting
718,0.32601580023765564,0.0044726585038006314,5423.52978515625,0.030497781932353973,0.0640416368842125,184.04016113281247,blasting
719,0.4848244786262512,0.4018361568450928,744.9912719726561,0.03062616474926472,0.06377320736646652,1796.5264892578125,drilling
720,0.48814478516578674,0.20878916978836057,6864.6572265625,0.03112166002392769,0.06275776773691177,331.8687438964844,blasting
721,0.4882619678974152,0.377304881811142,69.19274139404297,0.017416497692465782,0.11214197427034378,2211.92724609375,drilling
722,0.48792994022369374,0.1770704090595245,75.92567443847656,0.020196402445435524,0.09670686721801756,1908.0607910156248,drilling
723,0.333164244890213,0.21328136324882507,227.38186645507807,0.12942096590995789,0.015091272071003912,240.12181091308597,scaling
724,0.39666035771369934,0.0844922363758087,53.47389221191406,0.14373932778835297,0.013587988913059235,133.61557006835935,scaling
725,0.09314458072185516,0.07685551047325134,213.00695800781247,0.1284686177968979,0.01520315743982792,322.0799255371094,scaling
726,0.3685939610004425,0.06515628844499588,65.47581481933594,0.09844543784856796,0.019839717075228688,84.10338592529295,scaling
727,0.02267579361796379,0.005371096543967724,73.98907470703125,0.3678144216537476,0.0053100865334272385,529.1986694335938,scaling
728,0.028906265273690224,0.010507818311452864,82.76232147216797,0.30372530221939087,0.006430563982576132,968.6481323242189,microseismic
729,0.35894551873207087,0.239843875169754,134.8085479736328,0.025935208424925804,0.07530782371759415,130.9390869140625,blasting
730,0.428261935710907,0.09427739679813384,54.75683975219727,0.05982049182057381,0.03264979645609856,121.4210205078125,scaling
731,0.0039843772538006314,0.0003710939490702003,107.22755432128906,2.493170738220215,0.0007833906565792858,3513.723388671875,microseismic
732,0.48513698577880854,0.04716799408197402,622.5087890625,0.027897147461771965,0.07001179456710815,1125.455322265625,drilling
733,9.765630238689482e-05,3.906252095475793e-05,56.728565216064446,35.2180061340332,5.545816384255886e-05,20479.98828125,electric noise
734,0.48828151822090154,0.4729104042053223,59.3178825378418,0.018142905086278915,0.10765277594327927,614.399658203125,drilling
735,0.06431644409894943,0.005683596711605787,62.325881958007805,0.28136900067329407,0.006941503845155239,155.48123168945312,scaling
736,0.014667976647615433,0.014589851722121239,838.8291625976561,2.125189781188965,0.0009190362179651856,545.4058227539064,electric noise
737,0.47675806283950806,0.09416020661592484,51.107131958007805,0.03302081674337387,0.05914834514260292,287.35748291015625,electric noise
738,0.4880080819129944,0.4411721229553223,1215.877685546875,0.03384332358837128,0.057710785418748856,758.1841430664062,drilling
739,0.21228526532649997,0.1814454048871994,51.11589813232422,0.11545289307832717,0.01691705361008644,155.45120239257812,scaling
740,0.4794338643550873,0.3735548853874207,806.6691284179686,0.036932110786437995,0.05288425087928772,1249.3902587890625,drilling
741,0.13751959800720215,0.106621153652668,3056.21728515625,0.06385789811611176,0.03058554604649544,181.79226684570312,blasting
742,0.30996111035346985,0.0019140634685754776,2176.54248046875,0.04901730641722679,0.03984583914279938,112.91738891601562,blasting
743,0.48570337891578674,0.12519538402557373,634.0916137695312,0.026839779689908028,0.07277026027441023,2013.5745849609373,drilling
744,0.050410185009241104,0.0017187509220093489,52.51103973388672,0.4968775808811188,0.0039307912811636925,535.6060180664064,scaling
745,0.3196876645088196,0.03166017308831215,4238.79443359375,0.042678002268075936,0.04576425626873969,65.68911743164062,blasting
746,0.08845707774162291,0.06794925779104233,62.0274772644043,0.2377821654081345,0.008213935419917105,158.2688446044922,scaling
747,0.31929704546928406,0.009355473332107069,7318.100585937501,0.02128784917294979,0.09174787253141405,450.99069213867193,blasting
748,0.0005078127724118531,9.765630238689482e-05,67.0292739868164,11.391365051269531,0.00017145673336926848,7876.918945312499,electric noise
749,0.48269557952880854,0.11705084145069122,119.4486083984375,0.05395070090889931,0.036202117800712585,321.1133728027344,scaling
750,0.3786525428295136,0.09576176851987839,157.0355682373047,0.06293141096830368,0.03103574924170971,203.35266113281247,scaling
751,0.4758986830711365,0.09632817655801773,54.8577537536621,0.04776686057448387,0.04088876396417618,626.1837158203125,scaling
752,0.4252932071685791,0.30886736512184143,3878.3754882812495,0.10768818855285645,0.018136814236640927,49.37770080566406,electric noise
753,0.007968754507601261,0.0007812504190951586,160.54444885253906,0.9508293867111206,0.002054129028692841,3639.213623046875,microseismic
754,0.4325588345527649,0.10947271436452864,60.19959259033203,0.06505991518497467,0.0300203338265419,152.5803985595703,scaling
755,0.48828151822090154,0.14066414535045624,591.7819213867188,0.02270722761750221,0.08601347357034683,759.8075561523436,drilling
756,0.007011722307652235,0.0019531259313225746,227.0014190673828,1.2083446979522705,0.0016163663240149615,1283.5648193359375,microseismic
757,0.483769804239273,0.05996096879243851,429.4712524414063,0.02786306105554104,0.07009747624397278,696.6123046875,drilling
758,0.012695319019258022,0.004257814958691597,80.20170593261719,0.7505158185958862,0.0026023793034255505,2599.38330078125,microseismic
759,0.00076171918772161,3.906252095475793e-05,442.0068359375,7.19735050201416,0.0002713674330152571,3938.459228515625,electric noise
760,0.28410172462463373,0.00025390638620592654,113.11495971679688,0.07316524535417555,0.02669478766620159,535.0196533203125,drilling
761,0.48634791374206543,0.35750019550323486,217.686767578125,0.026295311748981476,0.07427650690078734,1453.69189453125,drilling
762,0.0124804750084877,0.0039843772538006314,57.40875244140625,0.5506597757339478,0.003546881256625056,2724.25537109375,microseismic
763,0.3652345836162567,0.014980476349592209,169.8644561767578,0.036029234528541565,0.054209258407354355,68.44915771484375,blasting
764,0.1489453911781311,0.1466602385044098,3240.27197265625,0.7836273908615112,0.0024924222379922862,67.13870239257812,electric noise
765,0.33132830262184143,0.3312697112560272,198.52622985839844,1.4751913547515867,0.0013239815598353744,9.054463386535645,electric noise
766,0.48828151822090154,0.10910162329673768,65.99315643310547,0.01858149841427803,0.10511164367198944,497.6637268066406,drilling
767,0.2672852873802185,0.15474617481231687,90.30625152587889,0.032596856355667114,0.05991769954562187,145.91151428222656,blasting
768,0.1526953876018524,0.06273441016674042,236.53771972656247,0.05575864389538765,0.035028211772441864,130.9797210693359,blasting
769,0.35931658744812006,0.013105475343763828,388.4674072265625,0.03055255301296711,0.06392703950405121,97.40713500976561,blasting
770,0.013496100902557371,0.003808595705777407,79.20022583007811,0.6518303155899048,0.0029963734559714794,3037.91455078125,microseismic
771,0.004863284062594175,0.00019531260477378964,111.89974975585936,0.7604640126228333,0.0025683359708637,411.2447509765625,electric noise
772,0.012714850716292858,0.0013867195229977367,113.46514892578124,0.7151997685432434,0.0027308838907629247,2438.093994140625,microseismic
773,0.48796901106834406,0.23816418647766116,381.7761840820313,0.026010075584053997,0.0750914216041565,2168.17041015625,drilling
774,0.24396497011184687,0.002265626098960638,52.39258575439453,0.12969082593917847,0.01505986414849758,45.08843994140625,scaling
775,0.19722667336463928,0.19714854657649997,132.34767150878906,1.4560093879699707,0.0013414238346740603,30.42184829711914,electric noise
776,0.4880080819129944,0.12378913164138793,161.94534301757812,0.02113275416195393,0.09242188185453416,1510.220947265625,drilling
777,0.4875979125499725,0.44830101728439326,85.42161560058594,0.022730825468897816,0.08592402189970016,1257.183349609375,drilling
778,0.48810574412345886,0.09986333549022673,52.41741180419922,0.028175789862871167,0.06931925565004349,1151.389892578125,drilling
779,0.011250006034970284,0.0038476584013551474,75.52629089355469,0.7606483697891235,0.002567711751908064,3377.77587890625,microseismic
780,0.48818385601043696,0.14082038402557373,145.21791076660156,0.022228132933378216,0.08786683529615402,2251.200927734375,drilling
781,0.29269546270370483,0.10400395840406416,2653.31298828125,0.060328155755996704,0.0323750339448452,109.32865142822264,blasting
782,0.43398460745811457,0.4335353970527649,374.1912231445313,0.12732426822185516,0.0153398048132658,39.171897888183594,electric noise
783,0.028105484321713448,0.010410161688923836,131.43719482421875,0.2981504201889038,0.006550812628120184,1850.1727294921875,microseismic
784,0.48828151822090154,0.13849617540836334,50.22542190551758,0.016412831842899323,0.11899984627962112,1964.0308837890625,drilling
785,0.3238087594509125,0.0010546881239861248,101.74771118164062,0.12210315465927124,0.015995677560567856,95.73551940917967,scaling
786,0.33800798654556274,0.25017592310905457,1210.72119140625,0.03686467558145523,0.052981063723564155,121.29891204833984,blasting
787,0.014843758195638657,0.0049414089880883685,77.44117736816406,0.5317946672439575,0.003672709688544273,2223.15673828125,microseismic
788,0.32943376898765564,0.010742193087935448,391.5799560546875,0.03774801269173622,0.05174128338694573,118.38494873046876,blasting
789,0.026738295331597328,0.0006835941458120942,58.02986145019531,0.5272518396377563,0.0037043462507426734,186.99771118164065,electric noise
790,0.4374807178974152,0.09800786525011063,58.2784309387207,0.05725647136569023,0.03411198407411575,132.5772705078125,scaling
791,0.4881252646446228,0.20341807603836057,272.8221740722656,0.025018641725182533,0.07806681096553801,2163.379150390625,drilling
792,0.03644533082842826,0.02470704540610313,564.5079956054688,0.4308792352676392,0.004532886203378439,1756.0548095703125,microseismic
793,0.48761746287345886,0.028925796970725056,72.66036987304686,0.022632874548435208,0.08629627525806427,873.6356811523436,drilling
794,0.48828151822090154,0.31085953116416926,51.642105102539055,0.012006601318717001,0.16267117857933044,761.8555908203125,drilling
795,0.02087891660630703,0.0014453132171183825,146.8396453857422,0.4530406892299652,0.004311149939894676,431.0568542480469,scaling
796,0.2421290427446365,0.03828126937150955,4822.041015625,0.059734150767326355,0.0326969139277935,128.03089904785156,blasting
797,0.4880276024341583,0.16494148969650269,120.6678466796875,0.022635791450738903,0.08628460019826889,2204.793212890625,drilling
798,0.3837111294269562,0.09382817894220352,50.81214141845703,0.08457785099744797,0.02309280075132847,75.57769012451172,scaling
799,0.0002734376466833055,0.0002148438652511686,66.9299545288086,19.680435180664062,9.924201003741473e-05,10971.4228515625,electric noise
800,0.4565041363239288,0.11189459264278412,68.86337280273438,0.039008114486932755,0.05006984248757362,429.3498840332031,scaling
801,0.00015625008381903172,9.765630238689482e-05,84.37654113769531,20.335113525390625,9.604697697795928e-05,12799.9931640625,electric noise
802,0.00013671882334165275,5.8593781432136886e-05,50.338863372802734,20.9346981048584,9.329611930297688e-05,14628.5634765625,electric noise
803,0.35906270146369934,0.15693368017673492,83.80960083007811,0.058280531316995614,0.033512264490127563,952.4798583984376,scaling
804,0.01218750700354576,0.0049804714508354655,72.48907470703125,0.6711146831512451,0.0029102719854563475,2051.28076171875,microseismic
805,9.765630238689482e-05,3.906252095475793e-05,454.2505798339844,35.79777908325195,5.4559983254875995e-05,20479.98828125,electric noise
806,0.00031250016763806343,0.00019531260477378964,4350.9453125,9.473410606384276,0.00020616922120098025,6399.99658203125,electric noise
807,0.48796901106834406,0.37525409460067755,271.0565795898437,0.02914866805076599,0.06700573116540909,1762.406982421875,drilling
808,0.009765630587935448,0.0019531259313225746,72.23599243164062,0.8086444735527039,0.002415309427306056,2355.19873046875,microseismic
809,0.003828126937150955,0.002011719858273864,178.710205078125,1.688149333000183,0.001156962476670742,2089.794921875,microseismic
810,0.182539165019989,0.004257814958691597,2985.681396484375,0.13089653849601743,0.014921195805072784,180.7831268310547,electric noise
811,0.4882229268550873,0.11648444086313248,73.96495819091795,0.024793995544314384,0.07877442240715027,1949.9289550781248,drilling
812,0.2938087582588196,0.003925783559679985,155.70745849609375,0.14442868530750275,0.013523056171834469,64.66791534423828,scaling
813,0.4880471229553223,0.33089861273765564,808.5509033203125,0.023742824792861935,0.08226177841424942,1567.4715576171875,drilling
814,0.05373049899935722,0.04164064675569534,498.3130798339844,0.14536164700984955,0.013436315581202509,130.2798309326172,blasting
815,0.018339853733778,0.0028320327401161194,65.74525451660156,0.5649833679199219,0.0034569604322314262,817.8909301757811,microseismic
816,0.38953146338462824,0.008769536390900612,89.25104522705078,0.11949212849140169,0.016345225274562836,223.34524536132807,scaling
817,0.01492188312113285,0.0039453147910535336,211.15347290039065,0.6118916869163513,0.003191946540027857,1943.4544677734373,microseismic
818,0.4158205389976501,0.23560559749603271,1552.2308349609375,0.04359054565429688,0.044806264340877526,91.38557434082033,blasting
819,0.48828151822090154,0.12611335515975952,144.31922912597656,0.01949911378324032,0.10016506910324097,1556.4791259765625,drilling
820,0.29964861273765564,0.00972656812518835,598.6432495117188,0.047548003494739526,0.041076689958572395,90.10553741455078,blasting
821,0.47917994856834406,0.25917983055114746,762.5119018554686,0.034963857382535934,0.05586135387420654,828.498779296875,drilling
822,0.4727737009525299,0.08462895452976227,58.17229080200195,0.040589116513729095,0.048119362443685525,835.494873046875,drilling
823,0.4880471229553223,0.11140631139278412,70.49728393554688,0.021329790353775024,0.09156791120767592,1571.569580078125,drilling
824,0.48798853158950806,0.48050805926322937,165.63436889648435,0.0230958703905344,0.08456578105688095,1280.767822265625,drilling
825,0.3095118701457977,0.0012109382078051567,94.03944396972656,0.4041059017181397,0.004833206068724394,64.61787414550781,scaling
826,0.3562111258506775,0.2715626358985901,153.84255981445312,0.02267748862504959,0.08612658083438873,106.67830657958984,blasting
827,0.4882229268550873,0.39136740565299993,267.9874572753906,0.02469174191355705,0.07910025864839555,1530.0386962890625,drilling
828,0.04472658783197402,0.006035159341990948,63.451263427734375,0.19181889295578,0.010182131081819534,89.43226623535155,scaling
829,0.4875979125499725,0.1762305647134781,50.6631965637207,0.020670870319008827,0.09448648989200592,1197.7081298828125,drilling
830,0.48828151822090154,0.32873064279556274,736.3270874023436,0.025759100914001465,0.07582300156354904,2160.638916015625,drilling
831,0.017519541084766388,0.0024414076469838615,74.01398468017578,0.4806621968746185,0.004063408356159925,1826.5318603515625,microseismic
832,0.015566414222121239,0.004921877756714821,71.87654876708984,0.6354814171791077,0.0030734569299966097,1092.0948486328125,microseismic
833,0.4394338428974152,0.07355472445487976,65.46540832519531,0.033680468797683716,0.0579899400472641,238.94381713867188,scaling
834,0.4799221456050873,0.30304703116416926,120.42525482177734,0.06198205053806305,0.0315111018717289,175.0283966064453,scaling
835,0.005664065480232239,0.00011718756286427379,3878.8198242187505,9.225626945495604,0.00021170654508750883,529.6549072265625,electric noise
836,0.012812506407499312,0.00318359537050128,110.22579956054688,0.7458745241165161,0.0026185726746916767,1092.682373046875,microseismic
837,0.47966822981834406,0.029042983427643772,102.8257064819336,0.0375526025891304,0.05201051011681557,519.1088256835938,drilling
838,0.4866213500499725,0.09490239620208739,962.2373046875,0.02495027706027031,0.0782807469367981,1222.716552734375,drilling
839,0.4812111854553223,0.29216811060905457,414.1151428222656,0.04158316552639008,0.04696903750300408,56.108421325683594,blasting
840,0.0004687502514570952,0.00019531260477378964,428.6882629394531,7.503387451171875,0.0002602992753963917,6399.99658203125,electric noise
841,0.012304694391787052,0.0013281257124617696,81.73226165771484,0.6793562769889832,0.002874964848160744,2438.093994140625,microseismic
842,0.48806667327880854,0.10941412299871443,152.7648773193359,0.025562290102243423,0.07640640437602995,1950.55322265625,drilling
843,0.488164335489273,0.2678126394748688,171.4846954345703,0.020733779296278957,0.09420046210289,1864.1263427734373,drilling
844,0.06351565569639206,9.765630238689482e-05,475.32739257812494,1.2833987474441528,0.0015218425542116163,47.23244857788086,electric noise
845,0.48828151822090154,0.30703142285346985,168.9593963623047,0.019137807190418243,0.10205569118261336,1546.2391357421875,drilling
846,0.4882229268550873,0.3346681594848633,234.00311279296875,0.020130002871155735,0.09702506661415101,1499.3150634765625,drilling
847,0.3232423663139343,0.013007819652557371,538.1912841796875,0.03803887218236923,0.05134544521570206,145.4017333984375,blasting
848,0.014570320025086401,0.0038476584013551474,77.82624053955078,0.7129824757575989,0.002739373594522476,1509.9188232421875,microseismic
849,0.016269540414214134,0.00833984836935997,186.07373046875,0.6151543259620667,0.003175016026943922,983.4328002929688,scaling
850,0.38953146338462824,0.15476571023464203,88.00386810302734,0.05623915791511536,0.03472905233502388,287.52490234375,scaling
851,0.004589846357703209,0.0012109382078051567,59.02194213867188,2.872981786727905,0.0006798256654292345,871.4888916015626,electric noise
852,0.23125012218952176,0.004003908485174179,58.62653350830078,0.12710940837860107,0.015365678817033768,164.32423400878906,scaling
853,0.3503517508506775,0.013925788924098015,359.90936279296875,0.026405971497297287,0.07396544516086577,117.0252456665039,blasting
854,0.4882424473762512,0.35027363896369934,160.1016082763672,0.01958085037767887,0.0997464433312416,1872.0207519531248,drilling
855,0.34652361273765564,0.03707033395767212,103.48777770996092,0.0844528079032898,0.023126933723688126,357.8399658203125,scaling
856,0.4872854053974152,0.13238288462162015,394.19732666015625,0.04072015732526779,0.0479646660387516,539.7247924804688,drilling
857,0.00029296890716068447,5.8593781432136886e-05,76.3790283203125,29.16353416442871,6.697151547996327e-05,6826.6630859375,electric noise
858,0.324863463640213,0.0131445387378335,552.4505004882812,0.037988513708114624,0.051413483917713165,132.36329650878906,blasting
859,0.42353537678718567,0.2052149474620819,92.92393493652344,0.019200848415493965,0.10172035545110703,602.0748291015625,scaling
860,0.0459570549428463,0.007031253539025784,2021.20556640625,0.18583782017230988,0.010509838350117207,217.59445190429688,blasting
861,0.48814478516578674,0.39667990803718567,173.52694702148435,0.021857431158423424,0.08935733884572983,2335.372802734375,drilling
862,0.48828151822090154,0.10003911703824996,53.57762145996094,0.02071387507021427,0.09429089725017549,1091.5833740234375,drilling
863,0.001425781985744834,0.00011718756286427379,133.1089630126953,3.177060842514038,0.0006147591047920288,1402.739013671875,electric noise
864,0.3348830044269562,0.014941413886845112,475.6441040039063,0.04007013514637947,0.048742547631263726,59.72235107421875,blasting
865,0.0009765629656612873,0.0009179692715406416,2403.492919921875,5.235339164733888,0.00037306582089513535,3071.99853515625,electric noise
866,0.111015684902668,0.1109570935368538,200.3804168701172,2.0538649559021,0.0009509531082585454,81.06962585449217,electric noise
867,0.009980473667383194,0.003144532907754183,150.0235137939453,0.9425182938575744,0.0020722418557852502,2104.108642578125,microseismic
868,0.4773635268211365,0.02025391720235348,2529.56982421875,0.03710607439279556,0.052636411041021354,104.74198150634764,blasting
869,0.007910160347819328,0.0006054691039025784,139.68527221679688,0.9515166282653807,0.002052645431831479,3539.751220703125,microseismic
870,0.4875979125499725,0.1416211724281311,138.92123413085935,0.02164929173886776,0.09021664410829544,1136.1820068359375,drilling
871,0.48828151822090154,0.10048833489418028,53.71520614624024,0.020228987559676167,0.09655079990625379,1482.751220703125,drilling
872,0.3231251835823059,0.07458988577127457,55.55508804321289,0.20017030835151672,0.009757298976182936,27.85298156738281,scaling
873,7.812504190951586e-05,3.906252095475793e-05,2449.76611328125,40.8975715637207,4.7756526328157634e-05,25599.986328125,electric noise
874,0.4768166542053223,0.4495510160923004,63.862815856933594,0.06570538133382797,0.029725486412644383,442.51809692382807,scaling
875,0.48820337653160095,0.13085944950580597,52.9460334777832,0.019623009487986565,0.09953268617391585,888.9737548828125,drilling
876,0.12878912687301636,0.08576176315546036,64.5913314819336,0.26546093821525574,0.007357487455010414,520.230224609375,scaling
877,0.4694924354553223,0.3901564478874207,153.8002471923828,0.06997339427471161,0.027912400662899017,276.894775390625,drilling
878,0.48033228516578674,0.09910161793231964,74.27183532714844,0.13612064719200134,0.01434845756739378,151.97811889648435,scaling
879,0.00013671882334165275,3.906252095475793e-05,56.9580192565918,22.688817977905277,8.608320058556274e-05,14628.5634765625,electric noise
880,0.38044941425323486,0.3608205020427704,188.0257873535156,0.107363224029541,0.018191762268543243,383.7566833496094,scaling
881,0.3134767413139343,0.2652149796485901,7499.23291015625,0.020407335832715034,0.0957065150141716,653.9559936523438,blasting
882,0.4550197720527649,0.09191410988569261,58.99101257324219,0.06531904637813568,0.029901305213570595,74.72203063964844,scaling
883,0.48667994141578674,0.020546885207295414,1003.2368774414062,0.021717213094234463,0.08993459492921829,3051.28662109375,drilling
884,0.2817579507827759,0.27794936299324036,611.2317504882812,0.06125381961464882,0.03188587725162506,266.1859130859375,electric noise
885,0.40355491638183594,0.0889844223856926,106.80622100830078,0.24808011949062347,0.007872913964092731,9.911910057067873,electric noise
886,0.4879494905471802,0.4441994428634644,957.0657958984376,0.03501753509044647,0.055775851011276245,1252.1788330078125,drilling
887,0.0002343751257285476,0.00017578134429641068,2755.4755859375,14.95376205444336,0.00013061102072242647,8533.3291015625,electric noise
888,0.3864455223083496,0.107109434902668,126.96389770507812,0.029529843479394913,0.06614058464765549,111.27053833007812,blasting
889,0.4881252646446228,0.019863292574882507,55.72484588623047,0.017876029014587402,0.10925998538732529,790.7806396484374,drilling
890,0.3218556344509125,0.042011741548776634,90.57107543945312,0.5104255676269531,0.003826468018814921,21.748880386352536,electric noise
891,0.10138677060604095,0.04228517785668373,63.558990478515625,0.17812007665634155,0.010965204797685146,907.4161987304688,scaling
892,0.37951192259788513,0.0019921886269003153,50.95848083496094,0.07239534705877304,0.02697857841849327,498.00805664062494,scaling
893,0.46351587772369374,0.08294926583766937,58.2365837097168,0.10884390026330948,0.017944203689694405,32.361351013183594,scaling
894,0.48828151822090154,0.4750393033027649,1588.835693359375,0.03551577776670456,0.05499320104718208,61.43996810913086,blasting
895,0.4880276024341583,0.4615432024002075,65.11497497558594,0.022766562178730965,0.08578892797231674,895.441162109375,drilling
896,0.2707423269748688,0.022460948675870892,3090.677001953125,0.05390581861138344,0.03623219579458237,121.88710784912108,blasting
897,0.0006445315666496754,5.8593781432136886e-05,59.571285247802734,13.438232421875,0.0001453409495297819,6206.0576171875,electric noise
898,0.482304960489273,0.4477346241474152,323.4045104980469,0.029403347522020336,0.06642540544271469,746.4157104492188,drilling
899,0.42113304138183594,0.09417973458766936,54.79307556152344,0.0668296068906784,0.029225410893559452,125.85096740722656,drilling
900,0.19753916561603543,0.004785158671438694,70.70401763916016,0.13270430266857147,0.014717865735292435,131.6194610595703,scaling
901,0.378281444311142,0.01658204011619091,176.78871154785156,0.029061598703265194,0.06720701605081558,87.23663330078125,blasting
902,0.012753913179039955,0.012714850716292858,145.89804077148435,2.2285044193267822,0.0008764289668761194,705.665771484375,electric noise
903,0.003027345286682248,0.0004492189909797162,76.06383514404298,2.803480863571167,0.0006966788787394762,3303.22412109375,microseismic
904,0.011132818646728992,0.0013671882916241884,769.9265747070312,1.4234834909439087,0.0013720743590965867,2245.61279296875,microseismic
905,0.3000587522983551,0.13101568818092346,3002.329345703125,0.04018745198845863,0.04860042408108711,153.30331420898435,blasting
906,0.0004296877305023372,0.0003710939490702003,162.3989715576172,8.197043418884277,0.0002382720122113824,6981.814453125,electric noise
907,0.0034375018440186977,9.765630238689482e-05,102.3375778198242,2.2501299381256104,0.0008680061437189579,4072.7250976562495,microseismic
908,0.346836119890213,0.019042978063225743,307.4203491210937,0.029013760387897488,0.06731727719306946,121.0946578979492,blasting
909,0.3632033169269562,0.2642970085144043,184.48403930664065,0.03130605071783066,0.06238832324743271,107.37787628173828,blasting
910,0.4389064908027649,0.08650395274162291,52.75437545776367,0.07147829234600067,0.02732468582689762,439.7291870117188,scaling
911,0.0004492189909797162,1.9531260477378964e-05,53.1581916809082,12.100592613220215,0.00016140748630277812,8904.3427734375,electric noise
912,0.122363343834877,0.011152349412441252,79.89850616455078,0.16474056243896484,0.011855779215693472,719.1696166992188,scaling
913,0.44599634408950806,0.33988299965858454,73.11505889892578,0.09184363484382627,0.021265828981995583,136.7724151611328,scaling
914,0.0025390638038516045,0.00031250016763806343,55.57666778564453,3.3950061798095703,0.0005752939032390714,3544.613525390625,microseismic
915,0.0016210946487262845,0.0015429696068167686,315.00537109375,1.849637150764465,0.001055950648151338,1233.7342529296875,electric noise
916,0.3879298865795136,0.10880865156650545,157.97463989257812,0.02814781852066517,0.06938835978507996,116.0003433227539,blasting
917,0.48673853278160095,0.40298849344253534,394.0939636230469,0.024699661880731583,0.07907465845346451,733.4533081054686,drilling
918,0.011054693721234798,0.005722659174352884,89.61516571044922,0.5771433711051941,0.003384126117452979,2804.23876953125,microseismic
919,0.013496100902557371,0.00029296890716068447,140.91604614257812,0.6239868402481079,0.003130074590444565,222.28642272949216,electric noise
920,0.00076171918772161,0.0006835941458120942,236.7317657470703,6.757270336151123,0.0002890407049562782,3938.459228515625,electric noise
921,0.1003320887684822,0.02476563863456249,265.4074401855469,0.0881260484457016,0.02216281183063984,179.4042205810547,scaling
922,0.026757827028632164,0.026562513783574104,4686.01416015625,5.247093200683594,0.0003722300461959094,112.11672973632812,electric noise
923,0.25042980909347534,0.08962895721197128,63.176544189453125,0.07258521020412445,0.026907999068498608,103.82150268554688,electric noise
924,0.3871095776557922,0.08398441970348358,205.78749084472656,0.037282925099134445,0.05238659679889679,82.66393280029295,blasting
925,0.4873830676078796,0.44375023245811457,130.22958374023435,0.022700531408190727,0.08603856712579726,958.1785278320312,drilling
926,0.48806667327880854,0.31011736392974854,1185.418212890625,0.028623485937714577,0.06823518127202988,2075.5361328125,drilling
927,0.1868751049041748,0.0033007829915732145,52.51998519897461,0.3357728719711304,0.0058167995885014525,74.91634368896483,scaling
928,0.48748072981834406,0.067500039935112,67.32810974121094,0.021075814962387085,0.09267184138298033,1128.249755859375,drilling
929,0.4859963655471802,0.21537120640277865,301.9891357421875,0.02636025659739971,0.07409336417913437,96.70854187011719,blasting
930,0.34652361273765564,0.05318362265825272,263.96124267578125,0.028423933312296867,0.06871413439512253,95.23160552978516,blasting
931,0.44697290658950806,0.05888675153255463,64.97914123535156,0.07838237285614012,0.02491784654557705,100.67724609375,scaling
932,0.4761916697025299,0.47056666016578674,312.33303833007807,0.09239057451486589,0.02113999053835869,73.49981689453125,scaling
933,0.48810574412345886,0.04111330211162567,65.29273223876953,0.019775427877902985,0.09876559674739836,663.7905883789064,drilling
934,0.4849221408367157,0.2367970049381256,671.4815673828125,0.032583221793174744,0.05994261428713799,828.9990844726561,drilling
935,0.367539256811142,0.09783208370208739,69.49459075927734,0.059758104383945465,0.032683804631233215,48.97436141967773,electric noise
936,0.46511742472648626,0.09742192924022673,63.33625793457031,0.08711371570825575,0.022420378401875492,163.39959716796875,scaling
937,0.030175797641277317,0.01552735175937414,124.00843048095705,0.29334020614624023,0.006658233236521482,2286.6005859375,scaling
938,0.48597681522369374,0.43568381667137146,78.99501037597656,0.02583133243024349,0.07561058551073073,934.200927734375,drilling
939,0.39662131667137146,0.030878921970725056,437.1785888671875,0.05965396389365196,0.0327407643198967,30.25555992126465,blasting
940,0.48681667447090154,0.003886720864102244,121.18610382080078,0.04753550142049789,0.04108764603734016,271.1492919921875,scaling
941,0.4827346205711365,0.4339064955711365,986.8668823242189,0.04060363769531249,0.04810209944844246,814.1118774414062,drilling
942,0.01925782300531864,0.009531254880130291,63.63446807861328,0.238712340593338,0.008181918412446974,207.70779418945312,scaling
943,0.48828151822090154,0.4827346205711365,218.42257690429688,0.02470494993031025,0.07905819267034529,2066.430908203125,drilling
944,0.010449224151670933,0.003085939213633537,153.4119110107422,0.9059697389602659,0.002155838999897241,2105.41943359375,microseismic
945,0.23867200314998624,0.03306642547249794,3191.829833984375,1.596054196357727,0.0012237156042829156,25.139102935791012,electric noise
946,0.48732447624206543,0.04097658395767212,95.38381958007811,0.018475648015737534,0.10571308434009552,1393.3221435546875,drilling
947,0.00015625008381903172,7.812504190951586e-05,886.2872924804686,21.813163757324215,8.953886572271585e-05,12799.9931640625,electric noise
948,0.3405470550060272,0.16066415607929227,210.6830596923828,0.03914210945367813,0.0498984195291996,70.47484588623047,blasting
949,0.1218164712190628,0.003085939213633537,111.400634765625,0.2878757417201996,0.006784628145396709,550.0077514648438,drilling
950,0.24544934928417203,0.005703127942979336,50.3391990661621,0.12692806124687195,0.015387672930955887,44.815765380859375,scaling
951,0.18402352929115293,0.05039065331220626,90.74735260009763,0.1104358360171318,0.017685670405626297,537.9746704101562,scaling
952,0.016445321962237358,0.0012890631332993507,234.81561279296875,0.6695498824119568,0.0029170725028961897,1276.9588623046875,microseismic
953,0.41425803303718567,0.3766603469848633,285.9538269042969,0.10115541517734528,0.019308168441057205,193.1163482666016,scaling
954,0.4871096312999725,0.08785160630941392,11.607908248901367,0.049251142889261246,0.03965619578957558,470.12005615234375,scaling
955,0.33441424369812006,0.010195317678153515,340.988525390625,0.04394612833857536,0.0444437712430954,74.75758361816406,blasting
956,0.12414069473743437,0.06068362668156624,96.4737548828125,0.08745814859867096,0.0223320871591568,410.8241882324218,scaling
957,0.0004687502514570952,0.00017578134429641068,61.599655151367195,12.285404205322264,0.00015897936827968806,10666.6611328125,electric noise
958,0.48798853158950806,0.1848047822713852,52.46417617797852,0.013327323831617832,0.14655013382434845,731.5745849609374,drilling
959,0.00076171918772161,0.0004296877305023372,189.82380676269528,10.683895111083984,0.00018281028314959255,5251.27880859375,electric noise
960,0.4080080389976501,0.3808205127716064,86.66212463378906,0.059245865792036057,0.03296652436256409,225.4857482910156,scaling
961,0.04410158470273018,0.044023461639881134,124.88552856445312,5.259730339050293,0.0003713360347319394,90.69969177246092,electric noise
962,0.1391797661781311,0.06818363070487976,61.906787872314446,0.08783421665430069,0.02223649434745312,531.6864624023438,scaling
963,0.20960949361324313,0.19330088794231412,118.31402587890624,0.07777456194162367,0.025112688541412357,653.5963745117188,scaling
964,0.4826369881629944,0.09677739441394805,53.956737518310554,0.07239046692848204,0.026980536058545113,33.15121078491211,scaling
965,0.3201759457588196,0.07609379291534422,163.0586700439453,0.1257450431585312,0.015532393939793108,187.3969573974609,electric noise
966,0.034023456275463104,0.0051367213018238544,3044.50439453125,0.35182711482048035,0.005551390815526247,264.5233764648437,blasting
967,0.4880861937999725,0.1833399385213852,160.72555541992188,0.020225748419761658,0.096565842628479,1440.3193359375,drilling
968,0.021054698154330254,0.007753910496830941,86.91828155517578,0.3361053168773651,0.005811049137264489,284.9720153808594,scaling
969,0.008554692380130291,0.0020312510896474123,174.0388641357422,1.1521902084350584,0.0016951416619122028,3273.057373046875,microseismic
970,0.4809182286262512,0.36771503090858454,315.4190979003906,0.03300778195261955,0.059171665459871285,800.5518798828125,drilling
971,0.03998048976063728,0.022207044064998623,1680.203369140625,0.16175352036952972,0.012074713595211504,200.09759521484372,blasting
972,0.26363295316696167,0.2514454424381256,109.93758392333984,0.1685515195131302,0.0115876579657197,102.41511535644533,scaling
973,0.3264259696006775,0.010996099561452864,2053.645263671875,0.0371631383895874,0.05255525559186936,147.047119140625,blasting
974,0.3903517723083496,0.09699223935604095,118.5723876953125,0.029384154826402664,0.06646883487701416,76.85375976562499,blasting
975,0.48671901226043696,0.4449025690555573,263.3177185058594,0.02413854002952576,0.08091331273317337,1873.7711181640625,drilling
976,0.44765648245811457,0.1314258575439453,63.93812561035156,0.2652510404586792,0.007363301236182451,71.48338317871094,electric noise
977,0.23957043886184687,0.029042983427643772,124.27180480957033,1.2310168743133545,0.0015865979949012399,20.870689392089844,electric noise
978,0.45865258574485773,0.09931646287441251,57.76284408569336,0.08271392434835435,0.02361295372247696,156.9815673828125,scaling
979,0.48050805926322937,0.45130884647369374,634.5469970703125,0.031424738466739655,0.06215269863605499,574.3920288085938,drilling
980,0.12001959234476088,0.09646489471197128,154.45266723632812,0.5302068591117859,0.0036836974322795864,133.3115692138672,scaling
981,0.3151368796825409,0.10072270780801772,75.6722412109375,0.027860878035426136,0.07010268419981003,136.44863891601562,blasting
982,0.015078132972121239,0.0013671882916241884,99.70193481445312,0.5748289227485657,0.0033977529965341087,2520.205810546875,microseismic
983,0.4882424473762512,0.0008203129400499165,3791.5302734375,0.05176153033971786,0.03773308545351029,57.34855651855469,blasting
984,0.4880861937999725,0.37976583838462824,195.15953063964844,0.023271758109331128,0.08392699062824249,86.05037689208984,blasting
985,0.27619156241416926,0.013203131966292858,5860.2021484375,0.05466215685009956,0.03573091700673103,112.24093627929688,blasting
986,0.48818385601043696,0.2220118343830109,6695.5009765625,0.028589382767677307,0.0683160349726677,381.0039978027344,blasting
987,0.46584010124206543,0.35119158029556274,223.0038299560547,0.026194922626018524,0.07456100732088089,111.62628173828124,electric noise
988,0.487890899181366,0.014707039110362528,101.1702651977539,0.021266942843794823,0.09183833003044128,1664.3065185546875,drilling
989,0.11634771525859831,0.11621099710464476,3753.954833984375,3.0355184078216553,0.0006434248061850667,25.784778594970703,electric noise
990,0.29933610558509827,0.16492196917533875,2184.9482421875,0.05121038854122162,0.03813926875591278,153.6734161376953,blasting
991,0.0005273440619930625,5.8593781432136886e-05,50.36731719970703,15.816608428955078,0.0001234858063980937,5688.8857421875,electric noise
992,0.013496100902557371,0.005820315796881913,93.06344604492189,0.7139489054679872,0.0027356671635061502,1926.4822998046875,microseismic
993,0.17740243673324585,0.020039074122905728,94.02899169921875,0.11127545684576035,0.017552228644490242,62.00591278076172,scaling
994,0.48810574412345886,0.3813283443450928,925.3458251953123,0.03139618784189224,0.06220917776226997,1372.6533203125,drilling
995,0.48066431283950806,0.002656251424923539,1048.9942626953125,0.030132368206977844,0.06481829285621643,1747.5814208984375,drilling
996,0.48820337653160095,0.35173848271369934,303.6922607421875,0.01711972802877426,0.11408627778291702,1620.2264404296875,drilling
997,0.3095118701457977,0.0043945335783064365,3410.0625,0.05071709677577019,0.038510248064994805,119.54307556152344,blasting
998,0.008320316672325134,0.0009570317342877389,339.65411376953125,0.7967998385429382,0.0024512142408639193,961.5018920898435,scaling
999,7.812504190951586e-05,3.906252095475793e-05,52.51164627075195,39.31971740722656,4.967294808011503e-05,25599.986328125,electric noise
1000,0.35570332407951355,0.002050782321020961,103.16834259033205,0.07920603454113007,0.0246588047593832,258.6425170898437,drilling
1001,0.010351568460464476,0.0018945322372019289,117.1264190673828,0.5602680444717407,0.0034860556479543447,386.4148864746094,scaling
1002,0.4880471229553223,0.1000586450099945,51.57942581176758,0.06301400065422058,0.030995000153779984,43.028633117675774,scaling
1003,0.48220729827880854,0.04273439943790436,183.18415832519528,0.029466817155480385,0.06628205627202988,891.732666015625,drilling
1004,0.4830666780471802,0.1827540099620819,108.64785003662108,0.04931344464421272,0.039606362581253045,250.48301696777344,scaling
1005,0.48828151822090154,0.1000586450099945,51.11151885986328,0.013820139691233633,0.1413234770298004,716.7996215820312,drilling
1006,0.41687521338462824,0.03425782918930054,70.86026000976562,0.07335661351680756,0.02662508375942707,119.93997192382812,scaling
1007,0.34330096840858454,0.008574223145842552,507.59771728515625,0.034323550760746,0.05690334737300873,116.51583862304688,blasting
1008,0.32955095171928406,0.013984382152557371,2746.80712890625,0.029928609728813168,0.06525952368974686,127.44615173339844,blasting
1009,0.13003912568092346,0.0038476584013551474,70.8796615600586,0.32504016160964966,0.006008893251419067,361.4296875,scaling
1010,0.2647266983985901,0.22742199897766116,3548.83056640625,0.05109020322561264,0.03822904825210571,120.87938690185545,blasting
1011,0.006406253203749657,0.001601563300937414,97.16374969482419,1.8008805513381958,0.001084539690054953,3121.94970703125,microseismic
1012,0.0034960955381393433,0.0034375018440186977,79.71222686767578,7.837048053741454,0.0002492171188350767,1716.2001953125,electric noise
1013,0.369277536869049,0.1567578911781311,88.66136932373047,0.09466455876827241,0.02063200436532497,59.575786590576165,scaling
1014,0.450410395860672,0.4264455437660217,3731.2236328125,0.08158642798662186,0.023939363658428192,13.321184158325195,electric noise
1015,0.3563673794269562,0.23199231922626493,246.22772216796875,0.08488834649324417,0.023008249700069427,165.55947875976562,scaling
1016,0.4882229268550873,0.42580100893974304,101.74166107177734,0.018382471054792404,0.10624945908784866,1620.1614990234375,drilling
1017,0.0021289074793457985,0.0015625008381903172,2202.728515625,1.4005330801010132,0.001394558814354241,2348.62255859375,electric noise
1018,0.4425588250160217,0.2945704758167267,2119.495849609375,0.051760651171207435,0.03773387521505356,61.008838653564446,blasting
1019,0.47595727443695063,0.09279301762580872,53.25225067138672,0.035260364413261414,0.05539146065711975,363.47799682617193,electric noise
1020,0.48798853158950806,0.32060563564300537,133.0233917236328,0.044485412538051605,0.04390494152903557,428.2887573242188,drilling
1021,0.1419532001018524,0.14191414415836334,5585.6103515625,2.2863757610321045,0.0008542452123947442,21.13372611999512,electric noise
1022,0.48664090037345886,0.19265635311603543,66.02079010009766,0.020071519538760185,0.0973082035779953,620.580810546875,drilling
1023,9.765630238689482e-05,5.8593781432136886e-05,116.60942077636717,33.52649688720703,5.825619882671162e-05,20479.98828125,electric noise
1024,0.0043164086528122425,0.0015429696068167686,85.0155258178711,1.882062911987305,0.0010377581929787991,4865.15576171875,microseismic
1025,0.3964650630950928,0.0220312625169754,60.4180793762207,0.08230403065681458,0.023730652406811718,161.42657470703125,scaling
1026,0.24154309928417203,0.0002148438652511686,127.57614135742188,0.08684218674898148,0.022490516304969788,20.700239181518555,electric noise
1027,0.21021495759487152,0.019882822409272197,110.06373596191406,0.034379176795482635,0.05681136250495911,118.92588806152344,blasting
1028,9.765630238689482e-05,3.906252095475793e-05,390.0276489257813,38.42005920410156,5.083610085421242e-05,20479.98828125,electric noise
1029,0.034707050770521164,0.0043945335783064365,216.24888610839844,0.2868253290653229,0.006809462793171406,1613.5050048828125,microseismic
1030,0.29070326685905457,0.1355078816413879,66.09349822998047,0.02984241582453251,0.06544813513755798,147.9171600341797,blasting
1031,0.47382837533950806,0.14890633523464203,63.58391189575195,0.26643234491348267,0.007330643478780986,56.98265838623047,electric noise
1032,0.4877736866474152,0.23677746951580048,76.77731323242188,0.01995877735316753,0.0978577733039856,1307.983642578125,drilling
1033,0.485937774181366,0.431679904460907,365.5169982910156,0.03724217414855957,0.05244417861104012,1053.6328125,drilling
1034,0.48828151822090154,0.08466801047325134,182.51422119140625,0.02156256139278412,0.09057978540658951,1617.9190673828125,drilling
1035,0.011738287284970284,0.0033984393812716007,58.25984954833984,0.7092146277427673,0.0027539257425814867,2555.739013671875,microseismic
1036,0.01984376087784767,0.004238283727318048,212.10577392578125,0.3278080224990845,0.005958143156021833,302.3620300292969,scaling
1037,0.3331056535243988,0.027226576581597328,183.006103515625,0.07553913444280624,0.025855764746665955,516.3526611328125,drilling
1038,0.013789069838821888,0.0020898447837680574,70.748291015625,0.6525876522064209,0.0029928924050182104,290.0848388671875,scaling
1039,0.2494923174381256,0.10296880453824996,2079.6357421875,0.05327951908111572,0.03665805235505104,88.17906951904298,blasting
1040,0.011406255885958672,0.003359376918524504,261.4266662597656,0.9126102328300477,0.002140153665095568,2279.450927734375,microseismic
1041,0.40246114134788513,0.3090822100639343,55.52084732055664,0.03645088896155357,0.05358240380883217,889.5268554687501,scaling
1042,0.333164244890213,0.2747657597064972,73.38373565673827,0.041191261261701584,0.04741593450307846,294.1492004394531,scaling
1043,0.33207049965858454,0.010566411539912224,431.89895629882807,0.044425491243600845,0.04396408051252365,72.27381134033203,blasting
1044,0.19658213853836057,0.18337900936603543,70.33016204833984,0.09988364577293397,0.019554000347852703,295.04205322265625,scaling
1045,0.4600783586502075,0.12326178699731825,55.751312255859375,0.06562450528144836,0.029762227088212967,221.7013702392578,scaling
1046,0.0002148438652511686,3.906252095475793e-05,1623.548828125,27.6860466003418,7.054549496388063e-05,13963.62890625,electric noise
1047,0.4877736866474152,0.09966801851987839,52.247802734375,0.017594128847122192,0.11101018637418746,1316.1842041015625,drilling
1048,0.36992207169532776,0.09851567447185516,66.6107177734375,0.04332103580236434,0.04508487880229949,86.50470733642578,scaling
1049,0.01341797597706318,0.00015625008381903172,65.74105072021484,6.836785316467285,0.0002856793871615082,223.58067321777344,electric noise
1050,0.3149806261062622,0.02345704473555088,182.66395568847656,0.1257592737674713,0.015530682168900967,146.0407257080078,scaling
1051,0.4880861937999725,0.14740242063999176,93.84893798828125,0.02658044919371605,0.0734802410006523,1069.4832763671875,drilling
1052,0.2430274784564972,0.08564458042383195,51.901679992675774,0.06777362525463104,0.028818329796195034,238.65614318847656,scaling
1053,0.15457040071487427,0.13285163044929504,6037.93310546875,0.05659685283899307,0.03450946882367134,310.53811645507807,blasting
1054,0.4810744822025299,0.09402348846197128,66.84007263183594,0.0521421954035759,0.03745772317051888,311.8020324707031,scaling
1055,0.32320329546928406,0.018984384834766388,2895.638916015625,0.029736986383795735,0.06568005681037903,111.38500213623045,blasting
1056,0.14095710217952728,0.07474613189697266,51.66258239746094,0.10424543917179108,0.018735846504569054,297.9629821777344,scaling
1057,0.43498069047927856,0.06953128427267075,55.72769165039063,0.08346337080001831,0.02340100333094597,85.06124877929686,scaling
1058,0.4880080819129944,0.010468755848705769,4494.07177734375,0.0472455844283104,0.04133965447545052,67.62183380126953,blasting
1059,0.46015650033950806,0.07419925928115843,3853.5283203125,0.13761563599109647,0.014192496426403522,58.675689697265625,electric noise
1060,0.48828151822090154,0.2641993463039398,62.456573486328125,0.025115665048360825,0.07776549458503723,612.3516845703125,drilling
1061,9.765630238689482e-05,3.906252095475793e-05,144.4235076904297,36.56719207763672,5.3411971748573706e-05,20479.98828125,electric noise
1062,0.4872658848762512,0.22207042574882507,1626.851806640625,0.04640185087919235,0.04209138825535774,84.14297485351561,blasting
1063,0.48750025033950806,0.015683602541685104,840.7138061523436,0.02297883667051792,0.08499716967344285,1764.1016845703125,drilling
1064,0.4882619678974152,0.48332056403160095,173.62220764160156,0.02270759642124176,0.08601200580596925,2080.85009765625,drilling
1065,0.48828151822090154,0.023769544437527657,201.45184326171875,0.024001918733119965,0.08137415349483491,2084.86279296875,drilling
1066,0.010078130289912224,0.0014648445649072528,85.51793670654298,0.7002213001251221,0.0027892959769815207,2877.517822265625,microseismic
1067,0.48783230781555176,0.00962891150265932,57.35317993164063,0.020522024482488632,0.0951722040772438,893.749755859375,drilling
1068,0.00013671882334165275,7.812504190951586e-05,467.0880126953125,27.13538932800293,7.197707600425929e-05,14628.5634765625,electric noise
1069,0.4751760363578796,0.07011722773313521,177.34982299804688,0.017048154026269913,0.11456511914730072,128.37347412109375,blasting
1070,0.08398441970348358,0.016074227169156075,91.19718933105469,0.07402404397726059,0.02638503350317478,547.7206420898438,electric noise
1071,0.4393947720527649,0.1367383599281311,120.18490600585936,0.0998593270778656,0.019558789208531376,154.75833129882812,scaling
1072,0.41380882263183594,0.11414068937301636,1318.1077880859375,0.03068864159286022,0.06364356726408005,159.4939422607422,blasting
1073,0.013066412881016731,0.00076171918772161,54.85361099243164,0.5948411822319031,0.0032834394369274378,1836.7703857421875,microseismic
1074,0.020703136920928955,0.007480472791939975,50.67372131347656,0.3149658441543579,0.0062010763213038445,338.1130065917969,scaling
1075,0.4882424473762512,0.4345314800739288,550.4014892578125,0.026882383972406387,0.07265460491180421,1173.5972900390625,drilling
1076,0.4882229268550873,0.008203129284083843,3169.255615234375,0.04612792283296585,0.0423414334654808,77.83329772949217,blasting
1077,0.2940821945667267,0.0019140634685754776,115.88532257080078,0.07673168182373047,0.025454018265008926,10.2012300491333,electric noise
1078,0.48748072981834406,0.3526369035243988,56.40097427368164,0.02250600792467594,0.0867825597524643,748.7475585937501,drilling
1079,0.46732446551322937,0.3070118725299835,265.2406616210937,0.027804452925920486,0.07024528086185455,79.17411041259764,blasting
1080,0.4802932143211365,0.0921875461935997,55.931148529052734,0.039530307054519646,0.049408331513404846,376.8531188964844,scaling
1081,0.045976586639881134,0.01009766198694706,88.87267303466797,0.17718681693077087,0.011023001745343208,195.75181579589844,scaling
1082,0.008261723443865776,0.0008593754610046744,59.00825119018555,1.191696047782898,0.0016389474039897323,4962.64501953125,microseismic
1083,0.16648446023464203,0.10205083340406416,99.41820526123047,0.1733807921409607,0.011264955624938011,90.09849548339844,electric noise
1084,0.487187772989273,0.0989258363842964,10.077170372009276,0.03327653557062149,0.05869380384683609,1855.54736328125,scaling
1085,0.00011718756286427379,7.812504190951586e-05,74.28298950195312,28.136417388916012,6.941630272194743e-05,17066.658203125,electric noise
1086,0.4868752658367157,0.02470704540610313,83.50629425048828,0.02460753917694092,0.07937116175889967,817.4578247070312,drilling
1087,0.48814478516578674,0.3312892317771912,80.82100677490233,0.022024158388376236,0.08868076652288436,122.91435241699217,blasting
1088,0.27095717191696167,0.0012109382078051567,92.86728668212889,0.17383672297000885,0.011235379613935947,265.72463989257807,scaling
1089,0.4882229268550873,0.30132830142974854,212.0348358154297,0.021893542259931564,0.08920993655920029,1870.04736328125,drilling
1090,0.011796881444752216,0.002363282488659024,56.46746063232422,0.7065175771713257,0.0027644420042634006,1864.8996582031248,microseismic
1091,0.00031250016763806343,0.00015625008381903172,81.78900146484375,13.819832801818848,0.000141327764140442,12799.9931640625,electric noise
1092,0.48828151822090154,0.45464867353439326,90.98876190185545,0.017471402883529663,0.1117900013923645,602.1116943359375,drilling
1093,0.0002148438652511686,1.9531260477378964e-05,51.04559326171875,33.74802017211914,5.787380723631941e-05,13963.62890625,electric noise
1094,0.48828151822090154,0.3005470335483551,55.99483489990234,0.02078143134713173,0.0939844250679016,630.7836303710938,drilling
1095,0.015332039445638657,0.007695316802710295,56.02534103393555,0.412560909986496,0.004734152927994728,260.8915710449219,scaling
1096,0.25287121534347534,0.1838868111371994,126.8671188354492,0.034735750406980515,0.05622797459363937,126.546630859375,blasting
1097,0.16054695844650269,0.0027539078146219254,112.0885543823242,0.11798465996980669,0.016554052010178563,710.0726318359375,drilling
1098,0.4168556928634644,0.08691410720348358,116.83852386474608,0.09936627745628357,0.019655868411064148,165.52490234375,scaling
1099,0.48828151822090154,0.03224611282348633,156.8012542724609,0.027924994006752968,0.06994173675775528,73.72795867919923,blasting
1100,0.4854690134525299,0.4568557143211365,593.9107055664064,0.029286963865160946,0.06668953597545624,937.2379760742189,drilling
1101,0.00019531260477378964,7.812504190951586e-05,2518.543212890625,17.535526275634766,0.00011138107220176607,10239.994140625,electric noise
1102,0.4882424473762512,0.1225781887769699,1072.6614990234375,0.019330624490976334,0.10103772580623625,2109.607666015625,drilling
1103,0.0005859378143213689,0.0005273440619930625,81.14749145507811,9.825649261474608,0.00019877831800840795,5119.9970703125,electric noise
1104,0.48771509528160095,0.05597659200429916,958.5468139648435,0.04350085929036141,0.04489858821034432,598.710205078125,drilling
1105,0.488164335489273,0.2951564192771912,171.1652679443359,0.02135430835187435,0.09146240353584288,1661.3258056640625,drilling
1106,0.4802151024341583,0.4627346098423004,778.7860107421875,0.040483508259058,0.04824498668313026,437.3040161132813,drilling
1107,0.03628908097743988,0.02345704473555088,120.26622772216795,0.3615410327911377,0.0054022232070565215,1350.2684326171875,microseismic
1108,0.4877346456050873,0.3736330270767212,230.60987854003903,0.02628742344677448,0.07429869472980499,1453.6593017578125,drilling
1109,0.4636916518211365,0.07951176166534422,78.61766815185545,0.18187196552753448,0.010738956741988657,43.132110595703125,scaling
1110,0.39570334553718567,0.01935547962784767,96.6059799194336,0.05700582265853882,0.03426193445920944,869.338134765625,drilling
1111,0.47576197981834406,0.3400392532348633,6792.53955078125,0.036251503974199295,0.05387724936008453,235.41183471679688,blasting
1112,0.05689456313848496,0.004921877756714821,64.56158447265625,0.33035027980804443,0.0059122927486896515,105.4582290649414,scaling
1113,0.36087909340858454,0.00019531260477378964,133.98867797851562,0.08364172279834747,0.023351082578301426,16.626066207885742,electric noise
1114,0.22441418468952176,0.08734379708766937,67.05939483642578,0.1342056691646576,0.014553289860486984,494.62115478515625,scaling
1115,0.4882229268550873,0.44230493903160095,452.60397338867193,0.018094973638653755,0.10793735086917876,2062.582275390625,drilling
1116,0.48820337653160095,0.13474616408348083,416.4131774902344,0.02091837860643864,0.09336916357278825,1644.8062744140625,drilling
1117,0.005664065480232239,0.0012109382078051567,78.6514892578125,1.8500393629074097,0.0010557217756286263,1942.0679931640625,microseismic
1118,0.028925796970725056,0.006933597382158041,65.19380950927734,0.34913128614425654,0.005594247486442328,138.2848663330078,scaling
1119,0.48781275749206543,0.23427747189998624,1032.764404296875,0.046865541487932205,0.041675109416246414,69.6988754272461,blasting
1120,0.4677150845527649,0.30792984366416926,126.27993011474608,0.05748224258422852,0.03397803008556365,49.175235748291016,electric noise
1121,0.4850783944129944,0.23376965522766116,1015.209716796875,0.030253086239099503,0.06455980986356735,1638.910400390625,drilling
1122,0.4872658848762512,0.20593760907649997,52.54513931274414,0.025310475379228592,0.07716649025678633,1243.6741943359375,drilling
1123,0.4761916697025299,0.009062504395842552,62.748497009277344,0.2441873550415039,0.007998452521860598,71.39981842041016,electric noise
1124,0.48527368903160095,0.40128928422927856,1030.2149658203125,0.02871643006801605,0.06801452487707138,1461.03125,drilling
1125,0.4863088428974152,0.21359387040138245,153.4546356201172,0.02465881779789925,0.07920625805854797,1412.6824951171875,drilling
1126,0.486914336681366,0.07884769886732101,64.13475799560547,0.021136987954378128,0.09240347146987916,913.9184570312499,drilling
1127,0.00015625008381903172,9.765630238689482e-05,214.66476440429688,19.667469024658203,9.930745000019667e-05,12799.9931640625,electric noise
1128,7.812504190951586e-05,3.906252095475793e-05,56.48794555664063,40.966068267822266,4.767667269334197e-05,25599.986328125,electric noise
1129,0.017421884462237358,0.006132815964519978,69.42003631591797,0.6148251891136169,0.0031767163891345263,1377.5777587890625,microseismic
1130,0.02427735738456249,0.01863282173871994,81.8140869140625,0.3463764786720276,0.005638742819428444,2100.722900390625,microseismic
1131,0.001308594481088221,0.0012304694391787052,70.07844543457031,2.612727165222168,0.0007475428865291177,1528.3572998046875,electric noise
1132,0.00011718756286427379,7.812504190951586e-05,64.00886535644531,28.523361206054688,6.847460463177413e-05,17066.658203125,electric noise
1133,0.0008984379819594324,0.0008593754610046744,2053.5361328125,6.377772808074951,0.0003062394680455327,3339.128662109375,electric noise
1134,0.271777480840683,0.0016796884592622519,175.81979370117188,0.1044897511601448,0.018692092970013615,73.58961486816406,scaling
1135,0.31359392404556274,0.0015039070276543498,75.65917205810547,0.19155052304267883,0.010196385905146599,31.88837242126465,scaling
1136,0.10000005364418028,0.0042187524959445,412.0589904785156,0.5477901101112366,0.003565452294424176,229.99987792968753,scaling
1137,0.4042775630950928,0.023378917947411537,117.19013214111328,0.068129763007164,0.028667625039815903,618.3870239257812,drilling
1138,0.24507825076580048,0.21585948765277865,6770.60107421875,0.03499860689043999,0.055805884301662445,530.4428100585938,blasting
1139,0.0018945322372019289,0.001855469774454832,385.8353576660156,6.087933540344238,0.00032081923563964665,1583.5042724609375,electric noise
1140,0.08865239471197128,0.05259768292307854,376.1784362792969,0.2044384330511093,0.009553598240017891,800.8807983398436,scaling
1141,0.48084008693695063,0.37957051396369934,778.5387573242188,0.0363142117857933,0.05378403514623641,1164.6282958984375,drilling
1142,0.4831643104553223,0.4572854042053223,76.63640594482422,0.036570362746715546,0.053407344967126846,229.73550415039065,scaling
1143,0.01744141615927219,0.017363291233778,59.841506958007805,6.541394233703612,0.00029857951449230313,172.0043792724609,electric noise
1144,0.4880276024341583,0.20843760669231412,82.18484497070312,0.022957580164074894,0.08507565408945084,838.0673217773436,drilling
1145,0.43544945120811457,0.14787116646766663,462.888671875,0.04068538174033165,0.048005551099777215,80.37672424316406,blasting
1146,0.27371108531951904,0.001308594481088221,82.3387222290039,0.3181053102016449,0.006139885634183884,58.4557991027832,scaling
1147,0.4799611866474152,0.22583995759487152,4213.97802734375,0.08937113732099533,0.021854298189282417,45.837039947509766,blasting
1148,0.01138672512024641,0.0020312510896474123,343.45037841796875,0.9892993569374083,0.0019742513541132207,2019.89599609375,scaling
1149,0.48318386077880854,0.2328907549381256,1890.9791259765625,0.053151968866586685,0.036745943129062646,53.80974578857422,blasting
1150,0.48828151822090154,0.01710938476026058,101.78257751464844,0.029606197029352188,0.06596966087818146,274.4318542480469,scaling
1151,0.2945314049720764,0.014101570472121239,5259.0673828125,0.032991599291563034,0.059200674295425415,200.3181915283203,blasting
1152,0.48796901106834406,0.0204296987503767,205.2990875244141,0.02358096092939377,0.08282628655433655,1383.2845458984375,drilling
1153,0.418008029460907,0.3303322196006775,148.02862548828125,0.02482766285538673,0.07866690307855606,129.1841278076172,blasting
1154,0.4880471229553223,0.14806649088859558,284.8782653808594,0.025683321058750153,0.07604600489139555,2206.754150390625,drilling
1155,0.09330083429813384,0.08111332356929779,81.59864807128906,0.26544660329818726,0.007357886526733635,246.514404296875,scaling
1156,0.0049804714508354655,0.0002343751257285476,127.07138061523436,0.7891039252281189,0.0024751173332333565,401.56842041015625,electric noise
1157,0.005527346860617399,0.0017773447325453162,51.95942306518555,0.9641637802124025,0.00202572182752192,542.755859375,scaling
1158,0.04212892800569534,0.018457042053341866,1267.51171875,1.442272424697876,0.0013542011147364974,189.8932647705078,electric noise
1159,0.013730475679039955,0.008671879768371582,144.0986175537109,0.5593803524971008,0.0034915874712169166,2549.07421875,microseismic
1160,0.4875588417053223,0.042519554495811455,67.5960693359375,0.04742566496133804,0.04118255153298377,810.1586303710938,scaling
1161,7.812504190951586e-05,3.906252095475793e-05,2058.4482421875,39.644317626953125,4.9266229325439774e-05,25599.986328125,electric noise
1162,0.486914336681366,0.4210158586502075,53.32876586914063,0.026396704837679863,0.07399129867553712,314.22366333007807,drilling
1163,0.48683619499206543,0.07562503963708876,92.26882934570312,0.04057157039642333,0.04814004153013229,264.9761962890625,scaling
1164,0.0002734376466833055,0.0002148438652511686,103.43819427490234,13.59440803527832,0.00014367129188030958,7314.28173828125,electric noise
1165,0.3252736032009125,0.24615247547626493,222.03765869140625,0.03950387611985207,0.049441248178482056,107.60172271728516,blasting
1166,0.04960940033197402,0.0020312510896474123,81.97083282470702,0.29422083497047424,0.006638296414166689,241.8896331787109,scaling
1167,0.25298842787742615,0.0076171914115548125,84.74660491943358,0.12937138974666595,0.015097019262611866,35.57474899291992,scaling
1168,0.1910352557897568,0.1439063251018524,174.88926696777344,0.08701536804437637,0.02244574762880802,701.4412231445312,electric noise
1169,0.47806665301322937,0.37476581335067755,217.9232635498047,0.05862553417682648,0.033315274864435196,299.1214599609375,drilling
1170,0.4273635149002075,0.09058598428964615,67.4892807006836,0.07611720263957977,0.025659648701548576,119.33634185791016,scaling
1171,0.38787129521369934,0.10451177507638933,201.29693603515625,0.02986172400414944,0.06540646404027939,100.54882049560545,blasting
1172,0.4851955771446228,0.19177745282649997,622.8736572265625,0.034150540828704834,0.05719153955578804,636.8565673828125,drilling
1173,0.41775414347648626,0.29421889781951904,74.48031616210938,0.03179173916578293,0.06143492832779884,234.58773803710935,electric noise
1174,0.4877736866474152,0.001601563300937414,91.58948516845705,0.02392965741455555,0.0816197618842125,924.609130859375,drilling
1175,0.4809377491474152,0.00076171918772161,2171.6953125,0.044208772480487823,0.04417964816093445,64.45740509033203,blasting
1176,0.48814478516578674,0.4122853875160217,673.2115478515625,0.03329344093799591,0.05866413190960884,1204.5606689453125,drilling
1177,0.257910281419754,0.10253911465406416,114.25372314453124,0.09476398676633833,0.020610433071851727,302.4307556152344,scaling
1178,0.03753908351063728,0.013339851051568983,5885.83642578125,0.21816566586494443,0.008952477015554905,213.11122131347656,blasting
1179,0.4189260005950928,0.33334001898765564,1285.301513671875,0.046730849891901016,0.0417952798306942,93.09519958496092,blasting
1180,0.015820320695638657,0.004335939884185791,60.03280258178711,0.4665493071079254,0.004186320584267378,2907.65283203125,microseismic
1181,0.45042991638183594,0.2230665236711502,58.61978149414063,0.04328921064734458,0.04511801525950432,674.9107666015625,scaling
1182,0.4865627586841583,0.08136723190546036,1175.6217041015625,0.02757377177476883,0.07083304971456528,1781.8873291015625,drilling
1183,0.3926759958267212,0.018730478361248967,150.6617431640625,0.031622402369976044,0.06176403909921646,129.87806701660156,blasting
1184,0.34701189398765564,0.00962891150265932,318.07647705078125,0.03573199361562729,0.054660502821207047,106.62458801269533,blasting
1185,0.32509782910346985,0.32503923773765564,99.59917449951172,0.7992870211601257,0.0024435925297439094,15.379985809326172,electric noise
1186,0.4882619678974152,0.14640632271766663,153.25132751464844,0.02415669523179531,0.08085222542285918,2017.3596191406248,drilling
1187,0.488164335489273,0.364590048789978,75.69956970214844,0.02498251013457775,0.07817969471216202,848.0750732421875,drilling
1188,0.1529102325439453,0.010917974635958672,53.67770767211913,0.22856041789054873,0.008545358665287495,117.71612548828124,scaling
1189,9.765630238689482e-05,3.906252095475793e-05,65.83018493652344,36.953086853027344,5.285420411382802e-05,20479.98828125,electric noise
1190,0.4841799437999725,0.10066411644220352,132.8022308349609,0.018617236986756325,0.10490950942039488,125.98622131347656,blasting
1191,0.016796883195638657,0.006503909826278687,73.29779052734375,0.40564629435539246,0.0048148492351174355,1845.5804443359373,microseismic
1192,0.026445327326655388,0.007148441392928362,87.27346038818358,0.27029550075531006,0.007225890178233386,491.58023071289057,scaling
1193,0.37976583838462824,0.003515626769512892,420.91506958007807,0.1810894459486008,0.010785453952848911,26.332015991210938,scaling
1194,0.10972662270069122,0.021328136324882507,58.10599899291992,0.09900261461734772,0.01972796209156513,118.47625732421876,blasting
1195,0.4878713488578796,0.42349633574485773,57.889381408691406,0.022115536034107208,0.08831435441970825,389.4469299316406,drilling
1196,0.2502540349960327,0.14458991587162015,4077.3334960937505,0.08845766633749008,0.02207980863749981,67.93096923828125,electric noise
1197,0.4882229268550873,0.07810550928115843,179.5259552001953,0.02351214364171028,0.08306878060102463,1923.3017578125,drilling
1198,0.20601573586463928,0.04730471223592758,107.63861846923828,0.04341654479503632,0.044985782355070114,111.64196014404295,blasting
1199,0.4402931928634644,0.0984375551342964,54.645065307617195,0.03964165970683098,0.04926963150501251,513.2943115234375,blasting
1200,0.017246102914214134,3.906252095475793e-05,60.99646759033203,6.500609874725342,0.00030045281164348125,173.9523468017578,electric noise
1201,0.2902345359325409,0.018945323303341866,75.0115966796875,0.059015311300754554,0.0330950990319252,79.24625396728516,scaling
1202,0.48650416731834406,0.44585961103439326,483.9505615234375,0.03478527441620827,0.056148212403059006,1399.782470703125,drilling
1203,0.485722929239273,0.034609392285346985,86.75390625,0.04279953986406326,0.04563423246145248,255.28958129882807,scaling
1204,0.012011725455522535,0.0033984393812716007,196.23278808593753,0.8270149827003478,0.002361655468121171,3746.3393554687505,microseismic
1205,0.38785177469253534,0.25097671151161194,290.5198059082031,0.03080088086426258,0.0634114146232605,72.1925277709961,blasting
1206,0.01246094424277544,0.003378908149898052,941.3145141601561,1.1637961864471436,0.0016782374586910007,1043.2596435546875,electric noise
1207,0.48828151822090154,0.04408205673098564,108.6837158203125,0.018754279240965843,0.10414304584264757,1710.0791015625,drilling
1208,0.3072657883167267,0.015234382823109627,6498.97216796875,0.03333330899477005,0.05859377235174179,159.47105407714844,blasting
1209,0.4878713488578796,0.4061916172504425,1211.12109375,0.028334153816103932,0.06893187016248703,1904.1905517578125,drilling
1210,0.3336720466613769,0.2632618546485901,347.3665771484375,0.029763802886009216,0.06562081724405289,155.84164428710935,blasting
1211,0.48000025749206543,0.24361340701580048,700.4830322265625,0.047216977924108505,0.04136501625180245,772.916259765625,drilling
1212,0.48681667447090154,0.15076179802417755,378.4488220214844,0.030489431694149968,0.06405925005674362,1832.3118896484373,drilling
1213,7.812504190951586e-05,3.906252095475793e-05,54.79038238525391,39.59064102172852,4.933302625431679e-05,25599.986328125,electric noise
1214,0.3872267603874207,0.001132813049480319,52.13150405883789,0.1601511538028717,0.012195441871881483,108.4635772705078,scaling
1215,0.27703139185905457,0.16015633940696716,127.8507614135742,0.038601119071245193,0.05059792846441269,86.63278198242188,blasting
1216,0.4183205366134644,0.08917973190546036,56.6032829284668,0.03089805506169796,0.06321202218532562,167.33580017089844,scaling
1217,0.014316413551568983,0.006289065815508366,53.150657653808594,0.5603640675544739,0.0034854607656598087,2654.296142578125,microseismic
1218,0.3593751788139343,0.010664068162441252,318.1744079589844,0.028481418266892437,0.06857528537511826,100.17386627197264,blasting
1219,0.48667994141578674,0.15484383702278137,531.9236450195312,0.02114463225007057,0.0923699513077736,2050.62890625,drilling
1220,0.48814478516578674,0.36429706215858454,58.87800979614258,0.014149535447359083,0.13803504407405853,641.2031860351562,drilling
1221,0.00011718756286427379,7.812504190951586e-05,201.77735900878903,29.02618598937988,6.728841981384903e-05,17066.658203125,electric noise
1222,0.4882424473762512,0.19511729478836057,308.5496520996094,0.0232105553150177,0.08414861559867859,1413.2322998046875,drilling
1223,0.2901173532009125,0.023964855819940567,340.2945861816406,0.0358881838619709,0.05442269518971443,72.38449859619139,blasting
1224,0.48828151822090154,0.2721095085144043,389.44311523437506,0.026559317484498024,0.07353823632001875,1157.119384765625,drilling
1225,0.1257227212190628,0.05488284304738045,213.25955200195312,0.1876111328601837,0.010410524904727936,906.7573242187501,drilling
1226,0.00025390638620592654,0.00019531260477378964,66.42564392089844,14.700611114501951,0.0001328602083958685,7876.918945312499,electric noise
1227,0.4876369833946228,0.4008595943450928,184.7841339111328,0.021265408024191856,0.09184585511684416,1406.7841796875,drilling
1228,0.40259787440299993,0.1198047548532486,161.3963165283203,0.05993958190083504,0.03258493542671204,208.64491271972656,scaling
1229,0.32808610796928406,0.034414082765579224,1753.4908447265625,0.033236034214496606,0.0587652176618576,152.39901733398435,blasting
1230,0.4792971312999725,0.4143947660923004,293.6046142578125,0.03840736299753189,0.05085305124521256,490.30130004882807,drilling
1231,0.44062525033950806,0.18105478584766388,206.31941223144528,0.02713451161980629,0.07197949290275574,56.73755645751953,blasting
1232,0.16666024923324585,0.04283205419778824,57.77211380004882,0.24926425516605377,0.00783554557710886,330.0126953125,scaling
1233,0.3102540671825409,0.07029300928115845,189.14730834960935,0.06202134117484093,0.031490910798311234,344.8786315917969,scaling
1234,0.48699244856834406,0.43835961818695063,54.84565353393555,0.024587610736489292,0.07943544536828993,763.8721923828125,drilling
1235,0.319804847240448,0.005253909155726433,6274.833984375,0.03342653810977936,0.05843036994338036,146.96463012695312,blasting
1236,0.00031250016763806343,0.00019531260477378964,1551.948486328125,17.240196228027344,0.00011328908294672146,9599.9951171875,electric noise
1237,0.009218755178153513,0.004863284062594175,51.52655029296875,0.40056753158569336,0.00487589044496417,216.94903564453125,scaling
1238,0.02820314094424248,0.02818360924720764,61.658447265625,3.489488363265991,0.0005597175913862884,141.8281707763672,electric noise
1239,0.4574611783027649,0.08759770542383195,63.32759475708008,0.10434076189994812,0.01871867664158344,80.8811798095703,scaling
1240,0.36029314994812006,0.027246108278632164,169.99261474609375,0.17427362501621246,0.011207289993762968,72.16345977783203,scaling
1241,0.00025390638620592654,0.00019531260477378964,2231.603271484375,10.456280708312988,0.00018678973719943315,7876.918945312499,electric noise
1242,0.486426055431366,0.040097676217556,61.30250549316406,0.01847887597978115,0.105694942176342,1437.0118408203125,drilling
1243,0.4864455759525299,0.02224610559642315,1509.3983154296875,0.040987778455019,0.04765155538916588,92.50778198242189,blasting
1244,0.0004296877305023372,0.00031250016763806343,105.39070129394533,7.512227535247802,0.00025999295758083463,4654.54296875,electric noise
1245,0.4882619678974152,0.16015633940696716,60.114944458007805,0.02099725231528282,0.09301843494176865,1716.291748046875,drilling
1246,0.34710955619812006,0.04404299333691597,309.5803527832031,0.029540577903389927,0.06611641496419907,132.5229949951172,blasting
1247,0.48548853397369374,0.37466818094253534,537.9385986328125,0.03138386458158493,0.062233205884695046,636.4722900390625,drilling
1248,0.356601744890213,0.13671882450580597,96.39793395996092,0.03278563171625137,0.059572752565145486,106.5614547729492,blasting
1249,0.488164335489273,0.19929698109626767,111.14785003662108,0.020408583804965016,0.09570129215717316,1243.4337158203125,drilling
1250,0.4542189836502075,0.09955083578824997,63.096694946289055,0.05570516362786293,0.03506188467144966,176.12649536132812,scaling
1251,0.48748072981834406,0.052265651524066925,365.1951904296875,0.027314521372318268,0.07150526344776154,861.572509765625,drilling
1252,0.4880471229553223,0.23763684928417203,310.1208801269531,0.02477944083511829,0.07881996780633926,2389.113525390625,drilling
1253,0.0119921937584877,0.005234377924352884,93.5799560546875,0.6955780386924744,0.0028079177718609567,3252.115478515625,microseismic
1254,0.4845315217971802,0.15527352690696716,176.571044921875,0.02374601364135742,0.08225073665380478,1003.0307006835936,drilling
1255,0.008710942231118679,0.008496098220348358,4036.324951171875,2.4851651191711426,0.0007859138422645628,1147.9814453125,electric noise
1256,0.4105861485004425,0.4102736711502075,3276.828857421875,1.5513447523117063,0.0012589910766109824,19.48434066772461,electric noise
1257,0.3290822207927704,0.03359376639127731,358.2137145996094,0.04286062717437744,0.045568827539682395,82.0463638305664,blasting
1258,0.008496098220348358,0.0005664065247401595,159.4146270751953,1.158100128173828,0.0016864924691617489,941.6087036132812,scaling
1259,0.012851569801568983,0.005683596711605787,65.21015167236328,0.6099122166633606,0.00320230913348496,2178.72216796875,microseismic
1260,0.3680861294269562,0.09558598697185516,174.25503540039062,0.033000361174345016,0.05918513238430023,124.97074890136717,blasting
1261,0.001132813049480319,0.00015625008381903172,197.542724609375,6.934525966644287,0.0002816525229718536,7062.0654296875,microseismic
1262,0.4555275738239288,0.06769534945487976,53.84880065917969,0.06118929758667946,0.03191931173205376,90.00553131103516,scaling
1263,0.4882619678974152,0.3776369094848633,181.97073364257807,0.019323484972119328,0.101075679063797,1937.4844970703125,drilling
1264,0.35683614015579224,0.046464867889881134,361.7844543457031,0.029701417312026024,0.06575829535722733,86.87461090087889,blasting
1265,0.05220706015825272,0.01716797798871994,18.523857116699215,0.1357203423976898,0.014390802942216396,402.2444458007813,scaling
1266,0.36335957050323486,0.003261720528826117,2409.90771484375,0.06499657034873961,0.030049620196223256,55.04189682006836,blasting
1267,0.32072281837463373,0.007714848034083843,4399.5087890625,0.03158516809344292,0.06183680146932602,165.25172424316406,blasting
1268,0.37457051873207087,0.25884780287742615,2572.8369140625,0.22064241766929624,0.008852005004882812,53.394485473632805,electric noise
1269,0.4841408729553223,0.04271486774086952,1837.05859375,0.040781188756227486,0.04789275676012039,113.60330200195312,blasting
1270,0.00019531260477378964,0.00011718756286427379,91.7711181640625,15.239678382873535,0.00012816056550946087,10239.994140625,electric noise
1271,0.037929706275463104,0.0023242200259119272,90.58698272705078,0.44685554504394526,0.004370821174234152,553.65576171875,scaling
1272,0.4878713488578796,0.2999415695667267,832.278076171875,0.023882770910859108,0.08177951723337173,2123.5107421875,drilling
1273,0.00017578134429641068,3.906252095475793e-05,52.99177932739258,21.6684513092041,9.013684757519512e-05,11377.771484375,electric noise
1274,0.00011718756286427379,5.8593781432136886e-05,81.98381805419923,37.38980484008789,5.223685730015859e-05,17066.658203125,electric noise
1275,0.0004492189909797162,5.8593781432136886e-05,67.80992126464844,15.930895805358887,0.00012259987124707547,6678.25732421875,electric noise
1276,0.48828151822090154,0.4382814764976501,599.5017700195312,0.03118821792304516,0.0626235380768776,1935.35888671875,drilling
1277,0.02123047970235348,0.004746096208691597,117.08612823486328,0.444604605436325,0.004392954055219889,1130.4501953125,microseismic
1278,0.40871116518974304,0.377773642539978,4553.66162109375,0.05441100150346756,0.03589586168527603,176.1635284423828,blasting
1279,0.38726583123207087,0.14322273433208463,126.97183227539062,0.039195068180561066,0.04983093962073326,69.71955108642578,blasting
1280,0.4122072458267212,0.02394532598555088,50.12783050537109,0.09075358510017395,0.021521106362342834,109.1683883666992,scaling
1281,0.4879104197025299,0.48576197028160095,168.65406799316406,0.02561098709702492,0.07626093178987503,1014.530517578125,drilling
1282,0.41949242353439326,0.05833987519145012,59.532039642333984,0.08957004547119139,0.02180560491979122,59.59583282470703,scaling
1283,0.352402538061142,0.009394536726176737,641.43505859375,0.03151434287428856,0.061975955963134766,102.15590667724608,blasting
1284,0.06845706701278687,0.05126955732703209,182.8339385986328,0.21130385994911197,0.009243215434253216,1548.415771484375,scaling
1285,0.48783230781555176,0.40892601013183594,68.3033447265625,0.016923813149333,0.11540713161230089,727.7091064453125,drilling
1286,0.015078132972121239,0.002812501508742571,76.83447265625,0.505979597568512,0.0038600857369601727,2254.921142578125,microseismic
1287,0.19916026294231412,0.043730493634939194,220.46961975097656,0.1079365462064743,0.01809509098529816,15.063245773315428,electric noise
1288,0.48796901106834406,0.07410160452127457,247.77960205078125,0.021755987778306007,0.08977386355400085,1983.7325439453125,drilling
1289,0.009667973965406416,0.0017578133847564459,57.635292053222656,1.089564561843872,0.0017925747670233247,1965.25146484375,microseismic
1290,0.2741602957248688,0.003925783559679985,128.0413360595703,0.12174351513385771,0.016042936593294144,36.47500991821289,scaling
1291,0.3915822505950928,0.019023448228836056,51.67276763916016,0.06791862845420837,0.028756709769368168,326.87896728515625,scaling
1292,0.0002734376466833055,0.00011718756286427379,66.37641143798828,10.943855285644531,0.0001784678315743804,7314.28173828125,electric noise
1293,7.812504190951586e-05,3.906252095475793e-05,103.17784118652344,38.842967987060554,5.028261512052268e-05,25599.986328125,electric noise
1294,0.4880861937999725,0.2541407644748688,137.4098663330078,0.019757393747568127,0.098856084048748,1124.80126953125,drilling
1295,0.07769535481929779,0.06525394320487976,54.74678421020508,0.27497759461402893,0.007102843839675188,360.38189697265625,scaling
1296,0.01765625923871994,0.005468753166496754,416.5173645019531,0.5197511315345764,0.0037578127812594175,1699.1141357421875,microseismic
1297,0.1943165063858032,0.0036523456219583754,90.96857452392578,0.08986162394285202,0.02173484116792679,41.169944763183594,electric noise
1298,0.16994149982929227,0.1669141501188278,1085.89794921875,2.026118040084839,0.0009639743366278709,41.19064331054688,electric noise
1299,0.4775979220867157,0.09173832833766936,62.310943603515625,0.03692656755447388,0.05289233103394508,75.37721252441406,scaling
1300,0.0003710939490702003,0.00013671882334165275,163.82492065429688,8.696521759033203,0.00022458705643657595,5389.470703125,electric noise
1301,0.32476580142974854,0.0019140634685754776,1373.9830322265625,0.035700514912605286,0.05470853671431541,200.14422607421875,blasting
1302,0.4434572756290436,0.08287113904953003,15.952103614807127,0.08159080892801283,0.02393805421888828,31.57012176513672,electric noise
1303,0.48701196908950806,0.3057423532009125,2650.962890625,0.050109658390283585,0.038977116346359246,86.24018096923827,blasting
1304,0.48828151822090154,0.10003911703824996,56.75823974609375,0.03156550973653793,0.06187557801604271,870.3995361328125,drilling
1305,0.404140830039978,0.02025391720235348,1588.835693359375,0.04166562855243682,0.04687629640102386,59.38523864746094,blasting
1306,0.07623051106929779,0.003593751927837729,67.14728546142578,0.332400381565094,0.005875826347619295,918.2675170898435,scaling
1307,0.4879494905471802,0.05039065331220626,45.78096771240234,0.01860419474542141,0.10498281568288804,1194.7957763671875,drilling
1308,0.3695119023323059,0.0141211012378335,471.8151550292969,0.03257950767874718,0.05994941666722298,97.42581939697264,blasting
1309,0.19863292574882507,0.010273442603647707,54.79951858520508,0.08358771353960037,0.0233661774545908,55.37853240966797,scaling
1310,0.43568381667137146,0.0483984649181366,64.48597717285156,0.130294531583786,0.014990185387432575,114.76212310791016,scaling
1311,0.4867580831050873,0.007636722642928362,129.2045745849609,0.026962431147694588,0.07243861258029938,441.6978454589844,drilling
1312,0.4880080819129944,0.18681651353836057,229.3603515625,0.02594371885061264,0.0752834305167198,1280.716552734375,drilling
1313,0.37068378925323486,0.009218755178153513,60.82367706298828,0.09382497519254684,0.02081664837896824,142.97900390625,scaling
1314,0.0021093762479722496,0.002050782321020961,3522.485595703125,6.033565998077393,0.00032371009001508355,2370.368896484375,electric noise
1315,0.30263689160346985,0.24111340939998624,110.0877456665039,0.035173315554857254,0.05552879720926285,102.4329833984375,blasting
1316,0.4876369833946228,0.11035162210464476,69.68168640136719,0.019907053560018536,0.098111554980278,1704.1365966796875,drilling
1317,0.4072267711162567,0.387070506811142,5961.853515625,0.03672674670815468,0.05317994207143784,130.14862060546875,blasting
1318,0.028066420927643772,0.0022070324048399925,187.50885009765625,0.1296691745519638,0.015062370337545872,356.29766845703125,electric noise
1319,0.26416030526161194,0.009785161353647709,484.6347351074218,0.04157241433858872,0.04698128625750542,90.85391998291016,blasting
1320,0.0003320314281154424,0.00017578134429641068,115.92501068115234,9.073269844055176,0.0002152615343220532,6023.5263671875,electric noise
1321,0.4882229268550873,0.378750205039978,572.1378784179688,0.019902799278497692,0.09813307970762253,1704.1395263671875,drilling
1322,0.3807814419269562,0.24507825076580048,259.7022399902344,0.021153142675757408,0.09233251214027405,131.3089141845703,blasting
1323,0.31830096244812006,0.2326563745737076,3001.622314453125,0.02578013762831688,0.07576088607311247,191.64251708984372,blasting
1324,0.36296895146369934,0.009882817976176737,431.6770935058594,0.03941402956843376,0.04955419898033142,85.40675354003906,blasting
1325,0.48828151822090154,0.04984377697110176,2392.050537109375,0.041996292769908905,0.046506669372320175,98.30394744873047,blasting
1326,0.1683204025030136,0.015332039445638657,80.57459259033203,0.2681182324886322,0.007284578401595353,190.11361694335935,scaling
1327,0.2601368725299835,0.039824239909648895,1149.31640625,0.044344909489154816,0.044044047594070435,157.60934448242188,blasting
1328,0.4833596348762512,0.0997266173362732,50.54532623291016,0.03687126189470291,0.052971463650465005,262.74432373046875,scaling
1329,7.812504190951586e-05,3.906252095475793e-05,72.17779541015625,40.3615608215332,4.8390742449555546e-05,25599.986328125,electric noise
1330,0.3682619035243988,0.009941411204636097,295.1231384277344,0.03186871483922005,0.06128668040037155,114.04926300048828,blasting
1331,9.765630238689482e-05,5.8593781432136886e-05,685.0385131835938,30.58219528198242,6.386480526998639e-05,20479.98828125,electric noise
1332,0.00013671882334165275,5.8593781432136886e-05,67.33341217041016,23.161808013916012,8.432527829427272e-05,14628.5634765625,electric noise
1333,0.3514454960823059,0.20208995044231412,81.66350555419923,0.09121821075677872,0.021411506459116932,153.65113830566406,scaling
1334,0.45984399318695063,0.41031271219253534,24.292375564575195,0.0543096736073494,0.0359625518321991,456.6766052246094,scaling
1335,0.4868752658367157,0.3317189216613769,2989.705322265625,0.05821136385202408,0.03355235606431961,49.293941497802734,blasting
1336,0.4877346456050873,0.3871486485004425,281.3796691894531,0.02957412227988243,0.0660412609577179,1703.7952880859375,drilling
1337,0.06916019320487976,0.033437516540288925,63.22496795654297,0.13198474049568176,0.014798132702708244,260.26531982421875,microseismic
1338,0.00435547111555934,0.0013867195229977367,300.472900390625,1.321513056755066,0.001477947225794196,1607.174072265625,electric noise
1339,0.3286915719509125,0.022500012069940567,3857.622314453125,0.02954454720020294,0.066107839345932,112.56753540039062,blasting
1340,0.46861353516578674,0.09126958250999449,53.114933013916016,0.02892199531197548,0.06753076612949371,194.1898651123047,electric noise
1341,0.4698244631290436,0.3353322148323059,39.79436492919922,0.09267520159482959,0.021074939519166943,244.77226257324216,scaling
1342,0.020507823675870892,0.004238283727318048,208.07086181640625,0.41781714558601374,0.004674594849348068,2291.808349609375,microseismic
1343,0.0005273440619930625,0.0003906252095475793,254.4069976806641,9.059717178344727,0.00021558356820605693,9481.4755859375,electric noise
1344,0.00011718756286427379,3.906252095475793e-05,146.57571411132812,28.191938400268555,6.927959475433454e-05,17066.658203125,electric noise
1345,0.018320322036743164,0.007539066486060619,52.38780975341797,0.4612444937229157,0.004234472755342722,2292.5361328125,microseismic
1346,0.013769539073109627,0.002246094867587089,1229.268798828125,0.5850193500518799,0.003338567679747939,2178.72216796875,microseismic
1347,0.013339851051568983,0.004375002346932888,70.76473236083984,0.7160809636116028,0.002727518556639552,2024.0106201171875,microseismic
1348,0.0003906252095475793,0.0003515626885928213,908.224853515625,13.123046875,0.00014883173571433872,7679.99609375,electric noise
1349,0.18917979300022125,0.013281256891787052,81.35614776611328,0.16999836266040802,0.01148910354822874,58.14574432373047,scaling
1350,0.0002343751257285476,0.00017578134429641068,115.64376831054688,15.079325675964355,0.0001295234396820888,8533.3291015625,electric noise
1351,0.4836525917053223,0.4173439741134644,712.1494140625,0.034830112010240555,0.05607616156339645,1197.1402587890625,drilling
1352,0.4871487021446228,0.1321289837360382,83.21302795410156,0.025269817560911175,0.07729102671146394,1221.3929443359375,drilling
1353,0.019316416233778,0.0072070350870490065,105.87295532226562,0.5695110559463501,0.0034294782672077417,465.9249267578125,scaling
1354,0.386562705039978,0.36162129044532776,124.13714599609376,0.05068526789546013,0.0385342612862587,25.8690242767334,electric noise
1355,0.3309376835823059,0.032714862376451485,76.31761169433594,0.07286135852336884,0.026806002482771877,63.4560546875,electric noise
1356,0.370468944311142,0.002558595035225153,60.014835357666016,0.11531890928745268,0.016936838626861572,16.195690155029297,scaling
1357,0.2553907632827759,0.1945313513278961,71.4341812133789,0.02658993750810623,0.07345329225063325,148.79159545898435,blasting
1358,0.14306648075580597,0.016347665339708328,120.51307678222656,0.2953719198703766,0.006612436380237341,104.84635925292967,scaling
1359,0.48806667327880854,0.14257819950580597,239.23214721679688,0.029903320595622063,0.06531520187854767,1190.4111328125,drilling
1360,0.371914267539978,0.010000005364418028,313.6246032714844,0.026615941897034645,0.07338161766529083,110.24046325683592,blasting
1361,0.48828151822090154,0.009375005029141905,1129.385986328125,0.0389682874083519,0.05012057349085808,65.53596496582031,blasting
1362,0.01390625722706318,0.006855472456663847,628.6233520507812,0.35127332806587214,0.0055601284839212894,431.46044921875,scaling
1363,0.48779323697090154,0.13859382271766663,291.5480041503906,0.029936945065855976,0.06524121016263962,1939.3463134765625,drilling
1364,0.00017578134429641068,5.8593781432136886e-05,83.54574584960938,29.908493041992188,6.530339305754751e-05,17066.658203125,electric noise
1365,0.08626957982778549,0.08615238964557646,1913.9998779296875,2.5080957412719727,0.0007787297363393008,46.36628723144531,electric noise
1366,0.05613284185528755,0.0008398442296311259,427.7823181152344,0.13842326402664185,0.014109793119132519,160.3339385986328,blasting
1367,0.2927345335483551,0.19058604538440704,383.5956726074218,0.032221999019384384,0.06061488389968872,140.0586395263672,blasting
1368,0.47919946908950806,0.44923850893974304,92.69829559326173,0.04525559023022652,0.043157793581485755,158.59783935546875,scaling
1369,0.1852540075778961,0.1663282215595245,60.81647491455078,0.04572180658578873,0.04271761700510979,264.501708984375,scaling
1370,0.32558611035346985,0.008164066821336746,51.06650161743164,0.1460877954959869,0.013369538821280003,181.21165466308597,scaling
1371,0.377578318119049,0.35271504521369934,127.08324432373045,0.05979304015636444,0.032664746046066284,569.4182739257812,drilling
1372,0.4451174139976501,0.16812509298324585,84.54238891601561,0.08831366151571274,0.02211569622159004,166.2482757568359,scaling
1373,0.005351565312594175,0.0010351567761972547,218.59657287597656,1.6768449544906616,0.0011647621868178248,1308.028564453125,microseismic
1374,0.18056650459766388,0.15759773552417755,6729.796875,0.05270352587103844,0.037058714777231216,182.75814819335935,blasting
1375,0.2941212654113769,0.002949220361188054,146.5616455078125,0.09372427314519882,0.020839193835854527,492.9939270019531,drilling
1376,0.25683608651161194,0.18109384179115293,118.36520385742188,0.027900490909814835,0.07000322639942169,144.06076049804688,blasting
1377,0.0006054691039025784,0.000546875293366611,3788.596923828125,12.179073333740234,0.0001603673881618306,4954.8359375,electric noise
1378,0.4873830676078796,0.3660353422164917,183.10443115234372,0.027457660064101216,0.0711321011185646,2008.6868896484373,drilling
1379,0.397304892539978,0.17312508821487427,104.62332916259764,0.05387885496020317,0.036250147968530655,173.6701507568359,scaling
1380,0.4870510399341583,0.09947270900011063,136.19375610351562,0.023152733221650124,0.08435828983783723,1468.0186767578125,drilling
1381,0.00412109587341547,0.00029296890716068447,130.9719696044922,2.712204933166504,0.0007201249245554209,2911.846923828125,microseismic
1382,0.4789846241474152,0.12492194026708602,1287.977783203125,0.1317051649093628,0.014829645864665508,129.4404754638672,electric noise
1383,0.151601642370224,0.09107426553964615,109.09297943115234,0.07299088686704636,0.026758441701531407,92.34728240966797,scaling
1384,0.4881252646446228,0.23697277903556824,53.71072769165039,0.018896121531724926,0.10336116701364516,1903.1999511718752,drilling
1385,0.4882619678974152,0.26156264543533325,817.0242919921875,0.02440077252686024,0.08004309237003326,1488.954833984375,drilling
1386,0.021914074197411537,9.765630238689482e-05,128.9980316162109,0.17257820069789886,0.011317345313727856,136.8983154296875,electric noise
1387,0.0003515626885928213,0.0002734376466833055,1446.8001708984375,7.167266845703125,0.00027250638231635094,5688.8857421875,electric noise
1388,0.09064458310604095,0.01365235075354576,53.869976043701165,0.13053637742996216,0.014962281100451946,253.7382659912109,scaling
1389,0.43281272053718567,0.08537113666534422,80.49124145507811,0.05312725529074669,0.03676323592662811,39.277957916259766,electric noise
1390,0.02605470083653927,0.019433604553341866,180.98422241210935,0.5402373075485228,0.0036153143737465135,1765.516357421875,microseismic
1391,0.3666212856769562,0.0033398454543203115,93.0255889892578,0.29687538743019104,0.006578909233212471,111.83202362060545,scaling
1392,0.48806667327880854,0.09052739292383194,409.00482177734375,0.024984026327729225,0.07817504554986954,1942.3575439453125,drilling
1393,0.20681652426719663,0.12064459919929504,187.9344940185547,0.05129840970039368,0.03807383030653,116.04488372802734,blasting
1394,0.40794944763183594,0.37996113300323486,1206.2691650390625,0.03753099590539932,0.052040673792362206,63.7333869934082,blasting
1395,0.15720711648464203,0.005546878091990948,574.2323608398438,0.08126565068960188,0.024033816531300545,197.1920928955078,blasting
1396,0.4880080819129944,0.42421898245811457,191.25396728515625,0.0218997485935688,0.08918470144271849,1098.3424072265625,drilling
1397,0.4846682250499725,0.3198243975639343,3601.00537109375,0.048881042748689645,0.039956532418727875,55.70820999145508,blasting
1398,0.397304892539978,0.02257813699543476,86.92481231689453,0.15207891166210175,0.012842853553593159,55.373092651367195,scaling
1399,0.4880861937999725,0.18054696917533877,622.9777221679688,0.02840208262205124,0.06876707077026367,672.012451171875,drilling
1400,0.35064470767974854,0.04437502473592758,94.31710052490233,0.05769302323460578,0.033853717148303986,111.22369384765624,scaling
1401,0.12386725097894669,0.011542974971234798,77.77989959716797,0.08064807206392288,0.02421795763075352,557.0479736328125,scaling
1402,0.48488306999206543,0.21892589330673215,1148.3450927734375,0.03143296390771866,0.06213683634996414,1431.27294921875,drilling
1403,0.48576197028160095,0.15326179563999176,116.78197479248045,0.04308704286813736,0.04532982409000397,259.38629150390625,scaling
1404,0.014902351424098015,0.00013671882334165275,1792.77685546875,4.471540927886962,0.0004367901710793376,201.31051635742188,electric noise
1405,0.00013671882334165275,7.812504190951586e-05,414.8118896484375,22.885749816894528,8.534244261682034e-05,14628.5634765625,electric noise
1406,0.48757839202880854,0.470429927110672,99.90696716308592,0.027738910168409348,0.07041151821613312,830.6356811523436,drilling
1407,9.765630238689482e-05,3.906252095475793e-05,1354.5194091796875,33.43101501464844,5.842257814947516e-05,20479.98828125,electric noise
1408,0.069453164935112,0.00013671882334165275,133.3112640380859,0.43567791581153864,0.004482962656766176,57.592769622802734,electric noise
1409,0.20441417396068573,0.039453145116567605,109.14037322998045,0.0653422549366951,0.029890630394220352,445.1746215820313,scaling
1410,0.2589845061302185,0.021992199122905728,90.25120544433592,0.11573050916194916,0.01687639206647873,498.0993041992188,drilling
1411,0.48828151822090154,0.26910170912742615,182.61267089843753,0.024058258160948757,0.0811830535531044,1775.614990234375,drilling
1412,0.4877541661262512,0.0230859499424696,623.103515625,0.02663652971386909,0.07332516461610794,2273.686279296875,drilling
1413,0.0008007816504687072,0.0004492189909797162,119.63551330566406,5.009243488311768,0.00038990436587482685,2497.559814453125,electric noise
1414,0.21949230134487152,0.01566407084465027,110.03396606445312,0.1309558004140854,0.01491433661431074,214.13052368164065,scaling
1415,0.2108594924211502,0.00031250016763806343,4646.1494140625,1.7762187719345093,0.001099597313441336,14.227483749389648,electric noise
1416,0.48765650391578674,0.33144548535346985,51.148719787597656,0.01625307835638523,0.12016940861940384,709.5158081054688,drilling
1417,0.2260548025369644,0.06933597475290297,190.24696350097656,0.11662675440311432,0.01674676686525345,115.016357421875,scaling
1418,0.0003320314281154424,5.8593781432136886e-05,50.581737518310554,20.52444267272949,9.516099817119537e-05,12047.052734375,electric noise
1419,0.40138694643974304,0.39277365803718567,220.38122558593753,0.09383364021778105,0.020814681425690647,24.91361618041992,electric noise
1420,0.1848633736371994,0.00017578134429641068,3342.803466796875,0.09654375165700912,0.02023050189018249,43.275203704833984,electric noise
1421,0.13449226319789886,0.01927735470235348,70.26044464111328,0.15204104781150815,0.012846051715314388,37.176860809326165,electric noise
1422,0.4882424473762512,0.18181650340557096,207.23318481445312,0.02266191132366657,0.08618544042110443,704.5679931640625,drilling
1423,0.487890899181366,0.35335955023765564,99.6170425415039,0.01986113376915455,0.09833936393260957,2277.1484375,drilling
1424,0.28593766689300537,0.0015625008381903172,1589.5950927734375,0.0562504343688488,0.03472214192152023,111.91250610351562,blasting
1425,0.28019547462463373,0.0044726585038006314,151.96669006347656,0.4149080216884613,0.00470736064016819,110.63704681396484,scaling
1426,0.01566407084465027,0.0023046887945383787,70.39993286132812,0.561387300491333,0.0034791072830557823,2298.253173828125,microseismic
1427,0.48828151822090154,0.09650395810604095,61.78369903564453,0.019917627796530724,0.09806007891893385,669.6956176757812,drilling
1428,0.4168361723423004,0.28640639781951904,266.0245056152344,0.043001554906368256,0.0454198569059372,79.16779327392578,scaling
1429,0.006406253203749657,0.0014062507543712854,71.7523422241211,1.1841590404510498,0.0016493789153173564,780.4874267578125,microseismic
1430,0.0344531424343586,0.0025390638038516045,70.76545715332031,0.22080633044242856,0.008845425210893154,377.3240661621094,scaling
1431,0.4032814800739288,0.34597674012184143,138.8715667724609,0.05017242580652237,0.03892822191119193,84.30835723876953,electric noise
1432,0.004199220798909664,0.00031250016763806343,180.99093627929688,2.180354356765747,0.0008957838290371,3333.951904296875,microseismic
1433,0.23927746713161469,0.03541017696261406,3220.70849609375,0.03268330544233322,0.059759266674518585,137.9152069091797,blasting
1434,0.009589849039912224,5.8593781432136886e-05,61.25703811645508,1.8863644599914553,0.0010353911202400923,417.1077270507813,electric noise
1435,0.341465026140213,0.005527346860617399,51.0791015625,0.10535337775945663,0.018538836389780045,73.21394348144531,scaling
1436,0.26406264305114746,0.02966798469424248,164.79296875,0.16830961406230927,0.011604340746998785,367.33706665039057,drilling
1437,0.48806667327880854,0.34468767046928406,59.77539825439453,0.017588438466191292,0.11104577779769896,2206.665771484375,drilling
1438,0.4867971241474152,0.39570334553718567,697.1234130859375,0.04004957154393196,0.04876783862709999,776.504150390625,drilling
1439,0.17605477571487427,0.006308597046881913,138.89161682128906,0.18823765218257904,0.010375910438597202,516.8845825195312,drilling
1440,0.40152364969253534,0.16675789654254913,143.1908721923828,0.06844775378704071,0.028534576296806332,714.77734375,drilling
1441,0.038964863866567605,0.010937506332993507,57.82527542114258,0.158643439412117,0.012311399914324284,153.98487854003906,scaling
1442,0.005019533913582563,0.0006835941458120942,52.026615142822266,1.3334404230117796,0.0014647278003394604,3386.7685546875,microseismic
1443,0.4880471229553223,0.40107443928718567,219.8517608642578,0.022645054385066032,0.08624941110610963,2319.4482421875,drilling
1444,0.14566414058208463,0.011054693721234798,71.08927154541016,0.23891180753707883,0.008175095543265343,102.97661590576172,scaling
1445,0.020449230447411537,0.011914068832993507,85.88915252685545,0.26974779367446894,0.0072405594401061535,293.4095764160156,scaling
1446,0.37027364969253534,0.015273445285856724,51.08549118041992,0.04056725651025772,0.048145394772291183,2395.525634765625,electric noise
1447,0.4866213500499725,0.18513682484626767,399.2829895019531,0.02885354869067669,0.06769135594367981,1037.767822265625,drilling
1448,0.0043164086528122425,0.0006445315666496754,4620.6826171875,1.758945345878601,0.001110396347939968,3243.43701171875,microseismic
1449,0.013476570136845112,0.0075781289488077155,50.0811653137207,0.6364940404891968,0.0030685667879879475,1855.0714111328125,microseismic
1450,0.3642384707927704,0.183515727519989,352.0927429199219,0.022149281576275826,0.08818060904741286,109.81816101074217,blasting
1451,0.16927742958068848,0.036835957318544395,63.81454849243164,0.1587318778038025,0.012304557487368584,230.3910217285156,drilling
1452,0.48828151822090154,0.1846875995397568,63.4528694152832,0.02752947062253952,0.07094672322273254,684.0316162109375,drilling
1453,0.4880471229553223,0.05365237221121788,51.42753601074219,0.017482884228229523,0.11171681433916092,993.7564697265624,drilling
1454,0.023183606564998623,0.016718758270144463,104.7109146118164,0.4813807904720306,0.004057341255247593,172.53570556640625,scaling
1455,0.020800791680812836,0.009023441933095455,58.88777160644531,0.38158002495765686,0.00511852139607072,1298.0274658203125,microseismic
1456,0.4846291542053223,0.09802739322185516,54.564937591552734,0.02647053636610508,0.07378462702035904,1287.58251953125,scaling
1457,0.05820315703749657,0.010058599524199963,55.37072753906249,0.16308443248271942,0.011976126581430435,103.08718872070312,scaling
1458,0.013027350418269634,0.003867189632728696,53.29924392700195,0.7267109751701355,0.0026876255869865417,1919.03955078125,microseismic
1459,0.39343771338462824,0.03720705211162567,100.8660888671875,0.025115158408880237,0.07776691019535063,137.251708984375,blasting
1460,0.3838869333267212,0.11531256139278412,191.87399291992188,0.04238415881991386,0.04608135670423508,80.75294494628906,blasting
1461,0.4836916625499725,0.4089846014976501,907.758056640625,0.03603789210319519,0.05419643223285675,636.769287109375,drilling
1462,0.3793947398662567,0.12388678640127182,6745.8857421875,0.021307799965143204,0.09166283905506134,658.9442749023438,blasting
1463,7.812504190951586e-05,3.906252095475793e-05,89.43518829345702,40.08683013916016,4.872238787356764e-05,25599.986328125,electric noise
1464,0.35814473032951355,0.0005273440619930625,83.41513824462889,0.07392667233943939,0.026419863104820248,106.10235595703124,scaling
1465,0.20984385907649997,0.09595708549022673,120.68135833740234,0.11763253808021544,0.016603607684373856,104.83985900878906,scaling
1466,0.48765650391578674,0.019687511026859283,1072.6553955078125,0.030843898653984066,0.06332278996706009,1710.22021484375,drilling
1467,0.3743361234664917,0.2808399796485901,386.32592773437506,0.038645807653665536,0.05053924769163132,64.1135025024414,blasting
1468,0.3874806761741638,0.006601565983146429,331.6939697265625,0.021754713729023933,0.0897797867655754,180.65417480468753,blasting
1469,0.00013671882334165275,5.8593781432136886e-05,66.85833740234375,23.80474281311035,8.204778714571148e-05,14628.5634765625,electric noise
1470,0.4881252646446228,0.2695509195327759,1095.6834716796875,0.029387474060058597,0.06646090000867844,1694.2371826171875,drilling
1471,0.21375010907649997,0.213242307305336,295.0811767578125,0.16614896059036255,0.011755304411053656,116.9590072631836,electric noise
1472,0.18039071559906003,0.011523443274199963,1164.966796875,0.06473329663276672,0.03017197735607624,110.87045288085936,blasting
1473,0.4228322505950928,0.037968769669532776,145.5207061767578,0.07575391978025436,0.02578247338533401,158.4552764892578,scaling
1474,0.00013671882334165275,7.812504190951586e-05,212.96530151367188,30.864074707031246,6.32815426797606e-05,14628.5634765625,electric noise
1475,0.48820337653160095,0.030664078891277317,128.14691162109375,0.018363896757364277,0.10635677725076675,929.9403076171875,drilling
1476,0.08261723071336746,0.002265626098960638,58.920448303222656,0.5601544380187988,0.0034867655485868454,278.3923034667969,scaling
1477,0.14429695904254913,0.11732428520917892,3503.111083984375,0.08301226794719696,0.023528167977929115,207.90458679199216,blasting
1478,0.37654316425323486,0.18152353167533877,130.4544677734375,0.01987852528691292,0.09825260937213896,122.16394805908205,blasting
1479,0.06228518858551979,0.01443360187113285,78.94535064697266,0.2135052978992462,0.009147907607257366,144.4966278076172,scaling
1480,0.486211210489273,0.32033219933509827,1757.2696533203125,0.04540085792541504,0.04301956668496132,78.15533447265625,blasting
1481,0.14417976140975952,0.045429710298776634,125.38021087646484,0.05219744518399239,0.03741813823580742,104.0367965698242,blasting
1482,0.363125205039978,0.051250025629997246,344.39801025390625,0.03209227696061134,0.060859672725200646,77.10839080810547,blasting
1483,0.01126953773200512,0.0032031266018748283,53.29679107666016,0.8101792335510254,0.002410733141005039,2218.36962890625,microseismic
1484,0.01828126050531864,0.01384766399860382,100.1598434448242,0.702046275138855,0.002782047726213932,2023.9304199218752,scaling
1485,0.4872658848762512,0.23746106028556824,91.52544403076173,0.027457060292363167,0.0711338222026825,872.2137451171875,drilling
1486,0.08201175928115843,0.07283207029104231,93.11344146728516,0.18242818117141724,0.010706271044909954,109.7403564453125,electric noise
1487,0.4880471229553223,0.0999023988842964,50.675418853759766,0.016254741698503494,0.12015805393457411,971.2177124023436,drilling
1488,0.07498051226139069,0.019433604553341866,429.1492614746094,0.11530616134405136,0.01693861372768879,120.03118896484376,blasting
1489,0.48730495572090154,0.3762502074241638,52.98087310791016,0.01884036883711815,0.10366731882095336,1087.6146240234375,drilling
1490,0.3291798532009125,0.032363299280405045,468.9968872070313,0.03166584298014641,0.06167950481176376,106.32485198974608,blasting
1491,0.48796901106834406,0.41421896219253534,284.300537109375,0.025592833757400513,0.07631559669971466,1639.4483642578125,drilling
1492,0.327304869890213,0.003066407982259989,324.37762451171875,0.030834693461656567,0.06334188580513,119.1549606323242,blasting
1493,0.39542990922927856,0.03345704823732376,65.54588317871094,0.14358384907245636,0.013602744787931442,50.57786178588867,scaling
1494,0.01964844763278961,0.019570322707295414,549.3798217773438,2.9718377590179443,0.0006572115235030651,559.8406372070312,electric noise
1495,0.0038476584013551474,0.0010742193553596735,4716.43359375,4.90922737121582,0.0003978482272941619,1299.49169921875,electric noise
1496,0.019882822409272197,0.0014843757962808013,143.99993896484375,0.6369855999946593,0.003066199366003275,251.47335815429688,electric noise
1497,0.015058602206408976,0.004960940219461918,360.9468383789063,0.5105892419815063,0.003825236344709992,664.072265625,scaling
1498,0.4882424473762512,0.4729689955711365,184.72760009765625,0.020051682367920876,0.09740448743104935,1489.0142822265625,drilling
1499,9.765630238689482e-05,3.906252095475793e-05,310.7347412109375,32.811363220214844,5.9525904362089925e-05,20479.98828125,electric noise
1500,0.35894551873207087,0.03185548633337021,118.65758514404295,0.13767424225807187,0.014186558313667774,323.1688232421875,scaling
1501,0.48828151822090154,0.046796899288892746,655.8292846679688,0.02679818123579025,0.07288268953561783,1611.775146484375,drilling
1502,0.4880861937999725,0.3944923877716064,181.21011352539065,0.021791767328977585,0.08962669968605042,1434.1729736328125,drilling
1503,0.4872658848762512,0.1240430325269699,330.633056640625,0.02410261891782284,0.08103395253419875,802.4366455078125,drilling
1504,0.47822290658950806,0.2718556225299835,67.12273406982422,0.03026547469198704,0.06453337520360947,106.64482879638672,scaling
1505,0.45269554853439326,0.0004687502514570952,3461.56591796875,0.05716223269701004,0.034168045967817307,119.28546905517578,electric noise
1506,0.48828151822090154,0.0769922286272049,905.3468627929688,0.031584542244672775,0.06183789670467377,913.407470703125,drilling
1507,0.3882033228874207,0.00716797262430191,135.8551483154297,0.025745458900928497,0.07586322724819182,113.34266662597656,blasting
1508,0.48820337653160095,0.40259787440299993,191.18811035156247,0.021013155579566956,0.09294734895229341,1886.5089111328125,drilling
1509,0.48535183072090154,0.06433597207069397,613.2234497070312,0.022492513060569763,0.08683396130800246,1675.073486328125,drilling
1510,0.4839650988578796,0.3146290779113769,2627.5595703125,0.049741491675376885,0.03926544636487961,61.98794174194336,blasting
1511,0.07986332476139069,0.06552737951278687,52.48382186889648,0.2660270929336548,0.007341846358031034,137.7353057861328,electric noise
1512,0.4880080819129944,0.10003911703824996,51.1455078125,0.01906589046120644,0.10244108736515044,983.5902709960936,drilling
1513,0.31472674012184143,0.2783985733985901,4630.76123046875,0.043295178562402725,0.04511209577322006,98.49814605712889,blasting
1514,0.4769924581050873,0.0017187509220093489,106.9513931274414,0.03440804034471512,0.056763757020235055,511.5384826660156,blasting
1515,0.3231056332588196,0.0029101578984409566,68.1535415649414,0.11800494045019148,0.01655115932226181,40.23451995849609,scaling
1516,0.380508005619049,0.10648443549871443,73.10839080810547,0.07699455320835114,0.025367042049765583,522.9850463867188,scaling
1517,0.00025390638620592654,0.00015625008381903172,580.6875,10.859386444091797,0.00017985601152759043,7876.918945312499,electric noise
1518,0.38931661844253534,0.0011132818181067703,87.11135101318358,0.11815929412841795,0.016529615968465805,146.410400390625,scaling
1519,0.4773635268211365,0.09378911554813384,63.003692626953125,0.02936447039246559,0.06651315838098526,161.30264282226562,electric noise
1520,0.4880861937999725,0.4346682131290436,293.4185791015625,0.023611040785908696,0.08272087574005128,1458.7587890625,drilling
1521,0.48650416731834406,0.466035395860672,57.91309356689453,0.024529464542865757,0.07962290942668913,594.033935546875,drilling
1522,0.27810561656951904,0.2201954275369644,109.4101333618164,0.034983064979314804,0.05583065003156661,86.29814910888672,blasting
1523,0.3278126716613769,0.08013676106929779,119.01004791259764,0.09018056094646451,0.02165799960494041,222.6881561279297,scaling
1524,0.005957034416496754,0.0013671882916241884,332.47296142578125,1.6930181980133057,0.0011536348611116407,1510.81884765625,microseismic
1525,0.40324240922927856,0.1583789885044098,162.83119201660156,0.028906187042593956,0.06756746023893356,99.19591522216797,blasting
1526,0.029101578518748283,0.002812501508742571,85.25686645507811,0.32441011071205134,0.006020542234182358,171.81198120117188,scaling
1527,0.4822268187999725,0.1512305438518524,234.0815887451172,0.03032920137047768,0.06439774483442307,1005.7507934570312,drilling
1528,0.28121107816696167,0.05976565554738045,52.68971633911133,0.12710435688495636,0.01536627486348152,67.56490325927734,scaling
1529,0.008203129284083843,0.0021679699420928955,311.6967468261719,0.8025798797607421,0.0024335591588169336,2681.9033203125,microseismic
1530,0.361172080039978,0.009472661651670931,337.983642578125,0.02863814868032932,0.06820012629032135,113.51929473876952,blasting
1531,0.004531252197921276,0.0008984379819594324,58.665576934814446,1.7154775857925415,0.0011385317193344235,5958.61767578125,microseismic
1532,7.812504190951586e-05,3.906252095475793e-05,205.5437774658203,37.8176383972168,5.1645896746777e-05,25599.986328125,electric noise
1533,0.48810574412345886,0.3730275332927704,1067.4246826171875,0.021933116018772125,0.08904903382062912,1450.50537109375,drilling
1534,0.011894538067281246,0.0039843772538006314,51.91526412963867,0.5158025622367859,0.003786577610298991,2774.382568359375,microseismic
1535,0.483281522989273,0.10339849442243576,53.39390563964844,0.03016062267124653,0.06475742906332016,2737.534912109375,scaling
1536,0.42375022172927856,0.3060157895088196,73.79385375976561,0.03093290515244007,0.06314045935869217,186.4305877685547,electric noise
1537,0.2509962320327759,0.08345707505941392,4545.8759765625,0.05438880622386932,0.03591049462556839,143.4284515380859,blasting
1538,0.41056662797927856,0.22566418349742887,6212.19482421875,0.0333670936524868,0.05853429064154625,153.44647216796875,blasting
1539,0.019785167649388317,0.0018945322372019289,118.48793792724608,0.4918254911899567,0.003971179481595755,960.3153686523436,microseismic
1540,0.48828151822090154,0.10025396198034286,57.0181770324707,0.033050701022148125,0.05909483134746552,153.59991455078125,electric noise
1541,0.0007421878981404006,0.0005273440619930625,3649.02734375,5.037027835845947,0.0003877536510117352,5389.470703125,electric noise
1542,0.48806667327880854,0.0898633301258087,265.0358581542969,0.023229865357279778,0.08407783508300781,1628.8758544921875,drilling
1543,0.47578150033950806,0.2450977861881256,2714.40869140625,0.06581077724695206,0.029677849262952805,46.23971176147461,blasting
1544,0.46646508574485773,0.271289199590683,232.10499572753903,0.025559671223163605,0.07641404867172241,126.48320770263672,blasting
1545,0.471406489610672,0.001640625880099833,403.5807800292969,0.047886911779642105,0.040786299854516976,44.54754257202149,blasting
1546,0.4875198006629944,0.027050795033574104,56.633834838867195,0.0235114861279726,0.08307120203971863,707.66357421875,drilling
1547,0.48820337653160095,0.22824230790138245,68.85519409179688,0.021236246451735497,0.09197153896093369,1190.0777587890625,drilling
1548,0.012597663328051569,0.00412109587341547,61.89834976196289,0.8586552739143372,0.0022746343165636063,2063.874755859375,microseismic
1549,0.48650416731834406,0.27144545316696167,116.7813491821289,0.024108536541461945,0.08101370185613632,1235.343994140625,drilling
1550,0.00011718756286427379,7.812504190951586e-05,62.61506271362305,24.02179908752441,8.130640344461426e-05,17066.658203125,electric noise
1551,0.3906252086162567,0.01804688386619091,55.78460311889648,0.060873717069625854,0.032084837555885315,143.35992431640625,scaling
1552,0.008164066821336746,0.001640625880099833,291.05670166015625,1.2249081134796143,0.0015945072518661618,2204.783447265625,microseismic
1553,0.006972659844905138,0.0004101564700249583,51.232303619384766,1.234254002571106,0.0015824352158233523,3155.180419921875,microseismic
1554,0.46455103158950806,0.3827541172504425,75.90341949462889,0.03965435177087784,0.049253646284341805,51.662784576416016,electric noise
1555,0.4874612092971802,0.47511744499206543,62.725135803222656,0.02073982544243336,0.0941728726029396,1191.8897705078125,drilling
1556,0.32042986154556274,0.0027734390459954734,127.8759994506836,0.1627800315618515,0.01199851743876934,365.13452148437506,drilling
1557,0.4829690158367157,0.23121106624603271,95.1314697265625,0.026019260287284848,0.07506436109542847,80.75051879882812,blasting
1558,0.01837891526520252,0.004511720966547728,58.35201644897461,0.5178725123405457,0.003771441755816341,924.9729614257811,scaling
1559,0.00011718756286427379,5.8593781432136886e-05,109.04103088378906,36.75366973876953,5.314098234521225e-05,17066.658203125,electric noise
1560,0.16205087304115295,0.03062501549720764,53.22983551025391,0.2474680095911026,0.007892422378063204,314.7159729003906,scaling
1561,0.39234396815299993,0.10447271168231964,109.50991821289062,0.03116432949900627,0.06267192214727402,61.17081451416016,blasting
1562,0.48781275749206543,0.2913868725299835,183.22837829589844,0.02172753214836121,0.08989179134368896,2039.7170410156248,drilling
1563,0.2955470383167267,9.765630238689482e-05,69.5739974975586,0.3893125653266906,0.005016871262341738,33.8355598449707,electric noise
1564,0.47187525033950806,0.09988286346197128,52.0809440612793,0.04020638018846512,0.0485776960849762,648.4765014648438,drilling
1565,0.016171883791685104,0.006601565983146429,75.93258666992188,0.500235080718994,0.003904420416802168,2164.25,microseismic
1566,0.4282033443450928,0.1357031911611557,77.85504913330078,0.022915298119187355,0.0852324962615967,128.4436492919922,blasting
1567,0.0032031266018748283,0.0013867195229977367,152.7400360107422,1.9522994756698608,0.001000423333607614,1873.1697998046875,microseismic
1568,0.2905665636062622,0.12478522211313248,1075.317626953125,0.033002208918333054,0.05918153002858162,99.80501556396483,blasting
1569,0.015644539147615433,0.0019726573955267668,87.15374755859375,0.572006106376648,0.0034145184326916933,2301.122314453125,microseismic
1570,0.07535160332918166,0.00716797262430191,6701.52685546875,0.20659270882606504,0.009454005397856237,39.81335449218751,electric noise
1571,0.00017578134429641068,9.765630238689482e-05,1216.4654541015625,18.332658767700195,0.00010653808567440136,11377.771484375,electric noise
1572,0.32962909340858454,0.003867189632728696,501.3064575195313,0.029125969856977463,0.06705769896507263,160.78677368164062,blasting
1573,0.018242197111248967,0.0042187524959445,110.68270111083984,0.45834913849830633,0.004261224064975977,2192.71826171875,microseismic
1574,0.3664064407348633,0.01187500637024641,363.0070495605469,0.024690814316272732,0.07910327613353729,180.12783813476562,blasting
1575,0.45095726847648626,0.08294926583766937,52.161746978759766,0.07027605921030045,0.02779215946793556,39.915088653564446,scaling
1576,0.48798853158950806,0.28896498680114746,102.45450592041016,0.018860146403312683,0.10355906933546066,649.6054077148438,drilling
1577,0.36890643835067755,0.08378911018371582,407.5245361328125,0.02567501738667488,0.07607091218233107,130.11428833007812,blasting
1578,0.4618947803974152,0.19000010192394257,1610.669189453125,0.04917255789041519,0.03971973061561584,88.76480102539062,blasting
1579,0.4816604256629944,0.3402150273323059,248.2372283935547,0.03034950420260429,0.06435449421405792,510.7332763671875,drilling
1580,0.0002148438652511686,9.765630238689482e-05,198.24151611328125,17.701740264892578,0.0001103352624340914,9309.0859375,electric noise
1581,0.19267588853836057,0.013222663663327692,5890.42724609375,0.08016997575759886,0.024362359195947647,108.99132537841795,blasting
1582,0.48828151822090154,0.028515640646219254,4857.46435546875,0.05901116132736206,0.033097513020038605,43.007976531982415,blasting
1583,0.48611354827880854,0.008515629917383196,341.2127380371094,0.03787202015519142,0.05157194286584854,78.17103576660156,blasting
1584,0.4785940051078796,0.07197269797325134,796.097900390625,0.03166716918349266,0.06167668104171753,1328.892578125,drilling
1585,0.48828151822090154,0.4264455437660217,54.05239105224609,0.020180126652121544,0.09678521752357483,1173.5032958984375,drilling
1586,0.017500009387731552,0.017421884462237358,3694.920166015625,4.5523362159729,0.00042903819121420383,171.42848205566406,electric noise
1587,0.2702540457248688,0.254980593919754,97.29195404052734,0.12560932338237762,0.015549233183264732,133.2079925537109,scaling
1588,0.4844533801078796,0.3082814216613769,649.9931640625,0.032440029084682465,0.060207180678844445,1407.772216796875,drilling
1589,0.1263672560453415,0.04162111505866051,2788.402099609375,0.1556607484817505,0.012547285296022892,110.78819274902344,electric noise
1590,0.00031250016763806343,0.00025390638620592654,93.81498718261719,10.663090705871582,0.0001831669796956703,6399.99658203125,electric noise
1591,0.17675790190696716,0.03302736207842827,1583.000732421875,0.06825820356607437,0.028613751754164692,84.86183929443358,blasting
1592,0.007949222810566425,0.00765625387430191,4548.1416015625,6.442995548248291,0.00030313947354443366,503.19384765625,electric noise
1593,0.029042983427643772,0.0039843772538006314,145.60552978515625,0.10831772536039352,0.018031476065516472,172.1586151123047,electric noise
1594,0.06494144350290297,0.041523460298776634,96.42748260498048,0.19178110361099243,0.010184134356677532,338.7667236328125,scaling
1595,0.06003909558057785,5.8593781432136886e-05,120.41600799560545,3.8540291786193848,0.0005067738820798695,66.62325286865233,electric noise
1596,0.48634791374206543,0.015917977318167686,170.2994842529297,0.024629760533571243,0.07930001616477966,1426.9620361328125,drilling
1597,0.4876369833946228,0.46197289228439326,90.56416320800781,0.023668715730309486,0.08251934498548508,1238.6263427734375,drilling
1598,0.0004101564700249583,9.765630238689482e-05,71.22567749023438,14.824974060058592,0.00013174564810469747,7314.28173828125,electric noise
1599,0.0008007816504687072,0.0006250003352761269,69.98954772949219,4.970855712890625,0.000392915535485372,2497.559814453125,electric noise
1600,0.47453150153160095,0.3632814586162567,85.84358978271484,0.03710786998271942,0.052633762359619134,136.97720336914062,electric noise
1601,0.3920509815216064,0.22167980670928955,145.07797241210935,0.038663461804389954,0.05051620304584503,1254.9388427734375,drilling
1602,9.765630238689482e-05,5.8593781432136886e-05,162.10745239257812,33.42871856689453,5.8426594478078187e-05,20479.98828125,electric noise
1603,0.2491016983985901,0.10046880692243576,72.4219970703125,0.08766815811395645,0.02227862551808357,48.173095703125,electric noise
1604,0.3605665862560272,0.0997266173362732,151.43121337890625,0.024672700092196465,0.0791621208190918,110.93651580810545,blasting
1605,0.3573439419269562,0.02351563796401024,72.68533325195312,0.12802676856517792,0.015255614183843136,260.25347900390625,scaling
1606,0.0005273440619930625,5.8593781432136886e-05,95.62902069091795,12.471054077148436,0.0001566127175465226,7585.180664062499,electric noise
1607,0.48806667327880854,0.47328150272369374,80.16631317138672,0.014959752559661863,0.13055869936943054,1487.501708984375,drilling
1608,0.4848244786262512,0.23652356863021848,232.61436462402344,0.027795167639851567,0.07026844471693039,88.69189453125,blasting
1609,0.4373049139976501,0.1000586450099945,52.43698120117188,0.08168882876634596,0.023909427225589752,77.74895477294922,scaling
1610,0.3197072148323059,0.16910165548324585,3568.41064453125,0.06564514338970184,0.029752677306532856,46.91792678833008,electric noise
1611,0.41328147053718567,0.3978517651557922,4020.3823242187505,0.1246642768383026,0.015667112544178963,24.196584701538082,electric noise
1612,0.3062501549720764,0.013066412881016731,454.19155883789057,0.03798368945717812,0.05142004042863846,169.79583740234375,blasting
1613,0.003417970612645149,0.0011914068600162864,62.45151138305664,2.3667469024658203,0.0008252367842942476,3803.426513671875,microseismic
1614,0.4877541661262512,0.4628518223762512,159.69036865234375,0.02997458167374134,0.06515935808420181,1164.5211181640625,drilling
1615,0.3489454984664917,0.010058599524199963,507.0993957519531,0.037317231297492974,0.052338391542434685,88.8390884399414,blasting
1616,0.29427748918533325,0.0209179800003767,56.304237365722656,0.09343758970499039,0.02090311050415039,356.8060913085937,scaling
1617,0.4825197756290436,0.23537121713161469,362.9291076660156,0.030072622001171112,0.06494695693254471,1483.876953125,drilling
1618,0.4800393283367157,0.25091809034347534,745.6016235351561,0.03196871280670166,0.06109491363167762,1791.5198974609375,drilling
1619,0.485937774181366,0.2665235698223114,925.2926025390624,0.02781866118311882,0.07020910084247589,1580.44921875,drilling
1620,0.388027548789978,0.008750004693865776,256.5120849609375,0.035486165434122086,0.05503905192017555,95.35405731201172,blasting
1621,0.16048836708068848,0.014882820658385752,86.48311614990233,0.22101160883903503,0.00883722025901079,12.461962699890137,electric noise
1622,0.09351567178964615,0.0865430161356926,55.89997100830078,0.24198533594608304,0.00807127170264721,139.01412963867188,scaling
1623,0.3854884803295136,0.00765625387430191,56.86210632324219,0.09850065410137177,0.019828578457236287,90.79389190673827,scaling
1624,0.00017578134429641068,5.8593781432136886e-05,1235.11474609375,17.190017700195312,0.00011361978249624372,11377.771484375,electric noise
1625,0.48585963249206543,0.40001973509788513,576.7794799804688,0.02794616110622883,0.06988874077796936,1327.5439453125,drilling
1626,0.4502932131290436,0.09226567298173904,52.566402435302734,0.052148021757602685,0.037453442811965935,632.9209594726562,scaling
1627,0.48685571551322937,0.26095718145370483,94.62859344482419,0.023483626544475555,0.08316989243030547,1793.1390380859375,drilling
1628,0.30177751183509827,0.2746095359325409,5654.033203125,0.05601915344595909,0.03486527130007744,119.29318237304688,blasting
1629,0.2774806320667267,0.0018945322372019289,2136.103515625,0.05955848097801208,0.03279360011219978,122.53107452392578,blasting
1630,0.4882229268550873,0.3214845359325409,54.929702758789055,0.01681957207620144,0.1161225289106369,1716.4290771484375,drilling
1631,0.00011718756286427379,3.906252095475793e-05,68.39422607421875,26.832687377929688,7.278905832208693e-05,17066.658203125,electric noise
1632,0.4880471229553223,0.1506836712360382,934.9682006835936,0.02933158539235592,0.06658805906772614,1977.26806640625,drilling
1633,0.14248055219650269,0.09966801851987839,50.53649902343751,0.06036675348877906,0.03235439583659172,715.8871459960938,electric noise
1634,0.4869729280471802,0.3960744440555573,965.4638061523436,0.02486938238143921,0.07853525131940842,1386.114013671875,drilling
1635,0.3112111091613769,0.015058602206408976,6391.90087890625,0.033438727259635925,0.058409061282873154,186.36866760253903,blasting
1636,0.3866798877716064,0.38443380594253534,3205.580322265625,1.02568519115448,0.0019042163621634245,7.758355617523193,electric noise
1637,0.2761134207248688,0.022871106863021847,78.96167755126953,0.24687415361404416,0.007911411114037037,181.0850067138672,scaling
1638,0.46064478158950806,0.24312512576580048,214.4275665283203,0.02998232655227184,0.06514212489128113,80.32219696044922,blasting
1639,0.4865627586841583,0.4719143211841583,414.04534912109375,0.032790977507829666,0.05956310406327248,1274.24462890625,drilling
1640,0.11359380930662157,0.03935549035668373,86.46038055419923,0.18788680434226987,0.010395193472504616,1082.8055419921875,scaling
1641,0.4847072958946228,0.2792384326457977,189.98423767089844,0.029482148587703705,0.06624773144721985,1666.9854736328125,drilling
1642,0.00029296890716068447,0.0002148438652511686,281.76171875,9.62647533416748,0.0002028910821536556,6826.6630859375,electric noise
1643,0.48828151822090154,0.006347659509629011,83.5145263671875,0.021972468122839928,0.08888939768075944,2039.8068847656248,drilling
1644,0.30001968145370483,0.010000005364418028,385.62866210937506,0.04927500709891319,0.03963720053434372,86.66098022460938,blasting
1645,0.48820337653160095,0.375332236289978,140.93487548828125,0.0208684541285038,0.0935920402407646,1093.806396484375,drilling
1646,0.48806667327880854,0.09982427209615709,50.439884185791016,0.018141984939575195,0.10765788704156876,1655.511474609375,drilling
1647,0.259863406419754,0.14546883106231687,128.99720764160156,0.03484748303890228,0.05604775995016097,107.74891662597656,blasting
1648,0.345566600561142,0.010253911837935448,238.26223754882807,0.02646275609731674,0.07380673289299011,109.9643325805664,blasting
1649,0.29839858412742615,0.009160161018371582,3320.5068359375,0.045577801764011376,0.04285280406475067,120.64400482177734,blasting
1650,0.44925805926322937,0.29503920674324036,979.8250732421875,0.033380478620529175,0.058510836213827126,151.3606719970703,electric noise
1651,0.3273243904113769,0.0760156661272049,6007.56298828125,0.03594374284148216,0.054338693618774414,164.9739532470703,blasting
1652,0.4311135113239288,0.14423835277557373,3150.87841796875,0.27535393834114075,0.007093122694641352,18.55659866333008,electric noise
1653,0.2779102921485901,0.276347815990448,226.82482910156247,1.2368929386138916,0.0015790583565831184,14.393134117126465,electric noise
1654,0.24431653320789337,0.013183601200580595,6116.18505859375,0.0528206042945385,0.03697657212615013,139.16372680664062,blasting
1655,0.00025390638620592654,0.00015625008381903172,3158.04541015625,12.004338264465332,0.00016270167543552816,7876.918945312499,electric noise
1656,0.40777364373207087,0.06888675689697266,260.50274658203125,0.024127589538693428,0.08095013350248335,134.87875366210935,blasting
1657,0.09820317476987839,0.09814458340406416,96.5696792602539,2.369112491607666,0.0008244122727774084,30.548910140991207,electric noise
1658,0.09419927000999449,0.0011718756286427379,76.64635467529295,0.4461566507816314,0.004377661272883415,318.47381591796875,scaling
1659,9.765630238689482e-05,3.906252095475793e-05,51.370582580566406,34.5162467956543,5.658570444211364e-05,20479.98828125,electric noise
1660,0.30376970767974854,0.010019537061452864,5187.365234375,0.031477492302656174,0.06204827502369881,161.30641174316406,blasting
1661,0.4841213524341583,0.09900395572185516,53.80901336669922,0.0354185625910759,0.05514433607459068,206.55978393554688,electric noise
1662,0.18384775519371033,0.006210940890014172,240.77638244628903,0.28247928619384766,0.006914209574460983,59.83211517333984,scaling
1663,0.3626955151557922,0.001015625544823706,5610.2744140625,0.06481048464775085,0.030136030167341232,71.68547058105469,blasting
1664,0.32808610796928406,0.09281255304813384,95.83875274658205,0.11029545962810516,0.01770808920264244,33.52778244018555,scaling
1665,0.07511723041534422,0.07498051226139069,51.10875701904297,1.1168779134750366,0.001748737646266818,66.5626220703125,electric noise
1666,0.48828151822090154,0.4854690134525299,1119.4532470703125,0.0181603878736496,0.10754895210266112,3135.486328125,drilling
1667,0.01267578825354576,0.00457031512632966,68.56893920898438,0.6381503343582153,0.0030606016516685486,2366.716796875,microseismic
1668,0.4139064848423004,0.2167774587869644,221.12973022460935,0.03886627778410912,0.050252147018909454,123.2162399291992,blasting
1669,0.48722681403160095,0.2986915707588196,56.991653442382805,0.019231043756008148,0.1015607863664627,1057.0025634765625,drilling
1670,0.004687502514570952,0.0026367201935499902,194.12875366210935,2.5324103832244877,0.0007712516817264259,1919.9990234375,electric noise
1671,0.4031447470188141,0.0022265636362135406,190.71551513671875,0.052886351943016045,0.03693034499883652,99.2199478149414,blasting
1672,0.48818385601043696,0.020371105521917343,53.89445114135742,0.018395517021417614,0.10617376118898392,999.6234130859376,drilling
1673,0.37175801396369934,0.3716798722743988,4669.71484375,2.2695834636688232,0.0008605668554082512,16.139530181884766,electric noise
1674,0.0002734376466833055,5.8593781432136886e-05,1125.5406494140625,14.840918540954588,0.00013160411617718637,10971.4228515625,electric noise
1675,0.10804693400859831,0.09761723875999449,66.98936462402344,0.14992399513721466,0.01302744448184967,212.87045288085935,scaling
1676,0.3145314157009125,0.018320322036743164,52.039180755615234,0.08200185745954514,0.023818001151084896,178.04263305664062,scaling
1677,0.48828151822090154,0.0004296877305023372,184.1664276123047,0.027715010568499565,0.07047176361083984,643.0716552734375,drilling
1678,0.4821877479553223,0.1080273985862732,1262.96337890625,0.031169241294264797,0.06266245245933533,1569.9278564453125,drilling
1679,0.3603517413139343,0.27062514424324036,83.33567810058594,0.026944609358906742,0.07248672097921371,133.20318603515625,blasting
1680,0.35304707288742065,0.010253911837935448,486.8255004882813,0.03624463826417922,0.05388759449124336,79.30953979492188,blasting
1681,0.010527349077165127,0.0022070324048399925,64.98001861572266,0.9309010505676268,0.002098103752359748,2279.776123046875,microseismic
1682,0.4882619678974152,0.240332156419754,145.68667602539062,0.02063247002661228,0.094662606716156,2306.13916015625,drilling
1683,0.0008789066923782228,0.0007031253771856427,4178.71533203125,3.9391896724700928,0.000495819258503616,3413.33154296875,electric noise
1684,0.48408228158950806,0.375136911869049,791.8121948242188,0.0541798323392868,0.036049116402864456,772.595947265625,drilling
1685,0.34334003925323486,0.08607426285743713,51.127151489257805,0.14828678965568542,0.013171231374144554,136.89053344726562,scaling
1686,0.04384768009185791,0.0052734403870999804,59.82899475097656,0.2947945892810821,0.006625377107411623,410.5120239257813,scaling
1687,0.4863869845867157,0.421914279460907,79.38335418701172,0.023628124967217445,0.08266119658946992,904.6294555664062,drilling
1688,0.006035159341990948,0.002519532572478056,99.72337341308592,1.3431546688079832,0.0014541327254846692,4805.17529296875,microseismic
1689,0.1273047626018524,0.03085939213633537,77.54157257080078,0.1317934691905975,0.014819581992924212,39.27582931518555,electric noise
1690,0.24099622666835785,0.09636723995208739,77.96004486083984,0.04358422383666039,0.04481260851025581,124.4832763671875,blasting
1691,0.011699224822223186,0.004257814958691597,120.9816665649414,0.7153221368789673,0.0027304126415401697,2307.84521484375,microseismic
1692,0.25863295793533325,0.14736336469650269,22.334115982055664,0.09166841208934785,0.021306455135345456,297.7192077636719,scaling
1693,0.3107228279113769,0.016328133642673492,239.5138397216797,0.03218890726566315,0.060677312314510345,109.42227935791016,blasting
1694,0.0783008262515068,0.0006835941458120942,66.68551635742188,0.3813844323158264,0.00512114679440856,727.961669921875,scaling
1695,0.4823635518550873,0.1193164736032486,25.56288719177246,0.05798211321234703,0.03368507698178291,381.45501708984375,scaling
1696,0.106621153652668,0.08869145065546036,67.60121154785156,0.106087289750576,0.018410544842481613,1181.7542724609375,scaling
1697,0.4865432381629944,0.030273454263806343,3538.54296875,0.04968025162816048,0.03931403532624245,86.32326507568358,blasting
1698,0.4638674259185791,0.2695118486881256,499.77270507812494,0.028910744935274124,0.06755731999874115,301.81036376953125,electric noise
1699,0.21923840045928955,0.06001956388354301,432.8763732910156,0.48482823371887207,0.0040284888818860045,136.83734130859375,electric noise
1700,0.2548634111881256,0.0011523443972691891,147.61544799804688,0.09909375756978989,0.019709883257746696,15.69468116760254,electric noise
1701,0.44275414943695063,0.08570317178964615,52.65548706054688,0.032630555331707,0.05985572189092636,246.186279296875,blasting
1702,0.4867971241474152,0.004863284062594175,114.6719741821289,0.02190375328063965,0.08916843682527542,115.03765869140624,blasting
1703,0.4875588417053223,0.233750119805336,2033.1247558593752,0.059207670390605927,0.03298776596784592,67.68413543701172,blasting
1704,0.013281256891787052,0.002949220361188054,89.48045349121092,0.5959834456443787,0.003277149749919772,2032.9400634765625,microseismic
1705,0.00011718756286427379,7.812504190951586e-05,300.3416748046875,30.40544319152832,6.42360610072501e-05,17066.658203125,electric noise
1706,0.3216017484664917,0.01341797597706318,337.7886962890625,0.0379343219101429,0.05148695781826973,121.2679977416992,blasting
1707,0.3063282966613769,0.10744146257638933,58.56688690185546,0.033812180161476135,0.05776406452059746,130.578857421875,blasting
1708,0.4870510399341583,0.13730476796627045,546.0335083007812,0.027046434581279755,0.07221417129039763,1829.3770751953125,drilling
1709,0.4302932024002075,0.4239064753055573,2263.145263671875,0.09567034989595412,0.02041509374976158,13.94398021697998,electric noise
1710,0.0003515626885928213,0.00017578134429641068,91.62433624267578,14.358213424682615,0.00013602848048321903,11377.771484375,electric noise
1711,0.3762111365795136,0.040097676217556,88.88074493408203,0.02210654877126217,0.08835037797689436,119.61368560791016,blasting
1712,0.0002343751257285476,5.8593781432136886e-05,50.507450103759766,24.16742515563965,8.081647683866322e-05,8533.3291015625,electric noise
1713,0.48828151822090154,0.10003911703824996,52.39776611328125,0.01930573582649231,0.10116807371377944,905.2155151367188,drilling
1714,0.0017382821533828972,0.00011718756286427379,86.5748519897461,4.302600383758545,0.0004539408546406776,4026.964111328125,microseismic
1715,0.48115259408950806,0.12193366140127182,108.22611236572264,0.018969248980283737,0.1029624342918396,101.83879089355467,blasting
1716,0.3203126788139343,0.01916016638278961,2303.364990234375,0.028311662375926968,0.06898674368858337,124.87797546386717,blasting
1717,0.4316408634185791,0.09851567447185516,107.57310485839844,0.02256100438535213,0.0865708738565445,125.10400390625,blasting
1718,0.00025390638620592654,9.765630238689482e-05,82.81173706054686,14.888673782348633,0.0001311819942202419,7876.918945312499,electric noise
1719,0.01119141187518835,0.005820315796881913,1713.809326171875,0.2851884067058563,0.006848542485386133,178.70846557617188,electric noise
1720,0.39615255594253534,0.29080092906951904,113.6422653198242,0.10793279111385344,0.018095798790454865,90.87408447265624,scaling
1721,0.026015639305114743,0.020273448899388317,360.75775146484375,1.0725995302200315,0.001820927252992988,1345.3446044921875,microseismic
1722,0.3796291053295136,0.0218945425003767,50.98010253906249,0.10416394472122192,0.018750615417957302,308.195556640625,scaling
1723,0.00017578134429641068,9.765630238689482e-05,61.573047637939446,24.05580139160156,8.119147969409822e-05,11377.771484375,electric noise
1724,0.4869729280471802,0.17458993196487427,590.518310546875,0.025761159136891365,0.07581678032875061,1659.2298583984375,drilling
1725,0.4794729053974152,0.09130864590406416,55.60704040527344,0.07128036022186279,0.027400625869631767,406.6965942382813,scaling
1726,0.39324238896369934,0.032363299280405045,58.43680953979492,0.0742328241467476,0.026310902088880535,528.9358520507812,scaling
1727,0.41771507263183594,0.030742203816771507,65.00186920166016,0.08927885442972182,0.021876685321331024,136.45664978027344,scaling
1728,0.48667994141578674,0.399258017539978,158.9958343505859,0.025134310126304623,0.07770736515522003,1812.279296875,drilling
1729,0.08259770274162291,0.00882812961935997,59.261985778808594,0.20268568396568296,0.009636209346354008,181.6031188964844,scaling
1730,0.4848244786262512,0.404140830039978,947.695068359375,0.039358951151371,0.049623530358076096,437.27163696289057,drilling
1731,0.29216811060905457,0.21484386920928955,93.03627014160156,0.026207117363810536,0.07452660053968428,123.21673583984376,blasting
1732,0.13654303550720215,0.0004492189909797162,214.28256225585935,1.6890959739685059,0.0011563135776668787,21.971094131469727,electric noise
1733,0.47988307476043696,0.35152363777160645,441.6868896484375,0.03693832084536552,0.05287540331482887,343.8337707519531,drilling
1734,0.00029296890716068447,0.00019531260477378964,5431.32568359375,12.147342681884764,0.00016078630869742483,6826.6630859375,electric noise
1735,0.30400407314300537,0.00914063025265932,3389.12158203125,0.043385256081819534,0.04501824826002121,138.15603637695312,blasting
1736,0.4859182238578796,0.08453129231929779,316.3482971191406,0.03463846817612648,0.05638594180345535,1352.079345703125,drilling
1737,0.13259772956371307,0.008789067156612873,142.29998779296875,0.06285282224416733,0.031074572354555127,105.58250427246092,blasting
1738,0.3764259815216064,0.11457037180662157,257.26104736328125,0.04498335346579552,0.04341883957386017,58.44442367553711,blasting
1739,0.10849615186452864,0.003808595705777407,144.19573974609375,0.31374606490135193,0.0062251887284219265,221.2060089111328,scaling
1740,0.14501960575580597,0.08710942417383195,68.56143188476562,0.07782065868377684,0.025097772479057312,530.9627075195312,scaling
1741,0.4811721444129944,0.23417980968952176,4154.35107421875,0.04890760779380798,0.03993512317538261,54.034713745117195,blasting
1742,0.48806667327880854,0.10003911703824996,11.11172103881836,0.02613620087504387,0.0747288167476654,1462.9149169921875,scaling
1743,0.48771509528160095,0.47648462653160095,84.88382720947266,0.029841136187314987,0.06545063853263855,563.853759765625,drilling
1744,0.01455078925937414,0.002246094867587089,74.12906646728516,0.7456904649734497,0.0026192173827439542,1443.220703125,microseismic
1745,7.812504190951586e-05,3.906252095475793e-05,158.86798095703125,38.367084503173835,5.090629929327405e-05,25599.986328125,electric noise
1746,0.484961211681366,0.08222660422325134,782.9865112304686,0.023876067250967022,0.0818030908703804,1967.1676025390625,drilling
1747,0.0042773461900651455,0.0005664065247401595,102.03691864013672,2.056098699569702,0.0009499184088781475,4909.58642578125,microseismic
1748,0.48136743903160095,0.27912124991416926,178.3407440185547,0.021964142099022865,0.08892329037189484,876.669189453125,drilling
1749,0.4870315194129944,0.4611916542053223,955.0743408203123,0.0348692461848259,0.05601299926638603,1194.9945068359375,drilling
1750,0.38834005594253534,0.24800793826580048,62.50677490234375,0.05308905243873596,0.0367896594107151,131.3282012939453,scaling
1751,0.4877346456050873,0.419472873210907,768.868896484375,0.02830912359058857,0.06899278610944748,1849.3662109375,drilling
1752,0.30166032910346985,0.0017578133847564459,3209.78125,0.054833002388477325,0.035619452595710754,129.28448486328125,blasting
1753,0.2209376245737076,0.10044927150011063,133.08786010742188,0.06288981437683105,0.031056361272931095,67.89246368408203,scaling
1754,0.4872658848762512,0.1543164849281311,716.0385131835938,0.025494009256362915,0.0766117200255394,2571.491455078125,drilling
1755,0.3043556213378906,0.0052734403870999804,4393.07666015625,0.03683282807469368,0.05302673950791359,160.99588012695312,blasting
1756,0.4589260220527649,0.31636735796928406,62.81579208374024,0.03180750086903572,0.06140423193573952,281.091064453125,scaling
1757,0.48769557476043696,0.11154302954673768,175.568115234375,0.02313966117799282,0.0844057872891426,1466.0784912109375,drilling
1758,0.35650408267974854,0.04460939764976501,105.87020874023436,0.02136357128620148,0.09142275154590607,137.44583129882812,blasting
1759,0.3655080199241638,0.011640631593763828,129.11585998535156,0.035663384944200516,0.05476595461368561,60.1901969909668,blasting
1760,0.48478540778160095,0.1621875911951065,191.99548339843753,0.02686929889023304,0.07269030064344406,952.9989624023436,drilling
1761,0.4878518283367157,0.48001977801322937,67.15831756591797,0.024859901517629623,0.07856511324644087,1149.9393310546875,drilling
1762,0.4877346456050873,0.33207049965858454,51.56905746459961,0.01918765716254711,0.1017910987138748,910.3310546875,drilling
1763,0.3597853481769562,0.05570315569639206,69.04790496826172,0.24135117232799527,0.008092455565929411,108.39796447753906,scaling
1764,0.3160157799720764,0.026289077475667,6112.3076171875,0.025552820414304733,0.07643442600965501,259.480712890625,blasting
1765,0.014511726796627045,0.0018164071952924128,60.39141082763672,0.6226679086685181,0.00313670770265162,1929.4739990234373,microseismic
1766,0.013476570136845112,0.0050976588390767566,55.97630310058594,0.47455751895904547,0.0041156793013215065,371.0142822265625,scaling
1767,0.48796901106834406,0.18835946917533877,752.8786010742188,0.02329399809241295,0.08384684473276137,1830.0343017578125,drilling
1768,0.48709011077880854,0.3974025547504425,144.54469299316406,0.023436354473233223,0.08333782106637953,1455.5828857421875,drilling
1769,0.3835158348083496,0.005488284397870302,174.7748870849609,0.02978384122252464,0.06557653844356537,122.55035400390624,blasting
1770,0.002558595035225153,0.0025000013411045074,4220.23291015625,3.787589550018311,0.0005156646948307753,781.6790161132812,electric noise
1771,0.3416017591953277,0.0002148438652511686,135.33877563476562,0.6121641993522644,0.0031905192881822586,23.41908264160156,electric noise
1772,0.004296877421438694,0.00015625008381903172,57.54331970214844,1.4656254053115845,0.0013326233020052312,3723.6342773437505,microseismic
1773,0.461640864610672,0.19800791144371033,190.06393432617188,0.07121957838535309,0.02742410637438297,229.61572265625,electric noise
1774,0.32314470410346985,0.2565430998802185,238.52700805664065,0.029276957735419277,0.06671206653118134,114.49978637695312,blasting
1775,0.4784963428974152,0.02365235611796379,564.7573852539064,0.045683134347200394,0.042753666639328,440.9647216796875,drilling
1776,0.01060547400265932,0.010468755848705769,3337.538818359375,4.579512119293213,0.0004264922172296792,188.5818634033203,electric noise
1777,0.48769557476043696,0.0042773461900651455,106.0936813354492,0.01999237574636936,0.09769336879253389,807.8810424804686,drilling
1778,0.07177738100290297,0.02023438550531864,60.06314468383789,0.324241578578949,0.0060236696153879166,1351.400634765625,scaling
1779,0.010996099561452864,0.0023828137200325727,198.9916839599609,0.8152711391448975,0.00239567831158638,2182.592041015625,microseismic
1780,0.309062659740448,0.2460157573223114,4957.3115234375,0.07322533428668976,0.02667286619544029,139.1303558349609,blasting
1781,0.19589854776859283,0.06052737683057785,2175.3046875,0.06219185888767242,0.031404804438352585,142.93112182617188,blasting
1782,0.002246094867587089,0.002148438710719347,101.9423828125,1.8386672735214236,0.001062250812537968,890.434326171875,electric noise
1783,0.4875979125499725,0.2832423448562622,347.9472351074219,0.03177342191338539,0.061470549553632736,1821.1727294921875,drilling
1784,0.19183604419231412,0.002988282823935151,250.7828826904297,0.08881515264511107,0.02199094370007515,536.9168090820312,scaling
1785,0.3898830115795136,0.3478517532348633,4314.3291015625,0.06408759206533432,0.030475808307528492,66.6866683959961,blasting
1786,0.30074235796928406,0.0018164071952924128,4774.96875,0.07387398183345793,0.02643861621618271,76.47742462158203,blasting
1787,0.48828151822090154,0.33197283744812006,570.8466186523438,0.02480700984597206,0.07873272150754929,954.3674926757811,drilling
1788,0.015429696068167686,0.002050782321020961,100.36829376220705,0.6418739557266235,0.0030428466852754354,712.9110107421875,microseismic
1789,0.0838867649435997,0.011035162024199963,3260.1748046875,0.08495277166366577,0.022990645840764046,226.4958038330078,blasting
1790,0.1324414759874344,0.005937503185123205,280.0635986328125,0.38604965806007385,0.0050592487677931786,151.01010131835935,electric noise
1791,0.0036132831592112775,0.0005664065247401595,94.44313049316406,2.110962152481079,0.0009252305026166141,7195.671875,microseismic
1792,0.4877541661262512,0.3166603147983551,308.8930053710937,0.025108493864536285,0.07778742164373398,1394.1448974609375,drilling
1793,0.4048830270767212,0.15433602035045624,731.2239379882812,0.06378081440925598,0.030622474849224087,61.7462272644043,blasting
1794,0.32558611035346985,0.0789453536272049,179.97598266601562,0.0809379294514656,0.024131080135703087,190.42581176757807,scaling
1795,0.13287116587162015,7.812504190951586e-05,2489.86328125,5.150713920593262,0.0003791963099502027,22.57826232910156,electric noise
1796,0.3205470442771912,0.30041033029556274,3446.10986328125,0.34241771697998047,0.005703929346054792,31.19666862487793,electric noise
1797,0.3793165981769562,0.016113290563225746,1153.312255859375,0.03416718542575836,0.05716380476951599,100.18016815185545,blasting
1798,0.4820314943790436,0.0044726585038006314,3712.068359375,0.05114218965172768,0.03819001093506813,51.86383056640625,blasting
1799,0.014902351424098015,0.00013671882334165275,1792.77685546875,4.471540927886962,0.0004367901710793376,201.31051635742188,electric noise
1800,0.3735548853874207,0.08921879529953003,64.42915344238281,0.08756215125322342,0.022305486723780632,439.0251770019531,scaling
1801,0.228613406419754,0.0007226566085591912,93.70532226562499,0.1657012552022934,0.011787009425461292,354.3099365234375,drilling
1802,0.39074239134788513,0.02382813766598701,178.3844451904297,0.03054751083254814,0.06393729895353317,104.928466796875,blasting
1803,0.3997658491134644,0.08792973309755325,58.726810455322266,0.10654030740261076,0.01833229511976242,70.04100036621094,scaling
1804,0.012832038104534147,0.0043164086528122425,146.10763549804688,0.7769577503204346,0.002513815416023135,2337.898193359375,microseismic
1805,0.1999024450778961,0.09994146227836607,89.04890441894531,0.14123649895191193,0.013828773982822897,280.1366577148437,scaling
1806,0.1415039747953415,0.00076171918772161,296.4513854980469,0.11159595102071762,0.0175018310546875,233.20899963378903,electric noise
1807,0.047285180538892746,0.0037890644744038578,1430.5032958984375,0.20150791108608243,0.009692553430795668,190.33447265625,blasting
1808,0.01501953974366188,0.0015429696068167686,71.67948913574219,0.5358437299728394,0.003644956741482019,2197.137939453125,microseismic
1809,0.0050976588390767566,0.0011914068600162864,86.22650146484375,1.620389103889465,0.0012053436366841197,4315.70654296875,microseismic
1810,0.30314469337463373,0.30160173773765564,98.19409179687501,1.2072193622589111,0.0016178726218640804,13.195018768310547,electric noise
1811,0.4874221384525299,0.382656455039978,219.8430328369141,0.01938880421221256,0.10073471069335936,1538.707275390625,drilling
1812,0.48646509647369374,0.09925786405801773,64.47666931152344,0.040658578276634216,0.048037316650152206,162.39602661132812,scaling
1813,0.48769557476043696,0.19259776175022125,55.774932861328125,0.021901745349168777,0.08917699754238129,1012.9269409179688,drilling
1814,0.047773461788892746,0.04011720791459084,55.164329528808594,0.4463043212890625,0.004376220516860485,334.9139709472656,scaling
1815,0.3247853219509125,0.09173832833766936,84.33979797363281,0.0666169673204422,0.029318710789084435,314.0535888671875,scaling
1816,0.2860157787799835,0.14468757808208463,59.86360168457031,0.116331048309803,0.01678932085633278,251.7343597412109,scaling
1817,0.2574610710144043,0.0019531259313225746,5567.5263671875,0.04057073593139648,0.04814126342535018,190.32003784179688,blasting
1818,0.007832035422325134,0.001308594481088221,186.79644775390625,1.1793599128723145,0.0016560906078666449,3319.698974609375,microseismic
1819,0.00029296890716068447,5.8593781432136886e-05,80.34152984619139,24.860122680664062,7.856461888877675e-05,10239.994140625,electric noise
1820,0.376816600561142,0.01009766198694706,261.7208557128906,0.030868256464600563,0.063273124396801,90.22956848144531,blasting
1821,0.3224025070667267,0.3223634660243988,1841.0975341796875,4.506253242492676,0.000433425506344065,9.30513858795166,electric noise
1822,0.2672852873802185,0.02812501415610313,89.20008850097656,0.1280775815248489,0.015249558724462984,389.0973510742188,scaling
1823,0.3204103410243988,0.10025396198034286,58.90627670288086,0.16277652978897095,0.011998803354799747,43.69396972656249,scaling
1824,0.013925788924098015,0.005644534248858689,56.15245819091797,0.45191639661788946,0.004321874585002661,2944.177978515625,microseismic
1825,0.359531432390213,0.11222662031650545,87.65403747558594,0.026008404791355133,0.07509593665599824,89.0047378540039,blasting
1826,0.48820337653160095,0.33304706215858454,859.6015014648436,0.02499568462371826,0.07813890278339387,1239.2376708984375,drilling
1827,0.04214845970273018,0.00304687675088644,93.79502105712889,0.48768377304077143,0.0040049045346677295,1518.4422607421875,scaling
1828,0.4763088524341583,0.31830096244812006,174.114013671875,0.02392807975411415,0.08162499219179153,90.27755737304688,blasting
1829,0.48585963249206543,0.020800791680812836,384.62808227539057,0.03355417773127556,0.0582084022462368,1099.0828857421875,drilling
1830,0.015351571142673492,0.0071289101615548125,58.4270133972168,0.4728239178657532,0.004130774177610873,2410.1767578125,microseismic
1831,0.006894534919410944,0.002050782321020961,92.95109558105469,1.1823621988296509,0.0016518845222890377,2320.6787109375,microseismic
1832,0.4863088428974152,0.4863088428974152,110.36635589599608,0.04088335484266281,0.04777325317263603,207.68695068359372,scaling
1833,0.48828151822090154,0.0667969137430191,551.6710815429688,0.026421699672937397,0.07392100989818574,1245.183349609375,drilling
1834,0.2416798174381256,0.1918751001358032,200.23382568359372,0.12302905321121216,0.015875324606895447,66.20329284667969,scaling
1835,0.11382818967103958,0.003691408317536116,212.3218688964844,0.3154684901237488,0.006191189400851727,439.2585144042969,drilling
1836,0.0027148451190441847,0.0026367201935499902,173.81629943847656,3.5541646480560303,0.0005495318328030409,1841.7257080078125,electric noise
1837,0.48828151822090154,0.2751368582248688,56.10535430908203,0.018902553245425224,0.10332599282264708,2078.71875,drilling
1838,0.4238283634185791,0.04757815226912498,63.909004211425774,0.10882016271352768,0.01794818788766861,58.986141204833984,scaling
1839,0.4878713488578796,0.42800804972648626,57.73044967651367,0.019592685624957085,0.09968583285808563,715.3525390625,drilling
1840,0.036132831126451485,0.003281251760199666,4784.99365234375,0.2280578464269638,0.0085641760379076,304.4322814941406,blasting
1841,0.48709011077880854,0.1263672560453415,63.48274993896484,0.04688004404306412,0.04166239872574806,338.7463684082031,scaling
1842,0.008671879768371582,0.001347656943835318,122.76502227783205,0.6425639390945435,0.003039581468328833,3344.142333984375,microseismic
1843,0.3001759350299835,0.2550196647644043,2552.034423828125,0.06393555551767349,0.03054841421544552,66.62759399414062,electric noise
1844,0.46792992949485773,0.09847661852836607,60.82028198242188,0.1025698184967041,0.01904183998703957,190.1994171142578,scaling
1845,0.3662306666374207,0.0010351567761972547,53.75614929199219,0.1310032457113266,0.014908911660313606,38.227272033691406,scaling
1846,0.02507813833653927,0.00013671882334165275,190.3089141845703,0.14900296926498413,0.013107976876199244,159.50148010253906,electric noise
1847,0.4882619678974152,0.45416039228439326,59.592247009277344,0.026431482285261158,0.07389350980520248,491.5393981933594,drilling
1848,0.17017586529254913,0.00029296890716068447,79.70262908935545,0.34895703196525574,0.005597029812633991,47.01019287109375,scaling
1849,0.012656256556510924,0.003867189632728696,61.31479644775391,0.6599736213684082,0.002959400648251176,2923.455322265625,microseismic
1850,9.765630238689482e-05,3.906252095475793e-05,157.46827697753906,38.78012847900391,5.0364091293886304e-05,20479.98828125,electric noise
1851,0.001132813049480319,0.0004492189909797162,2476.249755859375,4.99970245361328,0.0003906486090272665,4413.791015625,electric noise
1852,0.00029296890716068447,5.8593781432136886e-05,79.21638488769531,18.46249389648437,0.00010578883666312322,10239.994140625,electric noise
1853,0.0002148438652511686,0.00011718756286427379,73.18346405029295,14.58564567565918,0.00013390742242336273,9309.0859375,electric noise
1854,0.48490259051322937,0.10029302537441252,67.59278869628906,0.03083239123225212,0.06334666162729263,61.86809539794922,electric noise
1855,0.32107439637184143,0.005742190405726433,5400.43701171875,0.030475420877337452,0.06408859044313431,146.38351440429688,blasting
1856,0.48818385601043696,0.22431652247905728,155.3689727783203,0.02392704784870148,0.08162830770015715,1896.8262939453125,drilling
1857,0.12966804206371307,0.04853518307209015,121.60110473632812,0.08686196804046631,0.022485386580228806,84.8320083618164,electric noise
1858,0.42261740565299993,0.226191520690918,159.99964904785156,0.06642071157693863,0.029405489563941956,761.9184570312499,drilling
1859,0.16037118434906003,0.0019531259313225746,50.678070068359375,0.171381413936615,0.01139641273766756,791.912841796875,drilling
1860,0.4880080819129944,0.11537115275859831,72.85273742675781,0.01906134188175201,0.1024656742811203,1473.3363037109375,drilling
1861,0.17322275042533875,0.12226568907499312,333.3710632324219,0.07396150380373001,0.026407368481159207,103.91244506835936,blasting
1862,0.01605469547212124,0.004023439716547728,51.34591293334961,0.5148420333862305,0.003793640062212944,2242.334716796875,microseismic
1863,7.812504190951586e-05,1.9531260477378964e-05,216.16281127929688,36.86180114746094,5.298509495332837e-05,25599.986328125,electric noise
1864,0.236914187669754,0.23207043111324313,474.0337829589844,0.17159654200077057,0.011382097378373146,8.44187545776367,electric noise
1865,0.029199235141277317,0.016718758270144463,1101.5068359375,0.6070600152015686,0.0032173488289117813,993.1766967773436,microseismic
1866,0.4732424318790436,0.3099220395088196,80.76997375488281,0.031658098101615906,0.06169424206018448,52.827045440673835,electric noise
1867,0.18068368732929227,0.006054690573364496,66.6525650024414,0.19705900549888608,0.009911333210766317,525.7807006835938,drilling
1868,0.008046879433095455,0.0018750010058283804,2319.926513671875,1.2304170131683347,0.0015873685479164124,1615.5330810546875,microseismic
1869,0.01177734974771738,0.004921877756714821,126.01738739013672,0.927420496940613,0.002105977386236191,1613.2662353515625,microseismic
1870,0.4881252646446228,0.13623054325580597,941.6746826171875,0.023677131161093712,0.08249022811651228,2175.671142578125,drilling
1871,0.026796888560056686,0.005332034081220627,78.48590850830078,0.5274927020072937,0.003702663816511631,335.85989379882807,scaling
1872,0.4882619678974152,0.1309375762939453,70.71771240234375,0.016746507957577705,0.11662828177213667,1550.397216796875,drilling
1873,0.32839861512184143,0.009609379805624483,642.5587158203125,0.030783347785472866,0.06344731152057648,97.4425582885742,blasting
1874,0.3495314419269562,0.011582037433981895,344.19195556640625,0.020931266248226162,0.09331133216619492,125.8828125,blasting
1875,0.35228535532951355,0.0039453147910535336,379.39208984375,0.02847152948379517,0.06859957426786423,99.35128021240233,blasting
1876,0.05130862072110176,0.05082033947110176,206.61325073242188,1.8445173501968384,0.001058882102370262,58.46970748901367,electric noise
1877,0.341172069311142,0.07917972654104231,386.46890258789057,0.0602235309779644,0.03243117034435272,52.759300231933594,blasting
1878,0.4877346456050873,0.10986334085464476,111.80748748779295,0.05291634052991867,0.036909356713294976,159.9230194091797,scaling
1879,0.37037128210067755,0.0017968759639188647,1965.5499267578125,0.4308580756187439,0.0045330883003771305,21.599946975708008,electric noise
1880,0.3573048710823059,0.04589846357703209,240.73704528808597,0.02265195734798908,0.08622320741415024,100.75429534912108,blasting
1881,0.48820337653160095,0.19878916442394257,181.7751617431641,0.01960430294275284,0.0996277779340744,2515.34521484375,drilling
1882,0.045136742293834686,0.0065820347517728806,93.10324859619139,0.19919809699058527,0.009804941713809969,155.0843048095703,scaling
1883,0.48820337653160095,0.0075000040233135215,121.7560577392578,0.020383620634675022,0.09581875056028366,1224.8992919921875,drilling
1884,0.2752540409564972,0.10798834264278412,250.26882934570312,0.04785849153995514,0.04081040248274803,83.55917358398438,blasting
1885,0.4880861937999725,0.09388677030801773,777.6007690429686,0.028717288747429848,0.06801236420869827,1139.14306640625,drilling
1886,0.48660182952880854,0.24947279691696167,76.14183044433594,0.01901703141629696,0.10270404815673828,556.9235229492188,drilling
1887,0.48505884408950806,0.32238298654556274,286.5437927246094,0.0260032806545496,0.07511136680841446,90.71063995361328,blasting
1888,0.22070324420928955,0.21001964807510373,214.8637542724609,0.4152268171310425,0.004703761078417301,122.33621978759764,scaling
1889,0.48771509528160095,0.17914071679115295,108.12146759033205,0.024728994816541672,0.07898160815238953,1316.34228515625,drilling
1890,0.40826192498207087,0.39959004521369934,147.86856079101562,0.06518632173538208,0.029962208122015,605.0037841796875,drilling
1891,0.0007421878981404006,0.0006640628562308848,4208.21240234375,12.510937690734863,0.00015611344133503735,5389.470703125,electric noise
1892,0.4756447970867157,0.2670704424381256,136.66827392578125,0.06918136030435562,0.028232002630829808,273.3132019042969,scaling
1893,0.48464870452880854,0.34875017404556274,724.2811279296875,0.0338294617831707,0.057734217494726174,742.8060913085938,drilling
1894,0.20539073646068573,0.0033007829915732145,302.1652526855469,0.18817564845085144,0.010379294864833353,730.3153076171875,drilling
1895,0.4148634970188141,0.1269141286611557,631.874267578125,0.02981113269925117,0.06551651656627655,127.7528610229492,blasting
1896,0.3646290898323059,0.009453129954636097,104.0682144165039,0.05824913829565048,0.03353051841259003,76.7903594970703,scaling
1897,0.22341808676719663,0.04419924318790436,90.23950195312499,0.2957509458065033,0.006603996735066176,35.807308197021484,scaling
1898,0.01892579160630703,0.004687502514570952,80.17042541503906,0.6956188678741455,0.00280775036662817,739.7312622070312,scaling
1899,0.00011718756286427379,7.812504190951586e-05,80.67585754394531,27.983776092529297,6.979494355618954e-05,17066.658203125,electric noise
1900,0.11822272092103958,7.812504190951586e-05,3793.373046875,4.651151657104492,0.0004199224640615285,42.29305648803711,electric noise
1901,0.46365258097648626,0.0988672375679016,65.31919860839844,0.0732826441526413,0.026652019470930096,77.6443405151367,scaling
1902,0.48554712533950806,0.3437501788139343,1084.4512939453125,0.029047666117548943,0.06723904609680176,1235.7193603515625,drilling
1903,0.4037111401557922,0.05951175093650818,96.8695602416992,0.15230040252208707,0.012824232690036297,101.55776214599608,scaling
1904,0.4875393211841583,0.25445327162742615,158.98846435546875,0.027569226920604702,0.07084430754184723,1220.4144287109375,drilling
1905,0.3900392651557922,0.1026563048362732,192.90042114257807,0.02642618119716644,0.07390862703323363,120.5006866455078,blasting
1906,0.039570335298776634,0.005664065480232239,52.127052307128906,0.32444047927856445,0.006019981112331152,404.34329223632807,microseismic
1907,0.10378912091255188,0.10373052209615707,3218.82568359375,4.690457820892334,0.0004164043348282576,28.90476417541504,electric noise
1908,0.4060549139976501,0.06417971849441528,63.87346649169922,0.06790678948163986,0.02876195497810841,275.82476806640625,scaling
1909,0.13861335813999176,0.02820314094424248,227.56741333007807,0.21577511727809903,0.009051636792719362,678.1453247070312,drilling
1910,0.32259783148765564,0.07535160332918166,220.16461181640625,0.05144280567765236,0.03796696662902832,86.79537200927734,blasting
1911,0.35179707407951355,0.010449224151670933,159.88160705566406,0.028599383309483528,0.06829310208559036,76.74878692626953,blasting
1912,0.12244147062301636,0.029472671449184418,1666.51318359375,0.09103652089834212,0.02145430073142052,171.51051330566406,blasting
1913,0.44509789347648626,0.05705081298947334,59.43349456787109,0.06264374405145645,0.03117837943136692,170.7489471435547,scaling
1914,0.04228517785668373,0.007324222475290298,69.42266082763672,0.4252656400203705,0.0045927190221846095,567.5747680664064,microseismic
1915,0.4880471229553223,0.10255865007638933,143.2821502685547,0.02514336444437504,0.07767989486455917,1149.4791259765625,drilling
1916,0.3793361485004425,0.0004101564700249583,69.294921875,0.1283305585384369,0.015219482593238352,65.90460968017578,scaling
1917,0.00011718756286427379,5.8593781432136886e-05,231.83044433593753,31.132020950317383,6.273688632063568e-05,17066.658203125,electric noise
1918,0.23988294601440427,0.002402344951406121,116.91069030761717,0.21067748963832852,0.009270696900784968,120.89229583740234,scaling
1919,0.010507818311452864,0.0006054691039025784,111.89987182617188,0.8093563914299011,0.002413184382021427,3711.522216796875,microseismic
1920,0.48197290301322937,0.009941411204636097,73.64669799804686,0.026266157627105713,0.0743592530488968,659.7881469726562,drilling
1921,0.2988673448562622,0.08734379708766937,151.49557495117188,0.07337193191051483,0.026619497686624527,123.80074310302734,electric noise
1922,0.30181658267974854,0.00802734773606062,91.92565155029295,0.17541265487670898,0.011134445667266844,122.59101104736328,scaling
1923,0.48820337653160095,0.09722661226987839,61.6484489440918,0.02116204798221588,0.0922938585281372,1632.516357421875,drilling
1924,0.2468165457248688,0.2460352927446365,4688.64013671875,1.1131956577301023,0.0017545223236083984,16.206369400024414,electric noise
1925,0.30300796031951904,0.01550782099366188,6740.67431640625,0.03402579948306084,0.057401161640882485,181.5133819580078,blasting
1926,0.3787306845188141,0.2243555933237076,3813.397705078125,0.06441353261470795,0.030321722850203518,66.00996398925781,blasting
1927,0.48720729351043696,0.4454299211502075,191.46868896484372,0.029570030048489567,0.06605065613985062,1709.7445068359375,drilling
1928,0.4873830676078796,0.03388673812150955,361.8343811035156,0.02925574593245983,0.06676071882247925,1592.1767578125,drilling
1929,0.010839849710464476,0.0011132818181067703,237.8056640625,0.7882464528083801,0.002477811183780432,2675.31396484375,microseismic
1930,0.454804927110672,0.03208985924720764,5010.654296875,0.04892005771398544,0.03992488980293274,63.76359939575195,electric noise
1931,0.24966810643672943,0.0012500006705522535,77.0706787109375,0.19957639276981357,0.009786401875317097,64.08507537841797,scaling
1932,0.383437693119049,0.35257831215858454,125.72370910644533,0.05623084679245949,0.034734107553958886,20.8638858795166,electric noise
1933,0.4861721396446228,0.4517580568790436,3901.550048828125,0.06117967888712882,0.03192441537976265,47.30834579467773,blasting
1934,0.1978711932897568,0.06058596819639206,183.6660614013672,0.04186912626028061,0.04664836823940277,717.6385498046875,blasting
1935,0.0003710939490702003,7.812504190951586e-05,2408.47021484375,12.121577262878416,0.00016112806042656302,8084.206054687501,electric noise
1936,0.29882827401161194,0.0036328143905848256,719.6141357421875,0.04732675477862358,0.04126887395977974,73.62088012695312,blasting
1937,0.0028710952028632164,0.0004882814828306437,274.19195556640625,2.4973201751708984,0.0007820893079042434,4527.888671875,microseismic
1938,0.017187509685754776,0.007519535254687072,655.0482177734375,0.46830153465271,0.0041706585325300685,1687.271728515625,microseismic
1939,0.24017590284347531,0.24005872011184687,98.90714263916016,0.8236123919486998,0.002371410140767693,41.63615036010742,electric noise
1940,0.48810574412345886,0.43228539824485773,74.69927215576173,0.022602984681725505,0.08641007542610168,1051.001708984375,drilling
1941,0.28496110439300537,0.23720715939998624,122.496826171875,0.07590644806623459,0.0257306732237339,31.583257675170895,electric noise
1942,0.48033228516578674,0.22781261801719663,903.2322387695312,0.033479880541563034,0.05833720415830612,374.7405700683594,drilling
1943,0.48796901106834406,0.28158217668533325,895.3168334960938,0.02189430594444275,0.08920669555664062,1653.7935791015625,drilling
1944,0.47722682356834406,0.23046886920928955,2166.8173828125,0.05967259779572487,0.03273070976138115,71.24494934082031,blasting
1945,0.4075197577476501,0.003320314222946763,895.1842041015626,0.05350429564714432,0.03650408238172531,61.346717834472656,blasting
1946,0.0010742193553596735,0.0009960943134501576,83.08545684814453,4.181870937347412,0.0004670459893532097,3723.6342773437505,electric noise
1947,0.4793362021446228,0.11863287538290024,110.96644592285156,0.07426854223012924,0.026298077777028084,223.22537231445312,scaling
1948,0.2965821921825409,0.09847661852836607,62.19507598876953,0.07495513558387756,0.026057345792651176,202.30479431152344,scaling
1949,0.40400412678718567,0.002187501173466444,85.1839141845703,0.12557169795036316,0.015553942881524563,165.8398895263672,scaling
1950,0.3121095299720764,0.009453129954636097,7396.74755859375,0.027602005749940872,0.07075995951890945,185.8321990966797,blasting
1951,0.484258085489273,0.10875006020069122,117.93900299072264,0.02989227324724197,0.06533879786729813,82.6005859375,blasting
1952,0.0003515626885928213,3.906252095475793e-05,116.43853759765624,18.24500846862793,0.00010704986925702542,8533.3291015625,electric noise
1953,0.010351568460464476,0.0037890644744038578,84.93571472167967,0.7686266899108887,0.0025410619564354415,2608.30029296875,microseismic
1954,0.023476574569940567,0.009394536726176737,162.40586853027344,0.3401840925216675,0.005741380620747805,1192.67822265625,microseismic
1955,0.0141211012378335,0.005625003017485142,52.06061935424805,0.5754390954971313,0.003394152270630002,2124.480224609375,microseismic
1956,0.34382832050323486,0.236425906419754,475.5330200195313,0.02706149592995644,0.07217336446046829,90.16127777099608,blasting
1957,0.27941420674324036,0.22896496951580048,1825.74658203125,0.06150846555829048,0.03175397962331772,143.15664672851562,blasting
1958,0.3258790671825409,0.16091805696487427,2637.29443359375,0.04989991337060928,0.03914092108607292,82.85282135009764,blasting
1959,0.4882229268550873,0.09380864351987839,211.46690368652344,0.02399301528930664,0.0814036726951599,2212.104248046875,drilling
1960,0.48771509528160095,0.18376962840557096,1021.6739501953124,0.02717244811356068,0.07187893241643906,1137.95947265625,drilling
1961,0.00812500435858965,0.0044726585038006314,51.429725646972656,0.7350373268127441,0.002657179720699787,3199.998291015625,microseismic
1962,0.24287122488021848,0.005195315461605787,53.098663330078125,0.09142137318849565,0.021364005282521248,687.607177734375,scaling
1963,0.08878911286592484,0.00015625008381903172,171.26324462890625,0.1818098425865173,0.010742665268480776,67.57585144042969,electric noise
1964,0.3585353493690491,0.07212894409894942,54.38317871093751,0.13884861767292023,0.0140666076913476,211.97352600097656,scaling
1965,0.379531443119049,0.0398828350007534,259.3015441894531,0.023588029667735096,0.0828012004494667,97.48863220214845,blasting
1966,0.15826180577278137,0.013496100902557371,1639.642578125,0.1588541269302368,0.012295059859752657,107.4169464111328,blasting
1967,0.3480275273323059,0.23257824778556824,59.3509635925293,0.159231960773468,0.0122659457847476,100.56675720214844,scaling
1968,0.4881252646446228,0.10000005364418028,55.530067443847656,0.03341684117913246,0.05844750627875328,251.98449707031247,scaling
1969,0.48585963249206543,0.09982427209615709,581.8202514648438,0.03410658240318298,0.05726494267582893,850.0397338867188,drilling
1970,0.0036132831592112775,0.003515626769512892,583.3629150390625,1.086065411567688,0.0017983503639698029,553.5132446289064,electric noise
1971,0.008710942231118679,0.004042970947921276,80.44793701171875,1.3777763843536377,0.0014175936812534928,688.7888793945312,electric noise
1972,0.4546682238578796,0.09412114322185516,65.5778579711914,0.040130842477083206,0.048668719828128815,76.97920989990233,electric noise
1973,0.020410167053341866,0.0009375005029141904,133.93978881835935,0.25755512714385986,0.007583334110677241,244.97595214843753,scaling
1974,0.007910160347819328,0.00019531260477378964,3205.580322265625,0.7030868530273438,0.0027779301162809134,252.83937072753903,electric noise
1975,0.4055666327476501,0.12441413104534148,1947.9245605468752,0.03501521050930023,0.055779289454221725,93.6960678100586,blasting
1976,0.1877344697713852,0.02480470016598701,211.0580902099609,0.14775121212005615,0.013219022192060947,575.2805786132812,drilling
1977,0.0004296877305023372,3.906252095475793e-05,67.73111724853516,21.0319938659668,9.286452404921873e-05,6981.814453125,electric noise
1978,0.473359614610672,0.017890634015202522,203.0084381103516,0.02499418891966343,0.07814329117536543,82.3897933959961,blasting
1979,0.37902364134788513,0.0645703449845314,4038.9453125,0.05388824641704559,0.036243736743927,39.57536697387695,electric noise
1980,0.36597675085067755,0.004003908485174179,72.16885375976561,0.1957630515098572,0.009977003559470177,128.4234619140625,scaling
1981,0.23117199540138245,0.0012500006705522535,105.64250183105467,0.03134134039282799,0.06231783702969551,112.47036743164062,blasting
1982,0.4807229042053223,0.10685552656650545,757.7833862304686,0.03597008436918259,0.05429849773645401,1595.5137939453125,drilling
1983,0.48828151822090154,0.26931655406951904,58.28168869018555,0.01627688854932785,0.11999383568763732,616.4476318359375,drilling
1984,0.3742580115795136,0.342148631811142,110.17470550537108,0.058389101177454,0.03345029801130295,66.79883575439453,electric noise
1985,0.007636722642928362,0.007480472791939975,4741.10986328125,6.227553367614745,0.000313626485876739,392.8386840820313,electric noise
1986,0.3874220848083496,0.01707032136619091,1983.6273193359373,0.04335460439324378,0.045050278306007385,95.50307464599608,blasting
1987,0.010996099561452864,0.0031250016763806343,150.5431671142578,0.7764030098915101,0.002515608677640557,2637.298828125,microseismic
1988,0.011230474337935448,0.002929689129814505,52.42041397094727,0.7897868752479553,0.0024729778524488206,2315.12939453125,microseismic
1989,0.4838283956050873,0.08021488785743713,247.81268310546875,0.05493767186999321,0.03555171564221382,642.7899169921875,scaling
1990,0.013007819652557371,0.0028320327401161194,54.39682388305664,0.7436581850051879,0.002626373898237944,2767.566162109375,microseismic
1991,0.48810574412345886,0.028437515720725056,306.9925231933594,0.026591237634420395,0.07345037907361984,1421.822998046875,drilling
1992,0.25191420316696167,0.005410159006714821,53.0775260925293,0.07305553555488585,0.0267347265034914,83.3617172241211,scaling
1993,0.040585957467556,0.00931641086935997,1651.865478515625,0.13459856808185575,0.014510760083794592,295.66876220703125,blasting
1994,0.23976574838161469,0.15541024506092072,160.7278594970703,0.04366067424416542,0.04473421722650528,112.60990905761717,blasting
1995,0.4882424473762512,0.04576174169778824,254.06579589843753,0.02100812830030918,0.09297043830156326,2125.992919921875,drilling
1996,0.24490247666835785,0.004296877421438694,72.82807922363281,0.07917358726263046,0.02466891333460808,20.416290283203125,electric noise
1997,0.06615237891674042,0.00873047299683094,76.27008819580078,0.21079537272453308,0.00926549918949604,136.04953002929688,scaling
1998,0.3573048710823059,0.0021679699420928955,51.65079116821289,0.04470572248101234,0.04368867725133896,257.4831848144531,scaling
1999,0.4878713488578796,0.16402351856231687,75.66532135009764,0.02317226119339466,0.08428697288036345,2082.51611328125,drilling
2000,0.18587900698184967,0.1123242825269699,68.89418029785156,0.05291182920336723,0.03691284731030464,107.59687042236328,blasting
2001,0.01402344461530447,0.0069531286135315895,50.83297729492188,0.5406970381736755,0.003612237749621272,2424.51123046875,microseismic
2002,0.2642970085144043,0.03855470940470696,52.2784538269043,0.3698824942111969,0.005280365701764822,60.537952423095696,electric noise
2003,0.09207036346197128,0.04148439690470696,666.7423095703125,0.0874134451150894,0.022343546152114868,271.5314636230469,blasting
2004,0.4458791315555573,0.22974622249603271,2315.236328125,0.06989744305610657,0.02794262394309044,65.04004669189453,blasting
2005,0.47525414824485773,0.10029302537441252,101.69286346435545,0.0666688084602356,0.029295936226844788,286.1626892089844,scaling
2006,0.4860939979553223,0.3258595466613769,55.49205017089844,0.02221139334142208,0.0879339724779129,1530.568115234375,drilling
2007,0.13984382152557373,0.12824225425720215,93.52847290039062,0.21504478156566617,0.009082416072487833,693.6309204101562,scaling
2008,0.48814478516578674,0.23333996534347531,622.590087890625,0.04470638930797577,0.043687690049409866,960.780517578125,drilling
2009,0.0004296877305023372,0.00019531260477378964,4652.1806640625,5.986126899719238,0.0003262754180468619,4654.54296875,electric noise
2010,0.29070326685905457,0.01304688211530447,2956.84033203125,0.03928649052977561,0.04971490427851677,106.63794708251952,blasting
2011,0.4880080819129944,0.45144554972648626,150.76919555664062,0.02573525719344616,0.0758931115269661,1249.979248046875,drilling
2012,0.38677754998207087,0.011093756183981895,214.42785644531247,0.028142612427473068,0.0694010928273201,116.345947265625,blasting
2013,0.0002148438652511686,0.00011718756286427379,104.9540786743164,13.50304889678955,0.0001446433598175645,9309.0859375,electric noise
2014,0.4874612092971802,0.2666798233985901,87.4791259765625,0.023298433050513268,0.08383066207170486,1204.1983642578125,drilling
2015,0.48082056641578674,0.47599634528160095,120.17185974121092,0.08209067583084105,0.023792242631316185,164.30245971679688,scaling
2016,0.3091212511062622,0.20675791800022125,313.7131652832031,0.035625096410512924,0.05482451617717743,77.63943481445312,blasting
2017,0.3884963095188141,0.009941411204636097,212.4436798095703,0.029858186841011047,0.06541314721107483,79.79483795166014,blasting
2018,0.4523244500160217,0.09867192804813384,68.46656799316406,0.030166018754243847,0.06474576890468597,488.58734130859375,scaling
2019,0.4880861937999725,0.45109400153160095,224.4287109375,0.018312660977244377,0.106654554605484,2505.705078125,drilling
2020,0.020019542425870892,0.005566409323364496,73.18032836914062,0.4096732139587402,0.004767519887536764,649.365478515625,scaling
2021,0.486426055431366,0.21015636622905728,209.5724334716797,0.028851183131337162,0.06769679486751556,1138.9193115234375,drilling
2022,0.4872854053974152,0.06593753397464752,746.092041015625,0.03863346576690674,0.05055515095591545,1348.2857666015625,drilling
2023,0.4779690206050873,0.33392596244812006,207.295166015625,0.03470147028565407,0.05628371983766556,343.11846923828125,drilling
2024,0.45302757620811457,0.12412115931510924,55.707069396972656,0.0761609449982643,0.025644592940807343,112.575927734375,scaling
2025,0.006484378594905138,0.0009765629656612873,50.90191268920898,1.6432706117630005,0.001188560272566974,3855.4194335937505,microseismic
2026,0.004960940219461918,0.00076171918772161,67.99795532226562,1.7562018632888792,0.0011121308198198676,2822.045654296875,microseismic
2027,0.38990256190299993,0.09931646287441251,194.5362243652344,0.03281578794121742,0.05951810628175736,84.6365280151367,blasting
2028,0.31621110439300537,0.01341797597706318,3688.351318359375,0.033081412315368645,0.05904003605246544,135.985107421875,blasting
2029,0.06144534423947334,0.06140628457069397,63.140846252441406,2.0618526935577393,0.0009472668170928957,48.82387924194336,electric noise
2030,0.009042973630130291,0.00015625008381903172,533.6301879882812,0.9302058219909669,0.002099669771268964,774.0816650390626,microseismic
2031,0.06414066255092621,0.0110156312584877,55.32218933105469,0.19473198056221008,0.01002981886267662,374.1776123046875,scaling
2032,0.388027548789978,0.12298835068941116,365.7450256347656,0.05000487342476845,0.03905866295099258,82.46836853027342,blasting
2033,0.21054698526859283,0.050761744379997246,54.60437011718751,0.22084477543830872,0.008843868039548397,94.9906768798828,scaling
2034,0.14033210277557373,0.02591798268258572,1461.829345703125,0.06455037742853165,0.0302573312073946,192.40074157714844,blasting
2035,0.48828151822090154,0.3461134731769562,145.62586975097656,0.018847281113266945,0.10362877696752548,1390.5911865234375,drilling
2036,0.33978533744812006,0.17714853584766388,74.70860290527342,0.1175939217209816,0.016609104350209236,241.32884216308597,scaling
2037,0.0003906252095475793,0.00031250016763806343,173.26490783691406,9.083296775817873,0.00021502388699445876,5119.9970703125,electric noise
2038,0.16250008344650269,0.005351565312594175,162.36093139648435,0.276902973651886,0.007053503300994635,387.6921081542969,scaling
2039,0.018906259909272197,0.005976565647870302,84.36134338378906,0.4606218636035919,0.004240196663886309,2433.056640625,microseismic
2040,0.23921887576580048,0.007890629582107067,86.49017333984375,0.17295454442501068,0.01129270065575838,25.081632614135746,scaling
2041,0.011464850045740604,0.0037304707802832127,411.77172851562494,0.5331200361251831,0.003663573646917939,436.1156005859375,scaling
2042,0.4873830676078796,0.004687502514570952,57.83845901489258,0.023209964856505397,0.08415062725543974,1050.5084228515625,drilling
2043,0.32498064637184143,0.022460948675870892,4533.677734375,0.04474181309342384,0.04365342855453491,83.08187103271484,blasting
2044,0.4851760268211365,0.34310564398765564,520.2683715820312,0.03093104995787144,0.06314476579427719,665.7377319335938,drilling
2045,0.14158210158348083,0.1372852325439453,175.1016387939453,0.1945241093635559,0.010040538385510445,14.126079559326172,electric noise
2046,0.022812511771917343,0.0017578133847564459,4377.7509765625,0.35361221432685846,0.005523358471691608,394.5203552246094,blasting
2047,0.015195320360362528,0.007929692044854162,69.61650848388672,0.4993799030780792,0.003911097999662161,3093.0576171875,microseismic
2048,0.10679693520069122,0.015488289296627045,28.278553009033203,0.15133978426456451,0.012905582785606384,121.7263412475586,scaling
2049,0.4880861937999725,0.29904311895370483,90.56890106201172,0.0182963740080595,0.10674864053726196,1518.1744384765625,drilling
2050,0.008320316672325134,0.002187501173466444,72.22940826416014,0.6631975769996643,0.0029450117144733667,600.9386596679688,scaling
2051,0.4841408729553223,0.07052738219499588,486.47760009765625,0.03202854096889496,0.060980912297964096,1511.9566650390625,drilling
2052,0.3841017782688141,0.02341798134148121,242.5463104248047,0.039161887019872665,0.04987321421504021,57.276485443115234,blasting
2053,0.4870315194129944,0.33718767762184143,129.8396759033203,0.048583272844552994,0.04020166024565697,229.96458435058597,scaling
2054,0.42617210745811457,0.10001958161592484,56.55813980102539,0.2982231378555298,0.0065492382273077965,63.354686737060554,electric noise
2055,7.812504190951586e-05,3.906252095475793e-05,1200.583740234375,40.01268005371094,4.881268250755966e-05,25599.986328125,electric noise
2056,0.432343989610672,0.09656254947185516,53.91719436645508,0.08094100654125212,0.024130221456289288,238.23622131347656,scaling
2057,0.4843166768550873,0.35005879402160645,72.34233093261719,0.3830735087394714,0.005098542664200068,41.29529571533203,electric noise
2058,0.01552735175937414,0.008417973294854162,66.20281219482422,0.4219050109386444,0.00462930416688323,386.4148864746094,scaling
2059,0.010507818311452864,0.003066407982259989,73.53821563720702,0.7033869624137878,0.0027767429128289223,3140.518798828125,microseismic
2060,0.15791024267673492,0.013691413216292858,95.82542419433592,0.18073900043964383,0.010806350968778132,25.33084487915039,electric noise
2061,0.0037890644744038578,0.00011718756286427379,2049.0556640625,3.1952598094940186,0.00061125768115744,4486.595703125,microseismic
2062,0.233496218919754,0.0725976973772049,121.68810272216795,0.2042459547519684,0.009562623687088488,94.21994018554688,scaling
2063,0.078730508685112,0.022812511771917343,1342.0211181640625,0.12206068634986876,0.016001278534531593,139.7171173095703,blasting
2064,0.48779323697090154,0.19644542038440704,58.03310394287109,0.02276826277375221,0.0857824459671974,1100.876220703125,drilling
2065,0.48814478516578674,0.20486338436603543,144.16590881347656,0.020132714882493016,0.09701225161552429,1540.5264892578125,drilling
2066,0.35765644907951355,0.053867217153310776,220.96890258789065,0.026414046064019203,0.07394271343946457,97.85927581787107,blasting
2067,0.008046879433095455,0.0018164071952924128,306.249755859375,0.9863632917404176,0.0019801289308816195,2609.707275390625,microseismic
2068,0.07437504082918166,0.005820315796881913,53.07771682739258,0.6032091379165649,0.0032378926407545805,699.1593017578125,scaling
2069,0.46177759766578674,0.06562503427267075,5476.345703125,0.08473126590251921,0.02305073849856853,36.814258575439446,electric noise
2070,0.4878518283367157,0.031093766912817955,94.98191833496092,0.02305509336292744,0.0847153514623642,1445.1109619140625,drilling
2071,0.03902345895767212,0.03718752041459084,347.3249816894531,0.5215708017349243,0.003744698595255613,461.2610168457031,microseismic
2072,0.4781252443790436,0.0025390638038516045,229.44454956054688,0.03960534930229187,0.049314774572849274,50.19605255126953,blasting
2073,0.379043161869049,0.37896504998207087,461.90188598632807,0.3783750832080841,0.005161900538951159,10.55288791656494,electric noise
2074,0.004960940219461918,0.00019531260477378964,112.24557495117188,0.759387969970703,0.002571975346654653,403.1493835449218,electric noise
2075,0.14962898194789886,0.011582037433981895,57.74359130859375,0.09309810400009155,0.02097916044294834,207.1791076660156,scaling
2076,0.2710743546485901,0.03990236669778824,211.15368652343753,0.14515553414821625,0.013455401174724102,608.6890869140625,scaling
2077,9.765630238689482e-05,5.8593781432136886e-05,199.72245788574216,32.969417572021484,5.924053402850404e-05,20479.98828125,electric noise
2078,0.2676759362220764,0.010156255215406416,2241.767578125,0.09887376427650452,0.019753733649849888,67.24549102783203,blasting
2079,0.38492208719253534,0.3742189407348633,78.3015899658203,0.07843524217605591,0.02490105479955673,163.6694793701172,scaling
2080,0.00015625008381903172,3.906252095475793e-05,64.81941986083984,24.383914947509766,8.00989510025829e-05,12799.9931640625,electric noise
2081,0.419961154460907,0.2155665159225464,1756.760009765625,0.05840585380792618,0.033440358936786645,88.10338592529295,blasting
2082,0.3085353076457977,0.06287112832069397,325.7688903808594,0.14181672036647797,0.013772238977253435,90.7513656616211,scaling
2083,0.48765650391578674,0.3935548961162567,71.11801147460938,0.021025851368904117,0.09289183467626573,1304.1966552734375,drilling
2084,0.48554712533950806,0.3991408348083496,53.833534240722656,0.04571027308702469,0.04272841289639473,739.3721313476561,scaling
2085,0.0003515626885928213,5.8593781432136886e-05,103.88336181640624,18.406435012817383,0.0001061110378941521,8533.3291015625,electric noise
2086,0.0696680024266243,0.02242188714444637,1387.5758056640625,0.11680703610181808,0.016720961779356003,215.30686950683597,blasting
2087,0.38875019550323486,0.31730484962463373,117.43506622314452,0.06536965072154999,0.029878214001655575,185.2089080810547,scaling
2088,0.44912132620811457,0.03580079972743988,131.78546142578125,0.037140734493732445,0.05258717015385628,454.22024536132807,blasting
2089,0.0972852110862732,0.0049804714508354655,76.57488250732422,0.2375303953886032,0.008222647942602634,729.8128662109374,scaling
2090,0.3465040922164917,0.2818946838378906,199.66560363769528,0.03558959439396858,0.05487900599837303,80.80712890625,blasting
2091,0.11529303342103958,0.09964849054813384,67.72379302978516,0.2247751206159592,0.008689243346452713,138.7768096923828,scaling
2092,0.4797463417053223,0.2598438858985901,3028.52099609375,0.06119436025619506,0.031916722655296326,37.51982879638672,blasting
2093,0.12738287448883057,0.09646489471197128,74.08203887939453,0.1662674695253372,0.011746899224817753,259.0615234375,scaling
2094,0.4882619678974152,0.00873047299683094,72.70848083496092,0.019713815301656723,0.09907380491495132,1806.4073486328125,drilling
2095,0.016562508419156075,0.008457035757601261,54.55759048461913,0.4840140342712402,0.004035265184938908,2354.7158203125,microseismic
2096,0.4194338321685791,0.07291019707918166,54.003955841064446,0.07408342510461806,0.02636394277215004,19.07332992553711,scaling
2097,0.48828151822090154,0.41566428542137146,51.54399871826172,0.01870846003293991,0.10439831018447876,1081.3433837890625,drilling
2098,0.1688672751188278,0.03339845687150955,66.81037902832031,0.5288081765174866,0.003693459555506706,29.60905265808105,electric noise
2099,0.4394533634185791,0.11001958698034286,89.59632873535155,0.08403036743402481,0.023243026807904243,420.9775390625,scaling
2100,0.0064257849007844925,0.00031250016763806343,98.81209564208984,2.968264102935791,0.000658002682030201,622.4920654296875,electric noise
2101,0.00013671882334165275,5.8593781432136886e-05,185.8635406494141,21.452568054199215,9.104392665904017e-05,14628.5634765625,electric noise
2102,0.27843764424324036,0.220800906419754,5655.77099609375,0.062196359038352966,0.03140248730778694,150.8416748046875,blasting
2103,0.3776759803295136,0.008808598853647709,61.81047439575195,0.11996226012706757,0.016281092539429665,34.42103958129883,scaling
2104,0.42517599463462824,0.0060937535017728806,53.72385025024414,0.09096649289131165,0.021470889449119568,122.30229187011717,scaling
2105,0.32228532433509827,0.0008789066923782228,3249.6767578125,1.6002019643783567,0.0012205448001623152,21.719884872436523,electric noise
2106,0.4732229113578796,0.13330085575580597,122.67018127441406,0.02420820854604244,0.08068041503429411,111.99795532226562,blasting
2107,0.08781255036592484,0.08771488815546036,86.21727752685545,0.4696052074432373,0.0041590845212340355,102.49104309082033,electric noise
2108,0.43302756547927856,0.00962891150265932,5760.58203125,0.03728329762816429,0.052386216819286346,117.7754135131836,blasting
2109,0.16341805458068848,0.09607426822185516,75.82585144042967,0.10775346308946608,0.018125904724001884,336.56011962890625,scaling
2110,0.21998058259487152,0.07759770005941392,1823.0889892578125,0.04693039879202843,0.041617561131715775,127.2839584350586,blasting
2111,0.01218750700354576,0.003906251862645149,416.9656372070313,0.6901950836181641,0.0028298157267272472,574.358642578125,microseismic
2112,0.41726586222648626,0.3468751907348633,6222.36572265625,0.05425423011183739,0.035999592393636703,64.70694732666016,blasting
2113,0.00015625008381903172,3.906252095475793e-05,120.7838897705078,28.5615177154541,6.8383124016691e-05,19199.990234375,electric noise
2114,0.3411915898323059,0.07986332476139069,56.87783432006836,0.06296761333942413,0.031017804518342015,249.12689208984372,scaling
2115,9.765630238689482e-05,5.8593781432136886e-05,2101.005615234375,31.1773738861084,6.264562398428097e-05,20479.98828125,electric noise
2116,0.485937774181366,0.402871310710907,95.30930328369139,0.016153527423739433,0.12090948224067688,607.0736083984375,drilling
2117,0.023281263187527657,0.011855474673211575,98.63999938964845,0.5085341930389404,0.0038406967651098967,1116.77783203125,microseismic
2118,0.01552735175937414,0.00787109788507223,82.72455596923827,6.324260711669922,0.000308830727590248,193.2074432373047,electric noise
2119,7.812504190951586e-05,3.906252095475793e-05,269.3405456542969,41.30564498901367,4.728472777060233e-05,25599.986328125,electric noise
2120,0.1383008509874344,0.1320117861032486,1624.3375244140625,1.0437222719192505,0.0018713080789893863,57.84490966796875,electric noise
2121,0.3778713047504425,0.34869158267974854,3044.970703125,0.04656337201595306,0.04194554686546326,158.7842254638672,blasting
2122,0.4246291220188141,0.057460967451334,71.10179901123047,0.12055528163909912,0.01620112732052803,108.32982635498045,scaling
2123,0.14208991825580597,0.005351565312594175,251.0078582763672,0.2650812864303589,0.007368024438619613,675.6285400390625,scaling
2124,0.18771494925022125,0.005156252533197402,53.86603164672852,0.18484365940093997,0.010566377080976965,95.89007568359376,scaling
2125,0.48828151822090154,0.35091814398765564,58.711421966552734,0.015816418454051014,0.1234862208366394,593.919677734375,drilling
2126,0.10322271287441252,0.035585954785346985,1228.04833984375,0.06532472372055054,0.029898740351200104,232.5069732666016,blasting
2127,0.44740259647369374,0.3730666041374207,158.08441162109375,0.06305285543203354,0.030975958332419395,400.0870971679688,scaling
2128,0.06628909707069397,0.0060937535017728806,2219.512939453125,0.12935714423656464,0.015098688192665575,196.11068725585935,blasting
2129,0.39654317498207087,0.2514845132827759,107.11277770996092,0.025028958916664124,0.07803444564342497,143.7422332763672,blasting
2130,0.3044532835483551,0.07226566225290297,55.20829772949219,0.07481382042169571,0.02610637992620468,381.0108337402344,scaling
2131,0.385879099369049,0.0013671882916241884,53.82970428466797,0.20289276540279388,0.009626399725675585,90.70198059082033,scaling
2132,0.008183598518371582,0.002187501173466444,84.91305541992188,1.2259343862533567,0.0015931726666167378,2077.32568359375,scaling
2133,0.017734384164214134,0.0046093775890767566,921.2893676757811,0.4659897685050964,0.004191351588815451,1748.0167236328125,microseismic
2134,0.48730495572090154,0.06298831850290297,455.4841003417969,0.027533244341611866,0.07093745470046997,2121.87451171875,drilling
2135,0.3297657966613769,0.009179692715406416,825.780029296875,0.04462087899446488,0.04377147927880287,84.90874481201172,blasting
2136,0.006699222140014172,0.006621097214519978,62.27296829223633,14.920096397399902,0.0001309057988692075,298.5421142578125,electric noise
2137,0.000546875293366611,0.00017578134429641068,4118.05712890625,8.199724197387694,0.00023819410125724969,5485.71142578125,electric noise
2138,0.3456251919269562,0.23529309034347531,2830.1865234375,0.049744389951229095,0.03926331177353858,69.43938446044922,blasting
2139,0.48828151822090154,0.04750002548098564,87.96468353271484,0.0177483893930912,0.1100449115037918,2121.726806640625,drilling
2140,0.48828151822090154,0.23945325613021848,85.62312316894531,0.027005204930901527,0.07232416421175003,1568.76708984375,drilling
2141,0.487890899181366,0.14919929206371307,88.62045288085938,0.03545712307095528,0.05508415773510933,364.8356628417969,scaling
2142,0.4838283956050873,0.003906251862645149,112.90838623046876,0.024400947615504265,0.0800432339310646,1078.8948974609375,drilling
2143,0.4846877455711365,0.25695326924324036,1119.9571533203125,0.03900522738695145,0.050073616206645966,781.9467163085938,drilling
2144,0.09578130394220352,0.09572270512580872,246.64439392089844,2.121775865554809,0.000920515798497945,41.76180267333984,electric noise
2145,0.00835937913507223,0.0014062507543712854,137.4858856201172,0.9155176877975466,0.0021333559416234493,2392.522216796875,microseismic
2146,0.4876369833946228,0.14960946142673492,84.28369903564453,0.05186087265610695,0.037661109119653695,96.38317108154298,scaling
2147,0.00031250016763806343,0.0002148438652511686,120.80663299560545,12.75792121887207,0.00015309125592466444,6399.99658203125,electric noise
2148,0.07257816195487976,0.006972659844905138,65.22136688232422,0.2698482275009155,0.007237859070301056,179.1172332763672,scaling
2149,0.48779323697090154,0.19576182961463928,300.8727111816406,0.025526445358991623,0.07651382684707642,1447.3345947265625,drilling
2150,0.00013671882334165275,7.812504190951586e-05,2297.68896484375,24.98106002807617,7.818427548045292e-05,14628.5634765625,electric noise
2151,0.0017382821533828972,0.0005859378143213689,103.65752410888672,4.208264350891112,0.0004641169507522136,1150.5611572265625,electric noise
2152,0.041054710745811455,0.04097658395767212,69.4002685546875,2.408604860305786,0.000810895930044353,73.0732192993164,electric noise
2153,0.38488301634788513,0.1013086512684822,276.923095703125,0.03689009323716164,0.05294446274638176,88.33853149414062,blasting
2154,0.4864455759525299,0.33451190590858454,81.56266784667967,0.02808905206620693,0.06953353434801102,575.6039428710938,drilling
2155,0.33085954189300537,0.06009768694639206,154.80335998535156,0.06107405200600624,0.031979776918888085,1154.5684814453125,drilling
2156,0.010273442603647707,0.0029101578984409566,241.573974609375,1.0685046911239624,0.0018279056530445812,2044.10546875,microseismic
2157,0.05351565405726433,0.012578131631016731,84.25435638427734,0.15935391187667847,0.012256514281034468,112.11672973632812,scaling
2158,0.015117195434868336,0.0034765643067657948,68.62218475341797,0.5282741785049438,0.003697181586176157,2513.69384765625,microseismic
2159,0.02130860462784767,0.00318359537050128,52.8034782409668,0.5605292320251465,0.003484434215351939,375.4351806640625,scaling
2160,0.01566407084465027,0.003925783559679985,90.86331176757811,0.5012515783309937,0.003896496025845408,2106.73193359375,microseismic
2161,0.11673834174871443,0.007480472791939975,71.50592041015625,0.2229292392730713,0.008761195465922356,59.96316146850586,scaling
2162,0.20015636086463928,0.028593765571713448,82.93727111816406,0.07370030879974365,0.026500986889004707,429.66409301757807,scaling
2163,0.01246094424277544,0.003828126937150955,116.33797454833984,0.4348244667053223,0.0044917603954672805,401.2536926269531,scaling
2164,0.3555665910243988,0.0740625411272049,146.8553466796875,0.05874229222536087,0.03324903920292854,30.93654060363769,electric noise
2165,0.35646504163742065,0.06312503665685654,3539.7080078125,0.03772084414958954,0.05177835002541542,131.85023498535156,blasting
2166,7.812504190951586e-05,3.906252095475793e-05,485.65960693359375,40.98229217529297,4.765780613524839e-05,25599.986328125,electric noise
2167,0.4882424473762512,0.10001958161592484,12.745378494262695,0.02622091770172119,0.07448773086071014,2740.44189453125,scaling
2168,0.48341822624206543,0.2571876347064972,92.52030944824217,0.021362802013754845,0.09142649173736572,614.3748779296875,drilling
2169,0.33459001779556274,0.14917977154254913,237.58871459960935,0.027262032032012936,0.07164242863655089,143.4591522216797,blasting
2170,0.48650416731834406,0.39978536963462824,94.98124694824217,0.01991397701203823,0.09807822108268736,1913.6527099609373,drilling
2171,0.48828151822090154,0.11322271823883057,50.30354690551758,0.021386073902249336,0.09132740646600723,806.9115600585938,drilling
2172,0.3356642425060272,0.057187531143426895,52.038623809814446,0.09086659550666808,0.02149452082812786,634.5626831054688,scaling
2173,0.4882424473762512,0.45814478397369374,106.77098846435545,0.02259069867432117,0.08645689487457275,1388.654296875,drilling
2174,0.24488294124603271,0.0003515626885928213,155.3013458251953,0.16559763252735135,0.011794403195381165,12.250751495361328,electric noise
2175,0.4777932167053223,0.3584962785243988,801.2691040039062,0.04417110234498978,0.044217124581336975,119.29846954345705,electric noise
2176,0.040410179644823074,0.015625007450580597,3799.495361328125,0.1376645416021347,0.014187564142048357,395.9398498535156,blasting
2177,0.15427742898464203,0.04433596134185791,160.30694580078125,0.0477936752140522,0.040865976363420486,142.60025024414062,blasting
2178,0.3915627002716064,0.004628908820450306,59.74066162109375,0.06574954092502594,0.029705587774515152,306.4643249511719,scaling
2179,0.4806838631629944,0.02541016973555088,118.20133972167967,0.03731508180499077,0.05234130099415779,461.8420104980469,drilling
2180,0.00011718756286427379,5.8593781432136886e-05,166.2111053466797,27.28836441040039,7.157358049880713e-05,17066.658203125,electric noise
2181,0.4880080819129944,0.2840431332588196,52.229122161865234,0.017333900555968285,0.11267706006765364,610.6456298828125,drilling
2182,0.4869338572025299,0.2417384088039398,69.58546447753906,0.025623168796300888,0.07622506469488144,687.9784545898438,drilling
2183,0.010000005364418028,0.00015625008381903172,136.19631958007812,1.5226413011550903,0.0012827222235500813,699.9996337890625,electric noise
2184,0.48828151822090154,0.3337306380271912,161.45327758789062,0.018745779991149902,0.10418999195098876,778.2395629882812,drilling
2185,0.48828151822090154,0.4115822613239288,55.69499588012695,0.017759650945663452,0.10997497290372849,1044.4793701171875,drilling
2186,0.4805666506290436,0.19839854538440704,253.60380554199216,0.040946971625089645,0.0476989820599556,393.2857055664063,scaling
2187,0.4709963500499725,0.0537695586681366,51.091575622558594,0.02263026311993599,0.0863056480884552,1539.2900390625,drilling
2188,0.4880861937999725,0.024648450314998623,132.8083038330078,0.028313713148236275,0.06898187845945358,1667.7381591796875,drilling
2189,0.48587915301322937,0.3263868987560272,801.9244995117188,0.026817474514245983,0.07283028960227966,1131.96875,drilling
2190,0.048671901226043694,0.009687505662441252,66.69351959228516,0.267446905374527,0.007302865851670503,636.9177856445312,microseismic
2191,0.0797656700015068,0.07105472683906555,62.49865722656249,0.2588884830474853,0.007544284220784903,476.3954162597656,scaling
2192,0.48625025153160095,0.4424611628055573,1121.2996826171875,0.0325513519346714,0.06000135838985443,1382.00439453125,drilling
2193,0.48828151822090154,0.23779310286045077,112.65699768066406,0.016519291326403614,0.11823339015245436,1492.9912109375,drilling
2194,0.1819336861371994,0.09763677418231964,92.71858215332033,0.23706303536891937,0.008238868787884712,307.8044738769531,scaling
2195,0.01839844696223736,0.0072851600125432014,54.41193771362305,0.4170571565628052,0.0046831159852445126,2011.0393066406248,microseismic
2196,0.4859182238578796,0.3397658169269562,270.8980407714844,0.02534101903438568,0.07707343995571136,2029.1480712890625,drilling
2197,0.4809182286262512,0.4708205759525299,203.4916534423828,0.03088079765439033,0.06324714422225952,1553.278564453125,drilling
2198,0.07095707207918167,0.07089847326278687,1620.9622802734375,2.276623487472534,0.0008579044952057302,84.55816650390625,electric noise
2199,0.32462906837463373,0.018496103584766388,2934.046875,0.03429969772696495,0.05694295093417168,104.73492431640624,blasting
2200,0.34072282910346985,0.006269534584134817,102.64028167724608,0.15266741812229156,0.012793361209332941,20.54455757141113,scaling
2201,0.019980479031801224,0.009062504395842552,535.5166015625,1.1223406791687012,0.0017402238445356488,1151.12353515625,microseismic
2202,0.050664089620113366,0.01863282173871994,64.24249267578125,0.1765335500240326,0.011063743382692335,296.06768798828125,scaling
2203,0.025937514379620552,0.00017578134429641068,186.02243041992188,0.12878839671611783,0.01516539230942726,115.66259002685545,electric noise
2204,0.388515830039978,0.0017187509220093489,83.13646697998048,0.10689403861761092,0.018271621316671368,82.3647232055664,scaling
2205,0.388222873210907,0.2655665576457977,250.4858856201172,0.07876382023096083,0.024797281250357628,131.3678436279297,scaling
2206,0.006894534919410944,0.006113284733146429,2696.072021484375,6.138309001922608,0.00031818629940971727,580.169677734375,electric noise
2207,0.22267590463161469,0.20951183140277865,115.40186309814452,0.0950394943356514,0.02055065147578716,22.454158782958984,electric noise
2208,0.3840041160583496,0.02519532665610313,235.82354736328125,0.019697155803442,0.09915748238563536,98.95727539062499,blasting
2209,0.003066407982259989,0.0008203129400499165,147.4783935546875,2.7548067569732666,0.0007089885184541345,6848.40380859375,microseismic
2210,0.040058616548776634,3.906252095475793e-05,2248.684326171875,0.198965385556221,0.009816408157348633,324.52444458007807,blasting
2211,0.48228541016578674,0.32023453712463373,913.5415649414062,0.03685269504785538,0.05299828574061394,1026.3631591796875,drilling
2212,0.4606838524341583,0.0844922363758087,70.4488296508789,0.2602318227291107,0.007505304180085659,56.437835693359375,scaling
2213,0.45167991518974304,0.1179102212190628,119.76798248291016,0.05798325315117836,0.0336843803524971,298.8842163085937,drilling
2214,0.48761746287345886,0.09808599203824997,152.4360809326172,0.025613265112042427,0.0762542113661766,1298.1488037109375,drilling
2215,0.3319142460823059,0.026113295927643772,99.2153549194336,0.10012483596801756,0.01950681395828724,400.7059020996094,scaling
2216,0.17695322632789612,0.03388673812150955,96.54856872558592,0.056411396712064736,0.03462286293506622,96.07058715820312,blasting
2217,0.4880861937999725,0.15066415071487427,920.0786132812499,0.034209318459033966,0.05709342658519745,766.2581176757811,drilling
2218,0.41345724463462824,0.04873049631714821,53.236576080322266,0.10396480560302734,0.01878637261688709,343.4454345703125,scaling
2219,9.765630238689482e-05,3.906252095475793e-05,66.14674377441406,33.913753509521484,5.759097984991968e-05,20479.98828125,electric noise
2220,0.01710938476026058,0.009160161018371582,91.80687713623047,0.5160690546035768,0.003784621134400368,2162.555908203125,microseismic
2221,0.35119158029556274,0.1256641298532486,146.9267578125,0.033665429800748825,0.058015581220388406,105.35559844970705,blasting
2222,0.4872463643550873,0.24150402843952176,64.4829330444336,0.02423622645437717,0.08058696985244752,412.5223083496094,drilling
2223,0.44388696551322937,0.06431644409894943,1083.63916015625,0.03202177584171295,0.06099332496523857,108.13563537597656,blasting
2224,0.3073634505271912,0.30468764901161194,86.21063995361328,0.2817012369632721,0.006933319848030806,61.81606674194336,scaling
2225,0.4746877551078796,0.45207056403160095,400.39947509765625,0.03781820833683014,0.051645051687955856,440.2894287109375,drilling
2226,0.4882229268550873,0.34957051277160645,51.37680435180664,0.016250289976596832,0.12018995732069016,639.0523071289064,drilling
2227,0.22193370759487152,0.034511737525463104,70.18975067138672,0.09036349505186081,0.02161405421793461,1225.5911865234375,drilling
2228,0.4881252646446228,0.34271502494812006,246.45220947265625,0.03058355301618576,0.06386195868253708,1522.1502685546875,drilling
2229,0.013007819652557371,0.004863284062594175,118.45343017578124,0.6862236261367798,0.0028461955953389406,1691.2904052734375,microseismic
2230,0.013007819652557371,0.004023439716547728,76.57129669189453,0.7424381971359253,0.002630691509693861,1845.0440673828125,microseismic
2231,0.4874612092971802,0.43289086222648626,221.63755798339844,0.025648184120655056,0.07615043222904205,775.4462890625,drilling
2232,0.08496098220348358,0.0848633274435997,65.85816955566406,0.2453709989786148,0.007959895767271519,47.08043670654297,electric noise
2233,0.004511720966547728,0.0008203129400499165,161.88153076171875,2.578249216079712,0.0007575397030450404,3546.318603515625,microseismic
2234,0.3327736258506775,0.0005664065247401595,149.26095581054688,0.16749456524848935,0.01166078634560108,21.03532028198242,scaling
2235,0.355820506811142,0.07738285511732101,76.47989654541014,0.07798301428556442,0.025045542046427727,53.397708892822266,scaling
2236,0.4877736866474152,0.20429699122905728,91.76070404052734,0.02476818300783634,0.0788559317588806,2039.8804931640625,drilling
2237,0.0004296877305023372,0.0003515626885928213,4490.25927734375,7.028049468994141,0.0002779044443741441,4654.54296875,electric noise
2238,0.1495899260044098,0.008847661316394806,51.164714813232415,0.16253376007080078,0.012016736902296545,955.9467163085936,scaling
2239,0.32816424965858454,0.07458988577127457,418.6500549316406,0.037113599479198456,0.0526256300508976,127.98468780517578,blasting
2240,0.000546875293366611,3.906252095475793e-05,1871.8522949218752,20.35013198852539,9.597608004696669e-05,5485.71142578125,electric noise
2241,0.4875588417053223,0.09951177239418028,56.63545989990234,0.02613086625933647,0.07474370300769806,783.4951782226561,drilling
2242,0.4810158908367157,0.06181643903255463,560.4189453125,0.027416056022048,0.07124054431915283,650.7061767578125,drilling
2243,0.04732424393296242,0.002558595035225153,83.06707000732422,0.34399580955505366,0.005677760578691959,1394.634033203125,scaling
2244,0.4864846467971802,0.03824220970273018,1152.6248779296875,0.033360403031110764,0.05854630097746849,1498.505615234375,drilling
2245,0.3817970752716064,0.25259777903556824,694.6285400390625,0.028979115188121796,0.0673978254199028,81.19496154785155,blasting
2246,0.4871487021446228,0.15232430398464203,829.0196533203125,0.03419682756066322,0.05711443722248077,802.629638671875,drilling
2247,0.2730470299720764,0.03279298543930054,159.479736328125,0.2587724030017853,0.0075476765632629395,113.53355407714844,scaling
2248,0.40882834792137146,0.3471681475639343,128.10804748535156,0.05868008732795715,0.03328428417444229,161.43695068359375,scaling
2249,0.0006640628562308848,0.0003515626885928213,3974.894287109375,5.951725959777832,0.0003281613171566278,4517.64453125,electric noise
2250,0.42640647292137146,0.398476779460907,3099.036376953125,0.05183481797575951,0.03767987713217735,65.66504669189453,blasting
2251,0.4208791255950928,0.08560551702976227,80.38407897949217,0.06002381443977356,0.03253926709294319,30.88772773742676,electric noise
2252,0.06416019052267075,0.05613284185528755,87.57380676269531,0.29137060046195984,0.006703237071633338,77.92994689941406,scaling
2253,0.11021490395069122,0.11013677716255188,2817.71484375,0.1559961289167404,0.01252033282071352,81.65864562988281,electric noise
2254,0.4178322553634644,0.1670704036951065,83.72431182861328,0.48410916328430176,0.0040344703011214724,16.75313377380371,electric noise
2255,0.398965060710907,0.1731641590595245,60.17768096923828,0.0703444704413414,0.02776513062417507,363.4403381347656,scaling
2256,0.48828151822090154,0.14908210933208463,82.3625717163086,0.021134082227945328,0.09241553395986557,1271.8072509765625,drilling
2257,0.3364259600639343,0.009218755178153513,454.5055541992188,0.03361671045422554,0.05809994786977768,101.0623550415039,blasting
2258,0.33841815590858454,0.001132813049480319,59.85026550292969,0.12780946493148804,0.015281560830771925,76.8280258178711,scaling
2259,0.14169929921627045,0.002812501508742571,213.99993896484372,0.054227683693170554,0.03601708635687828,127.0295639038086,blasting
2260,7.812504190951586e-05,3.906252095475793e-05,68.09786987304688,44.46492004394531,4.3925094360020005e-05,25599.986328125,electric noise
2261,0.488164335489273,0.36978536844253534,63.5437889099121,0.013784537091851234,0.1416889876127243,751.7960205078125,drilling
2262,0.3737306594848633,0.15183602273464203,7204.11669921875,0.033895451575517654,0.057622291147708886,230.11224365234372,blasting
2263,0.48570337891578674,0.4229299128055573,957.6190185546877,0.03522742912173271,0.05544330179691315,829.7244873046875,drilling
2264,0.48828151822090154,0.16873055696487427,87.10163879394531,0.028538471087813377,0.06843805313110352,559.1036987304688,drilling
2265,0.010234380140900612,0.002812501508742571,54.57552337646484,0.8470630049705505,0.0023057630751281977,3908.3950195312495,microseismic
2266,0.488164335489273,0.40400412678718567,61.80693817138672,0.017317654564976692,0.11278248578310011,1915.3386230468752,drilling
2267,0.4792190194129944,0.23005871474742887,754.7891845703125,0.029978444799780846,0.0651509091258049,1598.43408203125,drilling
2268,0.4870705604553223,0.23316419124603271,7290.75,0.0335574597120285,0.058202505111694336,149.8756103515625,blasting
2269,0.01177734974771738,0.004863284062594175,320.5113220214844,0.6986432075500488,0.0027955980040133,1952.9011230468752,microseismic
2270,0.4875393211841583,0.47585964202880854,547.47265625,0.023381263017654415,0.08353421092033386,1033.7628173828125,drilling
2271,0.0755273848772049,0.0002148438652511686,4419.99169921875,3.0205595493316646,0.0006466102204285562,52.96092224121094,electric noise
2272,0.13421882688999176,0.1341797560453415,407.54440307617193,1.5566169023513792,0.0012547228252515197,22.35155868530273,electric noise
2273,0.1512891501188278,0.017480477690696716,1731.77001953125,0.07630167156457901,0.025597492232918736,125.58732604980467,blasting
2274,0.4822658896446228,0.24185559153556824,882.0873413085938,0.04325311630964279,0.04515567421913146,340.0613708496094,drilling
2275,0.4843557178974152,0.17849619686603546,99.27642059326173,0.02124395407736301,0.09193821251392365,72.26094055175781,blasting
2276,0.021972667425870892,0.011210943572223186,76.90309143066406,0.30524232983589167,0.0063986093737185,273.0665283203125,scaling
2277,0.4859963655471802,0.38101583719253534,910.408935546875,0.03022634983062744,0.06461667269468307,1539.106201171875,drilling
2278,0.48765650391578674,0.42699241638183594,828.6459960937501,0.045145325362682336,0.04326341301202775,323.99853515625,drilling
2279,0.3619142472743988,0.0071289101615548125,74.86054229736328,0.061686214059591286,0.031662389636039734,165.78512573242188,scaling
2280,0.053710967302322395,0.03000001609325409,1096.03369140625,0.1285807490348816,0.015189871191978455,167.56353759765625,blasting
2281,0.3763673901557922,0.043730493634939194,3804.057373046875,0.06767908483743668,0.028858590871095657,63.76747894287109,blasting
2282,0.006679690908640623,0.0007421878981404006,60.49066925048828,1.328147530555725,0.0014705645153298974,5090.0556640625,microseismic
2283,0.04048830270767212,0.0244726687669754,67.52328491210938,0.5284861922264099,0.003695700084790587,1333.718505859375,scaling
2284,0.36193379759788513,0.057773467153310776,421.2650451660156,0.02637786976993084,0.07404410094022752,104.9915771484375,blasting
2285,0.02039063535630703,0.011933600530028343,56.9825325012207,0.3988851308822632,0.004896460566669703,686.5896606445312,scaling
2286,0.3596290946006775,0.07318363338708876,131.84825134277344,0.02135976403951645,0.09144000709056854,127.90956115722656,blasting
2287,0.38660177588462824,0.09298833459615709,155.4869842529297,0.02841050177812576,0.06874649971723557,129.33204650878906,blasting
2288,0.22701184451580048,0.0017578133847564459,135.8676605224609,0.1049368381500244,0.01861238852143288,176.20225524902344,scaling
2289,0.1177930310368538,0.010078130289912224,74.80958557128906,0.17215915024280548,0.011344841681420805,67.91573333740233,scaling
2290,0.32058611512184143,0.0071289101615548125,5310.5263671875,0.0298081748187542,0.0655236467719078,174.6800537109375,blasting
2291,7.812504190951586e-05,3.906252095475793e-05,51.24930191040039,40.98229217529297,4.765780613524839e-05,25599.986328125,electric noise
2292,0.10732427984476088,0.00019531260477378964,252.98651123046875,1.789656639099121,0.0010913407895714045,37.27022552490234,electric noise
2293,0.36673846840858454,0.055019561201334,54.07838439941406,0.22947204113006592,0.008511390537023544,54.53477478027344,scaling
2294,9.765630238689482e-05,3.906252095475793e-05,92.88061523437501,42.446147918701165,4.601421096595004e-05,20479.98828125,electric noise
2295,0.4852932393550873,0.15009774267673492,63.733013153076165,0.19013299047946927,0.010272401385009289,117.45475769042967,electric noise
2296,0.2637110650539398,0.005175784230232239,130.3527679443359,0.1939541846513748,0.010070092044770716,98.5927505493164,scaling
2297,0.1503125876188278,0.1303906887769699,76.57912445068358,0.09469923377037048,0.02062451466917992,299.3761291503906,scaling
2298,0.235703244805336,0.09457036107778548,70.27501678466797,0.054944131523370736,0.035547427833080285,97.58032989501952,blasting
2299,0.11355474591255188,0.001933594816364348,67.0011215209961,0.10736435651779173,0.018191538751125332,246.5771026611328,scaling
2300,0.4732424318790436,0.4290627241134644,363.9861145019531,0.04880847781896591,0.04001627117395401,443.7471923828125,drilling
2301,0.4603908658027649,0.08453129231929779,81.11416625976561,0.07817530632019043,0.02498389966785908,132.49610900878906,scaling
2302,0.09806645661592484,0.07964847981929779,66.90161895751953,0.37928476929664606,0.005149499513208865,418.0838317871094,scaling
2303,0.4846682250499725,0.051035184413194656,957.2612915039062,0.019689440727233887,0.09919605404138564,2154.05078125,drilling
2304,0.48820337653160095,0.35281267762184143,61.81209564208984,0.02046673558652401,0.09542965143918992,1018.0183715820312,drilling
2305,0.1257227212190628,0.0221093874424696,164.0534515380859,1.8687678575515747,0.0010451443959027529,47.72407150268555,electric noise
2306,0.003144532907754183,1.9531260477378964e-05,93.16867065429688,17.04349899291992,0.00011459657980594784,636.0245361328125,electric noise
2307,0.024414075538516045,0.005527346860617399,704.062744140625,0.2987976372241974,0.006536622997373343,204.7998962402344,blasting
2308,0.3312306404113769,0.030449235811829567,3957.654541015625,0.032572247087955475,0.05996290594339371,132.83795166015625,blasting
2309,0.4281643033027649,0.04984377697110176,68.72174072265625,0.06912625581026077,0.02825450338423252,128.4553680419922,scaling
2310,0.3803908228874207,0.007246097549796104,54.07421875,0.09599749743938446,0.020345447584986687,60.46413040161133,scaling
2311,0.4192970991134644,0.03199220448732376,69.88661193847656,0.05274746939539909,0.03702780231833458,35.77415466308594,electric noise
2312,0.0004687502514570952,0.0003320314281154424,109.1044235229492,7.672186374664306,0.0002545722818467766,4266.66455078125,electric noise
2313,0.47218775749206543,0.1439063251018524,10.813390731811523,0.050319403409957886,0.03881444409489632,393.9111022949218,scaling
2314,0.45291039347648626,0.09957036375999449,57.67858505249024,0.11180873215198515,0.017468418926000595,28.70324897766113,scaling
2315,0.0051367213018238544,0.00013671882334165275,934.1029663085936,2.8580212593078613,0.0006833840161561966,2530.797119140625,microseismic
2316,0.01402344461530447,0.007304691243916751,98.88356018066406,0.4855970740318298,0.004022113513201475,2994.984619140625,microseismic
2317,0.21191418170928955,0.1760157197713852,57.56757354736328,0.03402327373623848,0.057405583560466766,561.548095703125,blasting
2318,0.3879689574241638,0.23117199540138245,158.1310882568359,0.023427484557032585,0.0833694338798523,139.18638610839844,blasting
2319,0.16419930756092072,0.07548832148313521,58.66435241699219,0.08090072870254515,0.02414223365485668,249.6965484619141,scaling
2320,0.48820337653160095,0.1522071063518524,201.46743774414065,0.028690898790955544,0.06807461380958557,1687.8211669921875,drilling
2321,0.4874612092971802,0.4865822792053223,131.93824768066406,0.019510865211486816,0.1001039296388626,1544.73828125,drilling
2322,0.486699491739273,0.31134781241416926,86.46898651123047,0.025513323023915287,0.07655329257249832,610.2327880859375,drilling
2323,0.001640625880099833,0.00019531260477378964,2709.91650390625,3.569862604141236,0.000547115341760218,3657.140869140625,electric noise
2324,0.0003710939490702003,0.00031250016763806343,590.0999145507812,8.517839431762694,0.00022929829719942063,5389.470703125,electric noise
2325,0.48744165897369374,0.26330092549324036,1057.609375,0.024716798216104507,0.07902068644762038,2275.14404296875,drilling
2326,0.17171883583068848,0.002656251424923539,311.18167114257807,0.11947113275527954,0.016348106786608696,23.29389190673828,electric noise
2327,0.48828151822090154,0.15125007927417755,51.095497131347656,0.017647383734583855,0.11067496240139008,964.6074829101561,drilling
2328,0.0009765629656612873,0.0009179692715406416,191.4230499267578,4.824002265930176,0.0004048767150379717,2047.9990234375,electric noise
2329,0.350937694311142,0.0440039299428463,56.590118408203125,0.0771438032388687,0.025318065658211708,96.88329315185545,scaling
2330,7.812504190951586e-05,5.8593781432136886e-05,60.655052185058594,49.402729034423835,3.9534781535621726e-05,25599.986328125,electric noise
2331,0.005000002682209015,0.00015625008381903172,830.0987548828125,5.297797679901123,0.00036866744630970066,599.9996948242188,electric noise
2332,0.07185550779104233,0.07175785303115845,219.75714111328125,3.3314182758331294,0.0005862745456397532,41.75045394897461,electric noise
2333,0.06416019052267075,0.006250003352761269,128.2507781982422,0.30444175004959106,0.006415427662432194,171.4458770751953,scaling
2334,0.48792994022369374,0.12638679146766663,54.91606903076172,0.043778806924819946,0.044613320380449295,1114.9141845703125,scaling
2335,0.47353541851043696,0.3481251895427704,55.20442199707031,0.195870503783226,0.009971535764634607,95.02985382080078,electric noise
2336,0.38847675919532776,0.011445318348705769,197.4958648681641,0.03226602077484131,0.060532037168741226,123.55951690673828,blasting
2337,0.36392596364021296,0.14833992719650269,137.23599243164062,0.06949801743030548,0.02810340374708176,294.0158386230469,scaling
2338,0.4706447720527649,0.10453130304813384,58.55574798583984,0.05070301890373229,0.038520898669958115,314.46221923828125,scaling
2339,0.282519668340683,0.11087896674871443,113.54576110839844,0.03018539771437645,0.06470414996147156,120.34560394287108,blasting
2340,0.17923837900161743,0.10507818311452864,232.2777557373047,0.1738375872373581,0.011235326528549194,111.58324432373045,scaling
2341,0.2266016900539398,0.005078127607703209,693.70068359375,0.14730888605117795,0.013258713297545908,207.41239929199216,blasting
2342,0.008437504991889,0.0014453132171183825,173.00262451171875,3.044891357421875,0.0006414434174075723,829.629150390625,electric noise
2343,0.3913869261741638,0.008203129284083843,60.81746292114258,0.10328657180070876,0.018909817561507225,38.325244903564446,scaling
2344,7.812504190951586e-05,3.906252095475793e-05,1122.98681640625,39.259815216064446,4.974873809260316e-05,25599.986328125,electric noise
2345,0.016757821664214134,0.00914063025265932,68.69414520263672,0.7825904488563538,0.0024957209825515747,835.4307861328125,microseismic
2346,0.39298850297927856,0.354843944311142,78.15445709228516,0.08043494820594788,0.0242820605635643,99.23954772949217,scaling
2347,0.2960353195667267,0.008906254544854162,3014.62548828125,0.051782164722681046,0.037718139588832855,124.9850845336914,blasting
2348,0.4875588417053223,0.1487891376018524,1131.69482421875,0.027595117688179016,0.07077812403440475,1815.16552734375,drilling
2349,0.3899220824241638,0.05984378233551979,175.0956878662109,0.02420848608016968,0.08067933470010757,128.23074340820312,blasting
2350,0.01916016638278961,0.009082036092877388,133.4382781982422,0.3103390336036682,0.006293518003076314,208.76644897460935,scaling
2351,0.05558596551418304,0.050546903163194656,3442.93359375,0.23102061450481412,0.008454331196844578,143.9212188720703,electric noise
2352,0.020000010728836056,0.0075781289488077155,59.08120727539063,0.5454162359237671,0.0035809879191219807,1499.9991455078125,microseismic
2353,0.1304492950439453,0.13015632331371307,3531.83154296875,3.1587069034576416,0.0006183307850733399,45.99488067626953,electric noise
2354,0.32271501421928406,0.08746098726987839,116.97763061523436,0.07750102877616881,0.025201303884387016,672.419921875,drilling
2355,0.48783230781555176,0.0736328512430191,62.89404678344727,0.019087452441453934,0.1023256778717041,1131.536376953125,drilling
2356,0.3151173591613769,0.09636723995208739,201.9945373535156,0.03498612344264984,0.05582565814256668,98.37604522705078,blasting
2357,0.3062501549720764,0.23298840224742887,133.90554809570312,0.064726822078228,0.030174948275089264,238.3672332763672,scaling
2358,0.3287111222743988,0.030449235811829567,3949.034912109375,0.03307321295142174,0.05905457958579064,161.2357940673828,blasting
2359,0.3591603636741638,0.35808613896369934,294.86981201171875,1.1672800779342651,0.001673229387961328,16.705629348754883,electric noise
2360,0.33107438683509827,0.25021496415138245,157.34609985351562,0.04032981395721436,0.048428796231746674,81.55266571044922,blasting
2361,0.48820337653160095,0.35896503925323486,229.3288726806641,0.02616291679441929,0.07465231418609619,1411.297119140625,drilling
2362,0.45220726728439326,0.09966801851987839,68.02922058105469,0.06679267436265945,0.029241660609841343,90.66638946533203,scaling
2363,7.812504190951586e-05,3.906252095475793e-05,203.95341491699216,38.18652725219727,5.114699524710886e-05,25599.986328125,electric noise
2364,0.487890899181366,0.44160181283950806,173.32244873046875,0.02477595955133438,0.07883156836032867,885.4438476562499,drilling
2365,0.4882424473762512,0.33699238300323486,59.33694839477539,0.01967252232134342,0.09928198158740995,833.6022338867188,drilling
2366,0.48798853158950806,0.07859379053115843,77.1802978515625,0.02233688160777092,0.08743973821401597,768.460693359375,drilling
2367,0.06242190673947334,0.052578154951334,164.74111938476562,0.5113479495048523,0.0038195606321096416,881.1009521484374,scaling
2368,0.48820337653160095,0.2008204162120819,56.75928115844727,0.015219980850815771,0.1283259242773056,571.483154296875,drilling
2369,0.007343754172325134,0.0020703135523945093,206.9228057861328,1.4429932832717896,0.00135352392680943,1497.8714599609375,scaling
2370,0.44642603397369374,0.06521487981081009,66.10062408447266,0.07546200603246687,0.025882447138428688,51.520294189453125,scaling
2371,0.007343754172325134,0.002480470109730959,114.32408142089844,1.0446780920028687,0.0018695959588512776,3812.763671875,microseismic
2372,0.4878713488578796,0.4597658812999725,127.62076568603516,0.020609352737665176,0.09476887434720992,1225.7330322265625,drilling
2373,0.0023046887945383787,0.0010351567761972547,3903.421630859375,3.570800304412842,0.000546971510630101,3037.286376953125,electric noise
2374,0.4882229268550873,0.037089861929416656,52.49116134643555,0.019333939999341965,0.10102078318595886,981.1091918945312,drilling
2375,0.02869142219424248,0.012656256556510924,55.825416564941406,0.2909086048603058,0.006713887210935353,209.12173461914065,scaling
2376,0.09625004976987839,0.05242190137505531,55.28697967529297,0.12247046828269958,0.0159477386623621,197.40249633789065,scaling
2377,0.48814478516578674,0.38349631428718567,1175.44140625,0.025071999058127403,0.07790028303861618,1356.155029296875,drilling
2378,0.4880471229553223,0.07337894290685652,227.92822265625,0.028151841834187508,0.06937850266695023,1895.3088378906248,drilling
2379,0.42789086699485773,0.3278322219848633,6655.390625,0.03160680830478668,0.06179431825876236,222.01922607421875,blasting
2380,0.4831252694129944,0.23867200314998624,5869.8759765625,0.04080384597182274,0.04786635190248489,105.56268310546876,blasting
2381,0.04730471223592758,0.04710939899086952,264.3528747558594,6.815645217895508,0.00028656513313762844,63.41862869262695,electric noise
2382,0.4875393211841583,0.43574240803718567,212.66549682617188,0.020427934825420376,0.0956098586320877,2065.474365234375,drilling
2383,0.424355685710907,0.3851564526557922,5205.04833984375,0.052491459995508194,0.03720849007368088,58.912841796875,blasting
2384,0.0064257849007844925,0.0018945322372019289,60.12027359008789,1.3578693866729736,0.0014383759116753936,2645.59130859375,microseismic
2385,0.004414064809679985,5.8593781432136886e-05,69.90216827392578,5.5208587646484375,0.0003537722514010966,1359.2913818359375,electric noise
2386,0.2609767019748688,0.059570346027612686,84.17063140869139,0.14356786012649536,0.01360423769801855,390.8394775390625,scaling
2387,0.4872658848762512,0.3534376919269562,74.58541870117188,0.020411809906363487,0.0956854447722435,556.16455078125,drilling
2388,0.34792986512184143,0.054804716259241104,277.5999755859375,0.028146015480160717,0.06939229369163513,112.091552734375,blasting
2389,0.4837111830711365,0.1944532245397568,136.8793487548828,0.05977369844913483,0.03267538174986839,163.3206024169922,scaling
2390,0.02964845299720764,0.006738285068422556,94.14556121826173,0.488696813583374,0.00399659713730216,573.3857421875,microseismic
2391,0.00017578134429641068,0.00011718756286427379,126.66297149658205,18.435384750366207,0.00010594442574074492,11377.771484375,electric noise
2392,0.3213673532009125,0.007011722307652235,7249.65185546875,0.02416850998997688,0.08081262558698654,304.94696044921875,blasting
2393,0.1382032036781311,0.11976569145917892,6252.2119140625,0.07115563005208969,0.02744864113628864,108.53583526611328,blasting
2394,0.4868947863578796,0.4107424020767212,942.1279907226561,0.02436397969722748,0.08016416430473326,677.7645263671875,drilling
2395,0.38501974940299993,0.019492197781801224,359.45608520507807,0.045457471162080765,0.042965926229953766,90.90442657470705,blasting
2396,0.0007421878981404006,0.0006640628562308848,123.78284454345705,4.296849250793457,0.00045454839710146183,2694.7353515625,electric noise
2397,0.38810569047927856,0.38810569047927856,274.60321044921875,0.07983986288309097,0.024462966248393055,188.0930938720703,drilling
2398,0.48814478516578674,0.10650396347045898,59.986175537109375,0.020832149311900135,0.09375522285699843,1014.0433959960936,drilling
2399,0.3183595538139343,0.1691797822713852,2842.043701171875,0.04782621562480927,0.04083796963095665,87.95087432861328,blasting
2400,0.4867580831050873,0.0026367201935499902,173.6132354736328,0.05777810141444206,0.03380404785275459,575.2344360351562,drilling
2401,0.488164335489273,0.027285171672701836,135.78512573242188,0.026573333889245983,0.07349948585033415,739.5050659179686,drilling
2402,0.13216803967952728,0.007675785571336745,91.00819396972656,0.20834763348102567,0.009374340996146202,196.71926879882807,scaling
2403,0.48097681999206543,0.334140807390213,577.8206176757812,0.023126889020204544,0.08445291221141814,1715.2593994140625,drilling
2404,0.27230483293533325,0.00015625008381903172,442.7819213867188,0.4566825032234192,0.00427677808329463,11.017065048217772,electric noise
2405,0.4092971086502075,0.0015625008381903172,2091.938720703125,0.049192655831575394,0.03970351442694664,61.080322265625,blasting
2406,0.4866604208946228,0.39312520623207087,1230.271728515625,0.03166053444147109,0.06168976053595543,838.366943359375,drilling
2407,0.40441426634788513,0.31728532910346985,61.50181579589844,0.028770754113793373,0.06788578629493713,89.01763153076173,blasting
2408,0.48792994022369374,0.10011724382638933,74.71630096435545,0.03228268772363663,0.06050058454275131,98.3747787475586,scaling
2409,0.26593765616416926,0.020000010728836056,53.83610916137695,0.0883314609527588,0.02211127616465092,225.6167907714844,scaling
2410,0.3617970645427704,0.00962891150265932,228.52996826171875,0.1040935292840004,0.018763190135359764,154.78289794921875,scaling
2411,0.29937514662742615,0.009511724114418028,486.20532226562494,0.04007533565163612,0.04873618856072426,113.56988525390624,blasting
2412,0.48828151822090154,0.43763694167137146,204.15203857421875,0.022769877687096596,0.08577657490968704,1591.295166015625,drilling
2413,0.3641603589057922,0.013105475343763828,425.0201721191406,0.02967344969511032,0.06582080572843552,96.1115036010742,blasting
2414,0.3218751847743988,0.006640628445893526,2530.345703125,0.39415043592453,0.004955293145030737,49.70870971679688,electric noise
2415,0.4882619678974152,0.2694728076457977,50.81085586547852,0.021665411069989204,0.09014946967363356,1314.867919921875,drilling
2416,0.48818385601043696,0.33937516808509827,111.04861450195312,0.016727209091186523,0.11676368117332458,1325.3203125,drilling
2417,0.011445318348705769,0.0023242200259119272,422.4657897949218,0.7985431551933287,0.002445860998705029,2533.787109375,microseismic
2418,0.22683605551719663,0.00013671882334165275,58.16981506347656,0.16059276461601257,0.012161960825324059,30.85929107666016,electric noise
2419,7.812504190951586e-05,3.906252095475793e-05,65.92338562011719,39.61397171020508,4.930396971758455e-05,25599.986328125,electric noise
2420,0.48810574412345886,0.275683730840683,96.01010131835936,0.020921967923641205,0.0933530181646347,1372.6533203125,drilling
2421,0.012812506407499312,0.00773437926545739,304.3080139160156,0.5881940722465515,0.0033205444924533367,2029.2673339843752,microseismic
2422,0.4854690134525299,0.33285173773765564,582.0052490234375,0.026271376758813855,0.07434398680925369,1888.89501953125,drilling
2423,0.0010742193553596735,0.0003710939490702003,62.36189651489258,4.436345100402832,0.0004402557678986341,3723.6342773437505,electric noise
2424,0.4872854053974152,0.40128928422927856,116.62984466552734,0.01818704977631569,0.1073906272649765,582.8206787109375,drilling
2425,0.48750025033950806,0.4353713393211365,59.13566970825195,0.020400384441018105,0.09573926031589507,877.9482421875,drilling
2426,0.48357447981834406,0.11664068698883057,347.3428955078125,0.028740609064698216,0.06795749068260193,688.6219482421875,drilling
2427,0.4882229268550873,0.15835945308208463,73.98018646240233,0.021217022091150284,0.09205439686775208,1865.9509277343752,drilling
2428,0.057304717600345605,0.044941429048776634,72.5335922241211,0.232759028673172,0.008391187526285648,349.01141357421875,scaling
2429,0.4856447875499725,0.15126961469650269,10.061120986938477,0.049526315182447433,0.03943593055009842,360.3456726074218,scaling
2430,0.0005664065247401595,0.0005078127724118531,93.23526000976561,6.3226518630981445,0.0003089093079324812,3531.03271484375,electric noise
2431,0.013437507674098015,0.003828126937150955,78.79732513427734,0.602721631526947,0.0032405098900198936,2381.39404296875,microseismic
2432,0.38464865088462824,0.0172265712171793,197.71165466308597,0.025121644139289852,0.07774685323238371,111.79032897949217,blasting
2433,0.01304688211530447,0.0008007816504687072,58.1021842956543,0.829537332057953,0.0023544791620224714,2299.39990234375,scaling
2434,0.48781275749206543,0.1060742735862732,165.64764404296875,0.022852597758173943,0.08546569943428038,1236.1300048828125,drilling
2435,0.009863286279141905,0.002949220361188054,275.3055114746094,1.0826674699783323,0.0018039935966953635,3244.354736328125,scaling
2436,0.07097660005092621,0.00785156711935997,50.105224609375,0.13989274203777313,0.013961615972220896,154.98065185546875,scaling
2437,0.33205094933509827,0.315097838640213,1807.9615478515625,0.06438170373439789,0.03033667616546154,99.38233947753906,blasting
2438,0.0009570317342877389,5.8593781432136886e-05,1658.7425537109375,5.14362335205078,0.0003797179670073092,3134.6923828125,electric noise
2439,0.47025415301322937,0.41128927469253534,136.73794555664062,0.02930804342031479,0.06664131581783295,68.04830932617188,blasting
2440,0.00318359537050128,0.0005859378143213689,3974.912841796875,2.156558990478516,0.0009056680137291551,1570.5513916015625,microseismic
2441,0.4828908741474152,0.2261134088039398,162.75192260742188,0.04474786669015884,0.04364735260605812,316.8417663574219,scaling
2442,0.3850783407688141,0.07146488130092621,59.03026580810546,0.07310721278190611,0.026715926826000214,98.68122100830078,scaling
2443,0.47498071193695063,0.4648049473762512,255.70301818847656,0.035774022340774536,0.05459623038768768,469.4927368164063,drilling
2444,0.487676054239273,0.4432033598423004,832.1563720703125,0.023752586916089054,0.08222783356904982,2089.501708984375,drilling
2445,0.2987110912799835,0.06449222564697266,103.93102264404295,0.1405031979084015,0.01390098687261343,264.4696044921875,scaling
2446,0.014316413551568983,0.007597660180181264,248.89025878906247,0.5775350332260132,0.003381830174475908,2165.3466796875,microseismic
2447,0.48828151822090154,0.09144536405801773,235.0872344970703,0.023802807554602623,0.08205453306436537,1581.05517578125,drilling
2448,0.30253922939300537,0.09617192298173904,62.91184997558594,0.09415141493082047,0.020744564011693,155.3517608642578,scaling
2449,0.048320338129997246,0.01294922549277544,55.993965148925774,0.16471977531909943,0.011857268400490284,124.1713180541992,scaling
2450,0.4872463643550873,0.2299024611711502,60.28103256225586,0.02425897493958473,0.08051142841577531,560.29150390625,drilling
2451,0.005332034081220627,0.004511720966547728,213.53050231933597,1.9331984519958496,0.0010103080421686172,1875.4569091796875,electric noise
2452,0.18681651353836057,0.10589849203824996,55.70900344848633,0.0910552367568016,0.02144995704293251,235.5252227783203,scaling
2453,0.16453133523464203,0.028457047417759892,85.64726257324217,0.2817686200141907,0.006931681651622057,237.03691101074216,scaling
2454,0.47753933072090154,0.09259770810604095,52.14800262451172,0.03217536211013794,0.060702621936798096,194.74835205078125,scaling
2455,0.1833008825778961,0.15792977809906003,3750.8793945312495,0.10571449249982832,0.018475502729415894,49.09960174560546,blasting
2456,0.4285158514976501,0.05537112429738045,98.29608917236328,0.02740023285150528,0.07128150761127472,114.34815979003906,blasting
2457,0.012968757189810276,0.004375002346932888,85.2481918334961,0.5393710136413574,0.0036211186088621616,1002.4090576171876,scaling
2458,0.31636735796928406,0.01304688211530447,351.8602294921875,0.03448225557804108,0.05664147064089775,123.2744140625,blasting
2459,0.32255876064300537,0.0765625387430191,101.21944427490234,0.160296231508255,0.01218449417501688,161.2109375,scaling
2460,0.00029296890716068447,0.00015625008381903172,93.48680114746092,12.754593849182127,0.00015313117182813585,6826.6630859375,electric noise
2461,0.2979298532009125,0.024179700762033463,3719.484375,0.07707338035106659,0.025341035798192024,53.70391845703125,blasting
2462,0.00013671882334165275,3.906252095475793e-05,61.622337341308594,23.64493751525879,8.260228059953079e-05,14628.5634765625,electric noise
2463,0.48771509528160095,0.44998070597648626,58.04169464111328,0.024460555985569957,0.07984800636768341,1560.337158203125,drilling
2464,0.003359376918524504,0.0008398442296311259,525.4813232421875,2.237202405929565,0.0008730213157832623,5358.13671875,microseismic
2465,0.01353516336530447,0.0025000013411045074,88.9561767578125,0.5012236833572388,0.003896716982126236,2216.448974609375,microseismic
2466,0.445039302110672,0.08910161256790161,52.90729141235352,0.11575503647327424,0.016873037442564964,137.06654357910156,scaling
2467,0.48810574412345886,0.25564467906951904,52.36483001708984,0.015606891363859177,0.1251454800367355,764.1786499023436,drilling
2468,0.0002734376466833055,3.906252095475793e-05,219.61285400390625,24.302955627441406,8.036578219616786e-05,10971.4228515625,electric noise
2469,0.48683619499206543,0.233496218919754,59.12752532958984,0.024113968014717106,0.08099574595689772,445.7351379394531,drilling
2470,0.485937774181366,0.20962901413440704,268.92529296875,0.02898087352514267,0.0673937126994133,1150.35302734375,drilling
2471,9.765630238689482e-05,3.906252095475793e-05,1253.8275146484375,34.87333679199219,5.600629083346576e-05,20479.98828125,electric noise
2472,0.3840041160583496,0.04837893322110176,88.59709930419923,0.17274825274944303,0.01130619179457426,28.645526885986328,scaling
2473,0.48796901106834406,0.43044945597648626,53.07987976074219,0.02126377448439598,0.09185212850570679,1213.1917724609375,drilling
2474,0.3313087821006775,0.09650395810604095,51.332324981689446,0.09603470563888547,0.020337766036391255,455.7681884765625,scaling
2475,0.48636743426322937,0.3675587773323059,438.0559692382813,0.03181833028793335,0.06138375774025917,1404.2880859375,drilling
2476,0.031738299876451485,0.002265626098960638,163.2242889404297,0.209111750125885,0.00934011209756136,220.5537109375,scaling
2477,0.06925784796476364,9.765630238689482e-05,114.47547149658205,3.1526036262512207,0.0006195273017510772,43.31639099121094,electric noise
2478,0.4870705604553223,0.2550196647644043,108.47084045410156,0.05351844429969788,0.03649450838565826,147.82252502441406,scaling
2479,0.48828151822090154,0.0017773447325453162,172.8068695068359,0.01658405177295208,0.11777178943157196,1630.2071533203125,drilling
2480,0.34871113300323486,0.3412306606769562,136.804931640625,0.11855146288871764,0.016474932432174683,37.280139923095696,electric noise
2481,0.4878713488578796,0.39123067259788513,530.2999877929688,0.02689935453236103,0.07260894030332565,1170.3905029296875,drilling
2482,0.48709011077880854,0.009335942566394804,327.8289489746094,0.02558707259595394,0.0763324424624443,1139.4195556640625,drilling
2483,0.014101570472121239,0.004003908485174179,243.88926696777344,0.5061888098716736,0.003858496202155948,780.054931640625,scaling
2484,0.0235742311924696,0.012636725790798664,100.0926513671875,0.432347983121872,0.004517482593655585,1654.3487548828125,microseismic
2485,0.18164072930812836,0.020410167053341866,69.27254486083984,0.07291334867477417,0.026786942034959797,286.2794189453125,scaling
2486,0.06025393679738045,0.0008984379819594324,1980.77783203125,0.13326761126518247,0.014655701816082,215.75354003906247,blasting
2487,0.010566411539912224,0.00031250016763806343,204.66180419921875,0.3754874169826508,0.0052015725523233405,283.91851806640625,electric noise
2488,0.011367193423211575,0.005546878091990948,69.5030288696289,0.786372184753418,0.0024837157689034934,3342.95361328125,microseismic
2489,0.4873830676078796,0.46742212772369374,262.4248046875,0.02994128130376339,0.06523176282644272,63.60499954223633,blasting
2490,0.4817580580711365,0.21396495401859283,753.7586669921875,0.0324789434671402,0.0601353645324707,1137.50048828125,drilling
2491,0.4739455580711365,0.006542972289025784,3676.781005859375,0.063542939722538,0.0307372622191906,48.52878189086913,blasting
2492,0.4851565062999725,0.3944728672504425,382.9390869140625,0.03750596195459366,0.05207540467381477,822.4150390625,drilling
2493,0.48525416851043696,0.18984384834766388,54.25241088867188,0.0606231726706028,0.03221747279167175,226.68533325195312,scaling
2494,0.46404322981834406,0.10003911703824996,61.21284103393555,0.0489642545580864,0.039889052510261536,495.6434631347656,scaling
2495,0.00011718756286427379,5.8593781432136886e-05,110.20770263671876,27.476045608520508,7.108467980287969e-05,17066.658203125,electric noise
2496,0.4880861937999725,0.010273442603647707,251.76986694335935,0.026003209874033928,0.07511097192764282,1790.6673583984375,drilling
2497,0.474336177110672,0.30171892046928406,71.1796875,0.04050518199801445,0.04821937158703804,320.4478454589844,scaling
2498,0.16818368434906003,0.09656254947185516,59.49504089355469,0.12463016808032988,0.01567140221595764,112.97171783447264,scaling
2499,7.812504190951586e-05,3.906252095475793e-05,400.34866333007807,41.76814270019531,4.676114622270688e-05,25599.986328125,electric noise
2500,0.20169933140277865,0.15261727571487427,93.32069396972656,0.041109029203653336,0.047510989010334015,114.03112030029295,blasting
2501,0.041914086788892746,0.009902348741889002,67.49931335449219,0.15903353691101074,0.012281187810003756,167.0082855224609,scaling
2502,0.48806667327880854,0.3504689335823059,311.63824462890625,0.0224198829382658,0.08711523562669754,2278.377197265625,drilling
2503,0.48818385601043696,0.21972668170928955,58.14017868041992,0.015206171199679375,0.12844307720661163,669.82958984375,drilling
2504,0.48828151822090154,0.4032814800739288,50.34610748291016,0.02145422995090485,0.0910370647907257,1671.1671142578125,drilling
2505,0.48035180568695063,0.4358400702476501,1072.187255859375,0.038583222776651376,0.05062107369303703,285.2076416015625,drilling
2506,0.0006640628562308848,0.0003515626885928213,3974.894287109375,5.951725959777832,0.0003281613171566278,4517.64453125,electric noise
2507,0.4880276024341583,0.24007825553417203,216.5267639160156,0.026018064469099045,0.07506765425205231,1516.3076171875,drilling
2508,0.19312509894371033,0.03419923782348633,70.31464385986328,0.40166476368904114,0.004862575326114893,62.13589096069336,scaling
2509,0.4810744822025299,0.16580086946487427,404.0354919433594,0.03106265887618065,0.06287705153226852,261.9136962890625,drilling
2510,0.4875588417053223,0.3857033252716064,1097.94091796875,0.03451753407716751,0.056583471596241,516.8607177734375,drilling
2511,0.24439465999603271,0.1926954090595245,84.74168395996092,0.12577013671398163,0.015529312193393707,102.29356384277344,scaling
2512,0.3727736473083496,0.10537114739418028,201.6996307373047,0.03651220351457596,0.05349238961935043,75.11260223388672,blasting
2513,0.48810574412345886,0.3323439359664917,111.07012176513672,0.038024064153432846,0.0513656660914421,1274.3140869140625,scaling
2514,0.2731446921825409,0.016503915190696716,6063.83056640625,0.03796042874455452,0.05145184323191642,157.42572021484375,blasting
2515,0.3102931380271912,0.023242199793457985,4652.94091796875,0.037623852491378784,0.051911838352680206,122.46484375,blasting
2516,0.23035168647766116,0.15808601677417755,420.7790222167969,0.09391769766807555,0.02079617790877819,47.75307083129882,electric noise
2517,0.4864455759525299,0.1533399224281311,86.62256622314453,0.06423790752887726,0.03040461987257004,281.63479614257807,electric noise
2518,0.48818385601043696,0.2873438894748688,1074.552978515625,0.028576334938406944,0.0683477595448494,1872.2454833984373,drilling
2519,0.38384786248207087,0.377480685710907,240.65512084960935,0.6476309299468994,0.0030157750006765127,26.051988601684567,electric noise
2520,0.4794729053974152,0.3959572315216064,535.4530029296875,0.033774860203266144,0.0578279122710228,1691.440673828125,drilling
2521,0.37162128090858454,0.0010546881239861248,62.83096694946289,0.2327522933483124,0.008391431532800198,153.3819580078125,scaling
2522,9.765630238689482e-05,5.8593781432136886e-05,62.58501815795898,33.24388122558594,5.8751444157678634e-05,20479.98828125,electric noise
2523,0.26708999276161194,0.05037112161517143,254.64512634277344,0.03861525282263756,0.05057917907834053,108.57763671875,blasting
2524,0.4465432167053223,0.4027931988239288,4870.02978515625,0.06909064948558807,0.028269048780202866,55.98562240600586,blasting
2525,0.05478518456220626,0.0016992196906358004,90.78117370605469,0.16338010132312775,0.011954473331570624,91.26554870605469,blasting
2526,0.1821094751358032,0.01792969740927219,51.3720817565918,0.13140420615673065,0.014863423071801662,65.8944320678711,scaling
2527,0.3633790910243988,0.09119145572185516,64.26641845703125,0.05462794378399849,0.035753220319747925,569.6530151367188,scaling
2528,0.2570899724960327,0.004003908485174179,76.54746246337889,0.2626367509365082,0.007436617277562617,163.3669281005859,scaling
2529,0.48330104351043696,0.31148454546928406,576.26904296875,0.02747439965605736,0.07108882814645767,777.9830322265626,drilling
2530,0.486211210489273,0.4019533395767212,56.927730560302734,0.022911882027983665,0.08524530380964278,415.4573059082031,drilling
2531,0.010546880774199963,0.0009960943134501576,63.72877502441406,0.8687613606452941,0.002248175907880068,3602.9609375,microseismic
2532,0.09812505543231964,0.015097664669156075,79.12596893310547,1.2210077047348022,0.0015996011206880212,101.91077423095705,electric noise
2533,0.48820337653160095,0.12158209830522536,310.6944274902344,0.03221016749739647,0.0606369823217392,1155.2562255859375,drilling
2534,0.32314470410346985,0.02666017040610313,5318.49755859375,0.03961765393614769,0.04929938539862633,154.7294464111328,blasting
2535,0.48820337653160095,0.14083991944789886,365.7953186035156,0.028820199891924855,0.06776907294988632,1415.3936767578125,drilling
2536,0.30621111392974854,0.15851570665836334,188.1510162353516,0.03081663139164448,0.06337900459766388,140.42599487304688,blasting
2537,0.00011718756286427379,7.812504190951586e-05,77.73624420166014,29.92923355102539,6.525813660118729e-05,17066.658203125,electric noise
2538,0.48798853158950806,0.48136743903160095,137.35989379882812,0.017507392913103104,0.11155994981527328,803.2975463867188,drilling
2539,0.3466798663139343,0.07375004142522813,62.529144287109375,0.25811350345611567,0.007566926069557666,43.26758193969727,scaling
2540,0.3538087904453277,0.2553126513957977,91.38585662841795,0.032532140612602234,0.06003648415207863,107.40264892578124,blasting
2541,0.48353540897369374,0.10001958161592484,52.50182723999024,0.03554901480674744,0.05494200438261032,237.83160400390625,electric noise
2542,0.48408228158950806,0.4590822756290436,6116.18505859375,0.07304253429174422,0.02673943340778351,47.5125846862793,blasting
2543,0.00013671882334165275,5.8593781432136886e-05,100.81629943847656,35.269107818603516,5.537780816666782e-05,14628.5634765625,electric noise
2544,0.48486354947090154,0.391933798789978,1029.887451171875,0.039028249680995934,0.05004376918077469,874.4728393554686,drilling
2545,0.00015625008381903172,9.765630238689482e-05,103.37734222412108,23.509767532348633,8.307721873279662e-05,12799.9931640625,electric noise
2546,0.35623064637184143,0.014375007711350916,77.6017074584961,0.1910515129566193,0.010223031044006348,58.95056915283203,scaling
2547,0.30177751183509827,0.1919141709804535,150.29127502441406,0.31372120976448054,0.00622566370293498,96.0972900390625,scaling
2548,0.38728535175323486,0.13007819652557373,353.4888610839844,0.03889596834778786,0.05021422728896141,87.79056549072266,blasting
2549,0.03669923916459084,0.004160158336162567,86.02892303466797,0.22725872695446012,0.008594280108809471,163.4911346435547,scaling
2550,0.00861328560858965,0.003808595705777407,89.7119140625,1.0743093490600584,0.001818029209971428,3134.6923828125,microseismic
2551,0.42845726013183594,0.38447287678718567,56.206424713134766,0.06576265394687653,0.02969973348081112,210.05595397949216,scaling
2552,0.4882619678974152,0.17970712482929227,54.95759963989258,0.017400195822119713,0.11224780231714249,1191.9830322265625,drilling
2553,0.48828151822090154,0.01984376087784767,58.49976348876953,0.02050618827342987,0.09524579346179962,862.2075195312499,drilling
2554,0.00011718756286427379,7.812504190951586e-05,4836.892578125,23.944129943847656,8.157013508025555e-05,17066.658203125,electric noise
2555,0.3675001859664917,0.019238291308283802,89.99141693115233,0.06282205134630203,0.031089825555682182,220.40805053710935,scaling
2556,0.23410168290138245,0.0008007816504687072,440.53823852539057,0.1026441901922226,0.01902814209461212,38.44483184814453,electric noise
2557,0.3030861020088196,0.0019531259313225746,2983.900634765625,0.041635312139987946,0.046910185366868966,141.87387084960935,blasting
2558,0.05412112176418304,0.04828127473592758,74.59175872802734,0.43880277872085566,0.00445103133097291,129.3395233154297,scaling
2559,0.17820322513580322,0.178144633769989,2250.490234375,1.3188601732254028,0.0014809188432991505,28.05785369873047,electric noise
2560,0.4867580831050873,0.20318369567394257,63.1426887512207,0.014195365831255913,0.13758796453475952,667.6828002929688,drilling
2561,0.48625025153160095,0.08011723309755325,11.547066688537596,0.027266953140497208,0.07163003087043762,2447.299560546875,scaling
2562,0.31867203116416926,0.19607432186603543,128.9363555908203,0.0627969354391098,0.031102290377020836,15.690112113952637,electric noise
2563,0.48828151822090154,0.4407814741134644,61.19704818725586,0.017430035397410393,0.1120557263493538,833.5355224609374,drilling
2564,0.055917996913194656,0.0010742193553596735,1707.66943359375,0.18194405734539032,0.010734748095273972,250.3666229248047,electric noise
2565,0.23275403678417203,0.09986333549022673,58.04033660888672,0.2457185387611389,0.007948633283376692,98.81675720214845,electric noise
2566,0.48769557476043696,0.3301759660243988,249.9725646972656,0.02679627574980259,0.07288789004087448,102.5229721069336,blasting
2567,0.47621119022369374,0.3543165922164917,51.88523864746094,0.023019837215542797,0.08484546095132828,321.2860107421875,electric noise
2568,0.37871113419532776,0.29318374395370483,363.5147399902344,0.02755001187324524,0.07089311629533768,124.10514068603516,blasting
2569,0.41753929853439326,0.1517774313688278,58.34572219848633,0.3468121588230133,0.005631640087813138,28.73980903625488,electric noise
2570,0.017988290637731552,0.005703127942979336,1266.3367919921875,0.5045060515403748,0.0038713605608791113,2112.4853515625,microseismic
2571,0.25457045435905457,0.0778125450015068,99.59891510009763,0.07233221828937529,0.027002243325114247,993.8309936523436,drilling
2572,7.812504190951586e-05,3.906252095475793e-05,3711.498291015625,40.98229217529297,4.765780613524839e-05,25599.986328125,electric noise
2573,0.485937774181366,0.17841807007789612,59.24547576904297,0.02027963474392891,0.0963101089000702,1146.2373046875,drilling
2574,0.4880276024341583,0.30822283029556274,262.5541076660156,0.022151729092001915,0.08817025274038313,2137.17431640625,drilling
2575,0.488164335489273,0.3182423710823059,760.6289672851561,0.025335056707262993,0.07709143310785292,1982.9388427734373,drilling
2576,0.3847658336162567,0.016171883791685104,50.55678176879882,0.04079151153564453,0.0478806309401989,98.76136779785155,scaling
2577,0.4882619678974152,0.10001958161592484,50.00373458862305,0.018834399059414864,0.103699691593647,899.1074829101561,drilling
2578,0.023769544437527657,0.02345704473555088,81.84510040283203,1.636740803718567,0.0011933018686249852,168.28256225585935,electric noise
2579,0.4780080616474152,0.09578130394220352,107.11932373046876,0.1706266552209854,0.011446804739534853,39.74828338623047,scaling
2580,0.013378913514316082,0.001308594481088221,78.68829345703125,0.8065599203109741,0.002421549754217267,2242.33447265625,microseismic
2581,0.005917971953749657,0.0020703135523945093,255.75083923339844,1.730925440788269,0.001128371455706656,3210.559326171875,microseismic
2582,0.4808010458946228,0.3151759505271912,3499.7158203125,0.0805438607931137,0.024249183014035225,43.67710876464844,blasting
2583,0.4840041697025299,0.09710942953824997,51.15620803833008,0.03172231465578079,0.061569537967443466,223.1385803222656,electric noise
2584,0.01843751035630703,0.0009179692715406416,89.73634338378906,0.5845445394515991,0.0033412785269320007,488.1353149414063,scaling
2585,0.3045704662799835,0.001855469774454832,4263.9375,0.05527866259217262,0.03533240780234337,108.34931182861328,blasting
2586,0.20898449420928955,0.15027351677417755,95.37216949462889,0.04828525707125664,0.04044969752430916,119.6260986328125,blasting
2587,0.48810574412345886,0.46406275033950806,343.32916259765625,0.028327701613307,0.0689472109079361,1184.169677734375,drilling
2588,0.01552735175937414,0.001015625544823706,76.20999908447266,0.5783480405807495,0.0033770778682082887,2382.891845703125,microseismic
2589,0.3159181475639343,0.3112501800060272,144.6357879638672,0.3766171634197235,0.00518599059432745,120.28432464599608,scaling
2590,0.38496115803718567,0.14632821083068848,158.23497009277344,0.031548075377941125,0.06190953776240349,85.72293090820312,blasting
2591,0.0032031266018748283,0.0010742193553596735,65.8258285522461,2.65627384185791,0.0007352876127697526,2185.36474609375,microseismic
2592,0.4595705568790436,0.034179706126451485,65.28034210205078,0.2960219383239746,0.006597931031137705,56.574554443359375,electric noise
2593,0.4832229018211365,0.024082044139504433,81.67776489257811,0.020248016342520717,0.0964602157473564,527.706787109375,drilling
2594,0.48828151822090154,0.4691994786262512,1059.9375,0.0193965844810009,0.10069432109594344,2220.03076171875,drilling
2595,0.07498051226139069,0.00773437926545739,241.86651611328125,0.2680588662624359,0.007286159787327051,200.05198669433597,scaling
2596,0.012324225157499312,0.004082033410668373,190.16954040527344,0.6715402603149414,0.002908427501097321,2271.947998046875,microseismic
2597,0.3730275332927704,0.1654493063688278,130.80751037597656,0.031201718375086784,0.06259658932685852,112.59222412109376,blasting
2598,0.393398642539978,0.018593760207295414,145.4526824951172,0.08063697814941406,0.02422095276415348,536.3516235351562,scaling
2599,0.05597659200429916,0.04572268202900887,66.15562438964844,0.2031632512807846,0.009613586589694025,71.45844268798828,electric noise
2600,0.4882229268550873,0.3225783109664917,93.84276580810547,0.014855110086500645,0.1314779222011566,680.0172119140625,drilling
2601,0.10322271287441252,0.09351567178964615,199.07107543945312,0.4128375947475433,0.004730976186692715,523.1406860351562,scaling
2602,0.48765650391578674,0.030898453667759892,98.08572387695312,0.019097972661256794,0.10226927697658537,816.1482543945312,drilling
2603,0.4881252646446228,0.31539079546928406,79.21684265136719,0.015370002016425133,0.12707428634166715,1497.56640625,drilling
2604,0.22720715403556824,0.00765625387430191,65.34839630126953,0.11878520995378494,0.01644247956573963,598.5726928710938,drilling
2605,0.47843775153160095,0.09486333280801773,111.09230041503906,0.026351667940616608,0.07411767542362213,100.32653045654295,blasting
2606,0.34125018119812006,0.0025390638038516045,331.5431213378906,0.03368392214179039,0.05798419937491417,117.21605682373045,blasting
2607,0.48820337653160095,0.1562696099281311,66.81096649169922,0.01709749549627304,0.11423470824956893,1642.7579345703125,drilling
2608,0.4872463643550873,0.45496118068695063,634.056396484375,0.03161978721618652,0.06176960468292236,1360.7078857421875,drilling
2609,0.4822463393211365,0.4751760363578796,6268.83349609375,0.07744361460208893,0.025219852104783055,31.104434967041012,blasting
2610,0.013808601535856724,0.007597660180181264,57.9933967590332,0.6814000010490417,0.0028663433622568846,2244.9775390625,microseismic
2611,0.006542972289025784,0.0021093762479722496,178.89903259277344,1.5265235900878906,0.001279460499063134,764.1787109375,microseismic
2612,0.0002734376466833055,0.0002343751257285476,78.3115005493164,11.243513107299805,0.00017371136345900595,7314.28173828125,electric noise
2613,0.48828151822090154,0.006542972289025784,410.0582275390625,0.01981670595705509,0.0985596552491188,1595.39111328125,drilling
2614,0.48650416731834406,0.229101687669754,840.7474975585938,0.037149012088775635,0.052575454115867615,670.0867309570312,drilling
2615,0.35103535652160645,0.059570346027612686,81.79681396484375,0.09320734441280366,0.020954595878720284,202.2588348388672,scaling
2616,0.48828151822090154,0.018945323303341866,175.66197204589844,0.0255307350307703,0.07650087773799896,1335.2952880859375,drilling
2617,0.4790627658367157,0.25134778022766113,476.6360168457031,0.030990008264780045,0.06302417814731598,1930.853515625,drilling
2618,0.48810574412345886,0.21308605372905728,129.1367034912109,0.02031056024134159,0.09616279602050781,796.9584350585938,electric noise
2619,0.4821682274341583,0.10017583519220352,67.64163970947266,0.0372658409178257,0.05241063237190247,80.88463592529295,electric noise
2620,0.058281280100345605,0.021035168319940567,58.67146682739258,0.15592513978481293,0.01252605114132166,3208.577392578125,scaling
2621,0.013007819652557371,0.005566409323364496,64.85779571533203,0.8066761493682861,0.0024212030693888664,1921.9208984375,microseismic
2622,0.4879494905471802,0.4820119738578796,52.207195281982415,0.022902280092239376,0.08528035879135133,1446.87109375,drilling
2623,0.48437526822090154,0.2650782763957977,453.0238037109375,0.020800640806555748,0.09389742463827133,1036.386474609375,drilling
2624,0.4576955437660217,0.22125011682510373,212.48068237304688,0.02006799541413784,0.0973253846168518,126.72179412841795,blasting
2625,0.013964851386845112,0.00228515756316483,419.7863464355469,0.5786188244819641,0.003375499276444316,2434.68408203125,microseismic
2626,0.005546878091990948,0.0005664065247401595,1849.0778808593752,1.7134063243865967,0.001139908912591636,2884.50537109375,microseismic
2627,0.1343946009874344,0.015839852392673492,52.12866973876953,0.14727883040905,0.013261421583592892,372.0387573242188,scaling
2628,0.48634791374206543,0.4003713130950928,68.64382934570312,0.02339286357164383,0.08349201083183289,592.168701171875,electric noise
2629,0.339023619890213,0.17050790786743164,225.32766723632807,0.0344795361161232,0.05664599314332008,123.88516998291016,blasting
2630,0.33751970529556274,0.1941993236541748,7426.03173828125,0.022565796971321102,0.08655285090208052,429.60455322265625,blasting
2631,0.00019531260477378964,0.00011718756286427379,234.19476318359372,18.124412536621094,0.00010776218550745396,10239.994140625,electric noise
2632,0.011093756183981895,0.005039065144956112,61.43685150146484,0.8389235734939574,0.002328132279217243,1892.9566650390625,microseismic
2633,0.341660350561142,0.0015625008381903172,90.96353149414062,0.1889042556285858,0.010339172556996344,143.4172821044922,scaling
2634,0.0982617735862732,0.005957034416496754,65.7634506225586,0.1296653002500534,0.015062857419252396,183.18415832519528,scaling
2635,0.10660161823034286,0.10003911703824996,53.0252799987793,0.21603967249393463,0.009040595032274723,84.42648315429686,scaling
2636,9.765630238689482e-05,3.906252095475793e-05,118.94003295898436,31.94750595092773,6.113548442954198e-05,20479.98828125,electric noise
2637,0.31472674012184143,0.1621875911951065,7183.2333984375,0.023155616596341133,0.08434769511222838,200.17364501953125,blasting
2638,0.48652368783950806,0.03654298931360245,131.92970275878906,0.028994163498282433,0.06736268103122711,709.1124267578125,drilling
2639,0.48828151822090154,0.026015639305114743,263.2320861816406,0.030784582719206807,0.06344499439001083,98.30394744873047,blasting
2640,0.3302150070667267,0.008750004693865776,7280.403320312499,0.02500292845070362,0.07811573147773743,314.94631958007807,blasting
2641,0.44107446074485773,0.02470704540610313,69.23805236816406,0.12585343420505524,0.015519114211201668,63.48134613037109,scaling
2642,0.48744165897369374,0.0691797211766243,642.744384765625,0.02619015797972679,0.07457438856363297,2106.918701171875,drilling
2643,0.0809570774435997,0.011132818646728992,80.10101318359375,0.17658071219921112,0.011060772463679312,160.57891845703125,scaling
2644,0.4849416613578796,0.4133595824241638,677.7328491210938,0.03169596940279007,0.06162064149975777,1158.90234375,drilling
2645,0.4873635470867157,0.35158222913742065,479.3110961914063,0.031741898506879807,0.06153137981891632,1649.6925048828125,drilling
2646,0.48792994022369374,0.3123634457588196,301.9340209960937,0.0255349799990654,0.07648787647485733,1557.6007080078125,drilling
2647,0.3810548782348633,0.03724611550569534,320.72125244140625,0.03777424618601799,0.05170503631234169,73.48023223876953,blasting
2648,0.3123829662799835,0.028105484321713448,104.3868942260742,0.032367072999477386,0.06034298613667488,128.04795837402344,blasting
2649,0.0003320314281154424,0.0002734376466833055,2392.811767578125,13.334353446960447,0.0001464732486056164,9035.2890625,electric noise
2650,0.3414455056190491,0.06720706820487976,84.98406982421875,0.03323454409837723,0.05876811593770981,125.93517303466795,blasting
2651,0.40351584553718567,0.07492191344499587,74.99150848388672,0.08338329195976257,0.023423410952091217,250.29995727539065,scaling
2652,0.015078132972121239,0.0020312510896474123,64.39299774169922,0.5835800766944885,0.0033467987086623907,265.2848205566406,scaling
2653,0.4881252646446228,0.012578131631016731,177.20228576660156,0.02724519558250904,0.0716872364282608,71.7029037475586,blasting
2654,0.007773441728204488,0.00457031512632966,300.97723388671875,1.3084315061569212,0.001492723589763045,2572.863037109375,scaling
2655,0.39322286844253534,0.10789068043231964,132.818115234375,0.034599028527736664,0.056450147181749344,89.00804901123047,blasting
2656,0.00017578134429641068,9.765630238689482e-05,83.1653060913086,18.91837882995605,0.00010323961760150269,11377.771484375,electric noise
2657,0.48277369141578674,0.36773458123207087,119.55148315429688,0.04936271533370017,0.03956688567996025,921.7569580078125,scaling
2658,0.24978528916835785,0.007832035422325134,73.4918212890625,0.1112368106842041,0.017558308318257332,24.0206298828125,scaling
2659,0.4843166768550873,0.47675806283950806,452.7531433105469,0.03043064847588539,0.06418303400278091,652.4656372070312,drilling
2660,0.3082618713378906,0.07583988457918166,5942.98046875,0.0408659353852272,0.04779347777366638,253.03161621093753,blasting
2661,0.4882424473762512,0.08718754351139069,941.8046875,0.020682675763964653,0.09443312138319016,2293.9423828125,drilling
2662,0.08927739411592484,0.045136742293834686,1691.866455078125,0.10751301795244216,0.018166417255997654,168.01565551757812,blasting
2663,0.08072269707918166,0.07386722415685652,51.73208236694336,0.39526805281639094,0.004941259510815144,483.13549804687506,scaling
2664,0.4877736866474152,0.46570336818695063,214.3576812744141,0.026823827996850014,0.07281302660703659,1246.479736328125,drilling
2665,0.383164256811142,0.38296896219253534,181.0678558349609,1.2711998224258423,0.0015364445280283687,13.049233436584473,electric noise
2666,0.3955275416374207,0.2606251537799835,71.75719451904297,0.08657752722501753,0.02255909517407417,366.5989990234375,scaling
2667,0.004589846357703209,0.000546875293366611,76.43778228759764,2.3792123794555664,0.0008209128282032907,5664.677734375,microseismic
2668,0.48779323697090154,0.2129102647304535,253.8574676513672,0.025953747332096096,0.07525452971458435,1775.3424072265625,drilling
2669,0.005898440722376108,0.00015625008381903172,2240.841552734375,7.552472591400146,0.00025860744062811136,678.1453247070312,electric noise
2670,0.038417987525463104,0.03837892785668373,343.501708984375,1.2081910371780396,0.0016165702836588023,494.55999755859375,electric noise
2671,0.46080103516578674,0.09416020661592484,61.27609634399414,0.08108291774988174,0.024087904021143917,167.1003265380859,scaling
2672,7.812504190951586e-05,3.906252095475793e-05,52.55947113037109,42.62783050537109,4.581809480441734e-05,25599.986328125,electric noise
2673,0.26949232816696167,0.0765625387430191,62.512405395507805,0.12278103828430176,0.0159074068069458,59.37089157104492,scaling
2674,0.383437693119049,0.005371096543967724,75.22159576416014,0.06778932362794876,0.02881171554327011,96.49546813964845,scaling
2675,0.00031250016763806343,0.00025390638620592654,102.15145111083984,8.937961578369139,0.00021852031932212407,6399.99658203125,electric noise
2676,0.4880861937999725,0.20230479538440704,58.73867034912109,0.023453013971447945,0.08327800780534744,690.4518432617188,drilling
2677,0.013457038439810276,0.00529297161847353,183.2877960205078,0.7267820835113524,0.0026873617898672815,1709.142822265625,microseismic
2678,0.016601571813225746,0.00412109587341547,57.49641418457031,0.5108634233474731,0.003823188366368413,1385.4110107421875,microseismic
2679,0.0009960943134501576,0.00013671882334165275,107.24752807617188,5.694443702697754,0.00034298797254450614,9035.2890625,microseismic
2680,0.48814478516578674,0.018750010058283802,365.2709045410156,0.0284967627376318,0.0685386136174202,1065.2576904296875,drilling
2681,0.4392189979553223,0.08478520065546036,116.4423828125,0.15207277238368988,0.012843402102589607,86.51720428466797,scaling
2682,0.3881838023662567,0.2613868713378906,236.5123748779297,0.0944785624742508,0.02067269198596477,200.9357452392578,scaling
2683,0.45576196908950806,0.08882817625999449,50.75206756591797,0.059805285185575485,0.03265812620520592,98.73574829101561,scaling
2684,0.1704883724451065,0.08396489173173904,220.7206878662109,0.04911278188228607,0.03976821526885033,357.795654296875,electric noise
2685,0.24810560047626493,0.038359396159648895,225.29177856445312,0.03448102995753288,0.05664337426424026,112.85517120361328,blasting
2686,0.02195313759148121,0.006542972289025784,179.629150390625,0.2741239368915558,0.007124974858015776,364.41259765625,scaling
2687,0.38355490565299993,0.00015625008381903172,59.76836395263672,0.5108332633972168,0.0038234193343669176,7.821566104888915,electric noise
2688,0.013828132301568983,0.004199220798909664,56.74757766723633,0.3558635711669922,0.005488411523401737,289.265380859375,scaling
2689,0.38847675919532776,0.38826191425323486,151.43121337890625,0.024511856958270073,0.079680897295475,108.11457824707033,blasting
2690,0.11457037180662157,0.09369145333766936,122.50782775878906,0.250567227602005,0.007794822566211223,375.31518554687506,scaling
2691,0.4646682143211365,0.2912110984325409,76.0914306640625,0.025480685755610463,0.07665181905031203,288.3778076171875,drilling
2692,0.1325000673532486,0.0033984393812716007,56.789016723632805,0.12816230952739716,0.015239452011883259,1758.4896240234375,scaling
2693,0.48439478874206543,0.1852930635213852,843.287841796875,0.032995302230119705,0.05919380858540535,648.2315673828125,drilling
2694,0.017421884462237358,0.0046484400518238544,73.58321380615233,0.41263586282730097,0.004733296111226082,2353.362060546875,microseismic
2695,0.021914074197411537,0.0042187524959445,54.11639404296875,0.3237926959991455,0.006032029632478952,136.8983154296875,scaling
2696,0.4881252646446228,0.37537130713462824,380.6636352539063,0.022556297481060028,0.08658851683139801,1737.259033203125,drilling
2697,0.4844924509525299,0.11718755960464476,1063.1827392578125,0.03328804299235344,0.05867358297109604,914.3589477539062,drilling
2698,0.008574223145842552,0.0036523456219583754,62.79340744018555,0.6117793917655945,0.0031925323419272895,5714.80322265625,scaling
2699,0.4877346456050873,0.40664085745811457,114.81715393066406,0.026104960590600967,0.07481828331947327,1994.9372558593752,drilling
2700,0.05029299482703209,0.034765642136335366,55.607688903808594,0.22572295367717743,0.008652769960463047,318.1357421875,scaling
2701,0.0004492189909797162,0.00031250016763806343,4833.36865234375,6.437530994415283,0.00030339675140567124,4452.17138671875,electric noise
2702,0.48783230781555176,0.042851585894823074,134.71665954589844,0.023287298157811165,0.08387122303247452,2254.873291015625,drilling
2703,0.4882619678974152,0.4135549068450928,67.81854248046875,0.020438678562641144,0.0955600291490555,1509.435546875,drilling
2704,0.09632817655801773,0.0009179692715406416,56.032032012939446,0.11675231158733368,0.016728755086660385,114.19296264648436,scaling
2705,0.035878926515579224,0.0072851600125432014,162.5267333984375,0.2756364941596985,0.00708587421104312,1895.2629394531248,microseismic
2706,0.31408220529556274,0.23830090463161469,2856.4345703125,0.034615807235240936,0.0564228780567646,146.45846557617188,blasting
2707,0.17642587423324585,0.09775395691394805,61.63798522949219,0.2161199003458023,0.009037266485393047,68.0172348022461,scaling
2708,0.45937523245811457,0.06259769201278687,140.7659454345703,0.026883814483881,0.07265059649944305,113.1972198486328,blasting
2709,0.48388698697090154,0.021777356043457985,1124.5997314453125,0.04085302725434303,0.04780852794647217,791.5071411132812,drilling
2710,0.399258017539978,0.10552740097045898,162.95138549804688,0.05787466466426849,0.03374752402305603,295.5482177734375,blasting
2711,0.488164335489273,0.45511743426322937,81.65088653564453,0.020875969901680943,0.09355869889259337,1001.7118530273436,drilling
2712,0.18708994984626767,0.014082038775086401,75.57476806640625,0.07457789033651352,0.02618904039263725,106.90045166015624,scaling
2713,0.3974025547504425,0.026855483651161197,59.230484008789055,0.05859072506427765,0.03333517536520958,274.28106689453125,scaling
2714,0.16814462840557098,0.16806650161743164,193.70965576171875,2.702410936355591,0.0007227365276776254,23.789043426513672,electric noise
2715,0.11269537359476088,0.044355493038892746,79.67771911621092,0.07072491198778152,0.027615875005722042,168.59609985351562,scaling
2716,0.48828151822090154,0.3470509648323059,58.84784698486328,0.016750067472457882,0.1166037693619728,702.463623046875,drilling
2717,0.48818385601043696,0.23453137278556824,89.8010482788086,0.018838645890355114,0.103676438331604,1812.8415527343752,drilling
2718,0.4776174426078796,0.1238281950354576,52.633670806884766,0.03050848096609116,0.06401942670345305,194.7165069580078,electric noise
2719,0.23621106147766116,0.03357423841953277,2222.02294921875,0.06175142899155617,0.03162875771522521,122.77156066894533,blasting
2720,0.4880861937999725,0.24500012397766116,71.193359375,0.014904020354151724,0.13104639947414398,706.8423461914064,drilling
2721,0.38296896219253534,0.04111330211162567,2789.654296875,0.05700049176812172,0.03426507115364075,78.3353271484375,blasting
2722,0.2752540409564972,0.10595709085464476,73.3627700805664,0.07454422116279602,0.026201155036687847,766.5645751953125,scaling
2723,0.06095706298947334,0.020937511697411537,27.15784454345703,0.12880003452301023,0.015163999050855637,180.45489501953125,scaling
2724,0.13621100783348083,0.0018945322372019289,91.22157287597656,0.4680326282978058,0.0041730739176273355,234.9296112060547,scaling
2725,0.4882424473762512,0.4109377264976501,198.66754150390625,0.025240348652005196,0.07738104462623596,1767.564453125,drilling
2726,0.4880080819129944,0.16947275400161743,162.77392578125,0.026893671602010727,0.07262402772903441,1114.735595703125,drilling
2727,0.4882619678974152,0.2265430837869644,350.0035705566406,0.025703068822622296,0.07598812133073807,1542.2049560546875,drilling
2728,0.4153517782688141,0.012714850716292858,1154.5557861328125,0.03136343136429787,0.06227366626262665,130.01028442382812,blasting
2729,0.4839650988578796,0.18369150161743164,762.4617309570312,0.03338320553302765,0.058506447821855545,741.7890014648436,drilling
2730,0.3883986473083496,0.11111333966255188,202.10240173339844,0.031029675155878067,0.06294401735067368,108.13632202148436,blasting
2731,0.4880080819129944,0.21011729538440704,171.9704132080078,0.02533157169818878,0.07710238546133041,1223.3404541015625,drilling
2732,0.24964857101440427,0.1570313274860382,83.63417053222656,0.03468510881066322,0.056310229003429406,96.13513946533203,blasting
2733,0.379746288061142,0.09681645780801773,1967.69189453125,0.03503498062491417,0.05574825406074524,68.46676635742188,blasting
2734,0.01107422448694706,0.0020898447837680574,55.02459335327149,0.892760157585144,0.002187741221860051,1986.5950927734373,microseismic
2735,0.012773443944752216,0.007890629582107067,171.6035003662109,0.38714551925659174,0.0050449399277567855,234.86227416992188,scaling
2736,0.00015625008381903172,5.8593781432136886e-05,55.26519012451172,22.487066268920895,8.685552893439309e-05,12799.9931640625,electric noise
2737,0.2971095442771912,0.2642970085144043,1678.57568359375,0.0480382926762104,0.040657714009284966,117.80166625976562,blasting
2738,0.198164165019989,0.0442773662507534,61.78638458251953,0.16596511006355283,0.011768302880227564,141.2969970703125,scaling
2739,0.005859378259629011,3.906252095475793e-05,133.591064453125,2.5274357795715328,0.0007727697375230491,682.666259765625,electric noise
2740,0.0310351736843586,0.00716797262430191,77.27046203613281,0.5327780842781067,0.0036659266334027048,1933.2902832031248,microseismic
2741,0.48646509647369374,0.21550792455673215,226.17634582519528,0.0267183780670166,0.07310071587562561,1077.158447265625,drilling
2742,0.4849221408367157,0.4534182250499725,81.40706634521484,0.04571303352713585,0.042726028710603714,228.90272521972656,scaling
2743,0.48828151822090154,0.42740258574485773,61.46692657470703,0.01836208626627922,0.10636702179908752,1030.1434326171875,drilling
2744,0.4765432178974152,0.09478520601987839,50.77067565917969,0.07694368064403534,0.02538396790623665,142.69430541992188,scaling
2745,0.4705080687999725,0.07347660511732101,211.1374664306641,0.06285402923822403,0.031074022874236103,163.6528778076172,scaling
2746,0.4882619678974152,0.4540627300739288,84.61065673828125,0.013123882934451103,0.14882217347621915,745.5014648437501,drilling
2747,0.38726583123207087,0.008574223145842552,270.39996337890625,0.03441864624619484,0.056746169924736016,103.28822326660156,blasting
2748,0.4879494905471802,0.09968755394220352,50.335845947265625,0.01718122884631157,0.11367814242839812,1494.007080078125,drilling
2749,0.48820337653160095,0.4821877479553223,72.86333465576173,0.038260322064161294,0.05104845389723778,434.24526977539057,drilling
2750,0.013339851051568983,0.0054296902380883685,51.78777694702149,0.6745375990867615,0.002895502373576164,2323.864013671875,microseismic
2751,0.487676054239273,0.2470509111881256,92.0687255859375,0.026291659101843837,0.07428704202175139,1472.288818359375,drilling
2752,0.4867971241474152,0.10146489739418028,52.96648025512695,0.049822479486465454,0.03920147567987441,289.6483764648437,scaling
2753,5.8593781432136886e-05,3.906252095475793e-05,85.70428466796875,47.520118713378906,4.1101033275481313e-05,34133.31640625,electric noise
2754,0.48783230781555176,0.09998052567243576,50.61305618286133,0.0421191044151783,0.04637143015861511,1106.937744140625,scaling
2755,0.19193369150161743,0.07501956820487976,58.65773391723633,0.7171921133995056,0.002723288955166936,72.94185638427734,electric noise
2756,0.0039453147910535336,0.0003710939490702003,60.55724334716797,2.1429996490478516,0.0009113976266235112,4055.443115234375,microseismic
2757,0.3489259779453277,0.01365235075354576,521.72412109375,0.03033009171485901,0.06439542025327681,123.2353057861328,blasting
2758,0.2833595275878906,0.0005273440619930625,170.9595947265625,0.10824093967676161,0.018044166266918182,14.116341590881348,electric noise
2759,0.48017603158950806,0.47355493903160095,1028.9947509765625,0.03511008620262145,0.05562882870435715,695.5782470703125,drilling
2760,0.41558617353439326,0.0841016098856926,58.35862731933594,0.04491477832198143,0.043485485017299645,55.3435173034668,electric noise
2761,0.31642594933509827,0.062011752277612686,53.195098876953125,0.09742692112922668,0.02004701644182205,107.45010375976562,scaling
2762,0.487676054239273,0.46179711818695063,71.61420440673828,0.02998424135148525,0.06513819098472595,518.7869873046875,drilling
2763,7.812504190951586e-05,3.906252095475793e-05,776.8269653320312,40.98229217529297,4.765780613524839e-05,25599.986328125,electric noise
2764,0.4393947720527649,0.39123067259788513,102.8505401611328,0.03646304085850716,0.053564496338367455,63.724018096923835,electric noise
2765,0.2657032608985901,0.02833985909819603,1267.4312744140625,0.25662368535995483,0.007610853761434555,7.527194023132323,electric noise
2766,0.4207424223423004,0.09027348458766936,91.55728912353517,0.049667973071336746,0.03932348266243935,68.92578125,electric noise
2767,0.48699244856834406,0.25570327043533325,763.8024291992188,0.04075651615858079,0.04792159795761108,655.0409545898438,drilling
2768,0.48828151822090154,0.47332057356834406,97.31217193603517,0.025994839146733284,0.0751352310180664,518.1437377929688,drilling
2769,0.17013680934906003,0.02312501147389412,14.89090347290039,0.08690857887268065,0.022473344579339027,170.45106506347656,scaling
2770,0.2761329710483551,0.09054692089557648,53.23060607910156,0.07690309733152388,0.02539721131324768,105.02186584472656,scaling
2771,0.48820337653160095,0.21777355670928955,289.21484375,0.02388265170156956,0.08178010582923889,2478.475341796875,drilling
2772,0.3081056475639343,0.30802750587463373,173.3676605224609,0.18029168248176572,0.010833163745701311,16.228199005126953,electric noise
2773,0.09250004589557648,0.0216211061924696,653.1045532226562,0.2682018280029297,0.007282289210706948,886.4860229492188,blasting
2774,0.46746119856834406,0.1098242774605751,70.60303497314453,0.033088427037000656,0.05902743339538574,203.2254180908203,electric noise
2775,0.009882817976176737,0.004687502514570952,54.279102325439446,0.8287987709045409,0.002356572775170207,2529.642822265625,microseismic
2776,0.4882424473762512,0.4717971384525299,380.5559387207031,0.025542376562952995,0.07646633684635161,1788.046142578125,drilling
2777,0.37919941544532776,0.0915430188179016,6208.30078125,0.02566777169704437,0.0760924220085144,387.6588134765625,blasting
2778,0.013710944913327692,0.00029296890716068447,62.55109024047852,3.503720760345459,0.0005574426613748074,218.80329895019528,electric noise
2779,0.4880861937999725,0.33597674965858454,77.24459075927734,0.031097259372472763,0.06280677765607834,407.71487426757807,scaling
2780,0.4840041697025299,0.3047267198562622,64.92460632324219,0.03459446132183075,0.05645763874053955,309.9146728515625,scaling
2781,0.387558788061142,0.014843758195638657,107.53921508789062,0.03309604525566101,0.05901411175727844,87.72862243652342,blasting
2782,0.42468771338462824,0.25732436776161194,1688.4415283203125,0.10862242430448532,0.01798085682094097,14.128027915954588,electric noise
2783,0.48326197266578674,0.09964849054813384,52.052005767822266,0.11540092527866364,0.01692465879023075,136.57188415527344,electric noise
2784,0.2969142198562622,0.027910171076655388,1761.4486083984375,0.07328258454799651,0.026652008295059204,101.0392837524414,blasting
2785,0.48001977801322937,0.09949224442243576,53.13887405395508,0.0715147852897644,0.027310669422149655,291.6546630859375,scaling
2786,0.3457033038139343,0.08572269976139069,103.65970611572264,0.08884727954864502,0.021982967853546143,208.27107238769528,scaling
2787,0.041230492293834686,0.005585940554738045,131.2001190185547,0.20362056791782376,0.009591994807124138,242.53894042968753,microseismic
2788,0.14658211171627045,0.054316435009241104,127.55709838867188,0.07458660006523132,0.026185963302850723,88.68749237060547,blasting
2789,0.4882424473762512,0.14712898433208463,345.7755432128906,0.024700066074728962,0.07907348871231078,1851.5391845703125,drilling
2790,0.3888869285583496,0.1918555647134781,154.46090698242188,0.03087342530488968,0.06326209753751755,79.71469116210938,blasting
2791,0.4875198006629944,0.30802750587463373,749.2875976562499,0.022869203239679337,0.08540406078100204,1331.22802734375,drilling
2792,0.0157617274671793,0.006855472456663847,61.059478759765625,0.5103768706321716,0.0038268333300948143,1776.455078125,microseismic
2793,0.00025390638620592654,0.00015625008381903172,61.48766326904297,18.24435234069824,0.00010705374006647617,7876.918945312499,electric noise
2794,0.4879494905471802,0.3082618713378906,58.25950241088867,0.022893745452165604,0.08531254529953003,952.9674682617188,drilling
2795,0.31398454308509827,0.02123047970235348,5853.35400390625,0.03744100779294968,0.05216534808278084,111.470458984375,blasting
2796,0.488164335489273,0.025175794959068295,269.9337463378906,0.022451605647802353,0.08699239790439604,1485.1556396484375,drilling
2797,0.01423828862607479,0.0049804714508354655,57.12228775024414,0.4937098920345306,0.003956024535000324,2036.7615966796875,microseismic
2798,0.28857436776161194,0.14400398731231687,106.51286315917967,0.042527880519628525,0.045925673097372055,100.49402618408205,blasting
2799,0.22134777903556824,0.002949220361188054,51.45246505737305,0.1528196632862091,0.01278054155409336,36.14221954345703,scaling
2800,0.3248439133167267,0.0034375018440186977,90.97537994384764,0.13958968222141263,0.01399186998605728,126.21446228027344,scaling
2801,0.05863284319639206,0.01138672512024641,52.60593795776367,0.1536997556686401,0.012707396410405636,119.38701629638672,scaling
2802,0.29644545912742615,0.023105481639504433,5860.3291015625,0.04347522184252738,0.044924672693014145,104.57235717773436,blasting
2803,7.812504190951586e-05,3.906252095475793e-05,79.17916107177734,37.07523727416992,5.268007225822657e-05,25599.986328125,electric noise
2804,0.00011718756286427379,3.906252095475793e-05,80.81336975097656,28.751525878906246,6.793121428927407e-05,17066.658203125,electric noise
2805,0.29259780049324036,0.2900782823562622,207.1289978027344,0.06788591295480728,0.028770776465535164,208.477294921875,scaling
2806,0.014707039110362528,0.009648442268371582,79.89202117919923,0.6190396547317505,0.00315509014762938,3807.700439453125,scaling
2807,0.005527346860617399,0.0005273440619930625,84.36243438720702,1.7895933389663696,0.00109138002153486,3075.61669921875,microseismic
2808,0.4862698018550873,0.40445333719253534,520.14453125,0.03450552001595497,0.05660338327288628,1246.2218017578125,drilling
2809,9.765630238689482e-05,3.906252095475793e-05,67.60102844238281,34.781490325927734,5.615418194793165e-05,20479.98828125,electric noise
2810,0.010644537396728992,0.0028710952028632164,67.26680755615233,0.7903776168823241,0.002471131738275289,2442.5673828125,microseismic
2811,0.2407032549381256,0.1724414974451065,278.9107360839844,0.05902469903230667,0.033090077340602875,70.62638092041016,blasting
2812,0.01808594726026058,0.00019531260477378964,125.05082702636717,0.3999712467193604,0.004883171059191226,110.58309173583984,electric noise
2813,0.3161134421825409,0.2680860757827759,1994.4816894531248,0.03714526072144508,0.05258093774318695,148.68080139160156,blasting
2814,0.48814478516578674,0.12710943818092346,75.12643432617188,0.021240087226033207,0.09195474535226819,1335.6693115234375,drilling
2815,0.04146486520767212,0.01009766198694706,211.01837158203125,0.47373968362808233,0.0041227820329368114,458.21926879882807,microseismic
2816,0.016171883791685104,0.0003320314281154424,168.45037841796875,1.1329785585403442,0.0017238847212865949,1174.8785400390625,scaling
2817,0.013300788588821888,0.004902346525341272,924.0927124023436,0.6733915805816649,0.002900428138673305,2405.872314453125,microseismic
2818,0.4877736866474152,0.28937515616416926,183.5596618652344,0.020831981673836708,0.09375624358654022,1670.8568115234375,drilling
2819,0.4873830676078796,0.42584007978439326,92.17534637451172,0.04348428547382355,0.04491579905152321,738.6387329101561,drilling
2820,0.3986720740795136,0.18429698050022125,136.74459838867188,0.02619404904544353,0.0745641142129898,122.90803527832033,blasting
2821,0.15539070963859558,0.00015625008381903172,2270.576416015625,1.0998625755310059,0.0017757940804585814,19.30617332458496,electric noise
2822,0.48455104231834406,0.3334962725639343,59.8440055847168,0.2677193582057953,0.007295425981283187,55.72168350219727,electric noise
2823,0.04087892919778824,0.005195315461605787,67.05059814453125,0.35158464312553406,0.005555208306759596,171.23736572265625,scaling
2824,0.012656256556510924,0.00412109587341547,71.14643096923828,0.42311069369316096,0.004616104997694492,316.0492248535156,scaling
2825,0.488164335489273,0.002734376583248377,195.32882690429688,0.022493913769721985,0.08682946115732193,2607.728515625,drilling
2826,0.48765650391578674,0.28169935941696167,64.07980346679688,0.0176377035677433,0.11073546111583708,574.1746215820312,drilling
2827,0.013281256891787052,0.0025390638038516045,86.90367889404298,0.6086612343788146,0.0032088877633214,1430.5875244140625,microseismic
2828,0.0002148438652511686,0.00011718756286427379,4423.35888671875,13.014739990234377,0.0001500703074270859,9309.0859375,electric noise
2829,0.21757824718952176,0.12748053669929504,3342.4296875,0.061119899153709405,0.03195571526885033,137.8814239501953,blasting
2830,0.483281522989273,0.01058594323694706,261.32470703125,0.024582652375102043,0.07945078611373901,82.76749420166014,blasting
2831,0.38824239373207087,0.09529302269220352,111.70500183105467,0.03056294284760952,0.06390484422445297,118.48268127441406,blasting
2832,0.30806657671928406,0.015332039445638657,5147.5888671875,0.03936733677983284,0.04961278662085533,155.8104705810547,blasting
2833,0.08228520303964615,0.06453128159046173,3581.8037109375,0.09324498474597931,0.020946258679032322,315.97418212890625,electric noise
2834,0.28484389185905457,0.010468755848705769,119.15690612792967,0.03989454731345177,0.048957210034132,126.38501739501952,blasting
2835,0.021542979404330254,0.021484386175870892,75.31515502929686,1.8660826683044436,0.0010466446401551364,185.6753387451172,electric noise
2836,0.487187772989273,0.4116994440555573,464.0588684082031,0.02514113672077656,0.07768631726503372,1397.818359375,drilling
2837,0.3924025595188141,0.005605471786111592,62.42014694213867,0.0623161718249321,0.031342215836048126,96.83932495117188,scaling
2838,0.07224613428115843,0.006054690573364496,292.3428955078125,0.4958156943321228,0.00393921695649624,761.286376953125,scaling
2839,0.11582037806510924,0.11572271585464476,84.10298156738281,1.414461612701416,0.0013808269286528228,34.536235809326165,electric noise
2840,0.2138868272304535,0.08931645750999449,131.9544219970703,0.1664426475763321,0.011734516359865664,18.70147895812988,electric noise
2841,0.43802759051322937,0.026152357459068295,186.654052734375,0.0302090048789978,0.06465385854244232,66.20587158203125,blasting
2842,0.34525409340858454,0.010351568460464476,409.5378723144531,0.031249891966581345,0.062499988824129105,110.06386566162108,blasting
2843,0.4863088428974152,0.46046900749206543,1082.2698974609375,0.0319138765335083,0.06119978800415993,1198.82666015625,drilling
2844,0.40689474344253534,0.023183606564998623,66.65679931640625,0.08476465940475462,0.02304181270301342,154.83119201660156,scaling
2845,0.04687502607703209,0.0027148451190441847,69.11137390136719,0.2772276699542999,0.007045208010822535,469.33306884765625,scaling
2846,0.48537135124206543,0.04687502607703209,395.3822021484375,0.026724994182586666,0.07308274507522583,2177.714111328125,drilling
2847,0.31732439994812006,0.010039067827165127,390.4061279296875,0.03615116328001022,0.05402656644582749,119.75127410888672,blasting
2848,0.222754031419754,0.14751960337162015,290.7182006835937,0.05846783146262169,0.033405184745788574,71.8281021118164,blasting
2849,0.48828151822090154,0.00017578134429641068,187.17921447753903,0.0318819060921669,0.06126151978969573,71.67996215820312,blasting
2850,0.014882820658385752,0.002402344951406121,52.66931152343751,0.6931427121162416,0.002817785833030939,2150.130126953125,microseismic
2851,0.4879494905471802,0.07884769886732101,964.9006958007811,0.022794490680098534,0.08568412810564041,1453.019287109375,drilling
2852,0.0002148438652511686,5.8593781432136886e-05,59.92607879638672,32.0396614074707,6.095962817198597e-05,13963.62890625,electric noise
2853,0.48765650391578674,0.05845706164836884,63.63091659545898,0.02394781447947025,0.08155763894319534,631.5921020507812,drilling
2854,0.1251758486032486,0.08154301345348358,62.62926864624024,0.14176027476787567,0.013777674175798891,143.79771423339844,electric noise
2855,0.005742190405726433,0.0003710939490702003,91.59867095947264,1.2295950651168823,0.0015884314198046923,3134.6923828125,microseismic
2856,0.4864065051078796,0.16498056054115295,58.639747619628906,0.019241070374846455,0.10150860249996184,581.81787109375,drilling
2857,0.48625025153160095,0.19804698228836057,263.7877502441406,0.02824796549975872,0.06914237141609192,1256.5545654296875,drilling
2858,0.0003320314281154424,0.0002734376466833055,93.58145904541016,8.7839994430542,0.0002223504416178912,6023.5263671875,electric noise
2859,0.48765650391578674,0.2699610888957977,1071.058349609375,0.03288329392671585,0.05939534306526184,955.5906372070312,drilling
2860,0.30314469337463373,0.03150392323732376,546.4638671875,0.042534656822681434,0.04591837525367737,89.06637573242188,blasting
2861,0.0003320314281154424,0.00019531260477378964,109.96187591552734,10.937931060791016,0.00017856449994724244,9035.2890625,electric noise
2862,0.373867392539978,0.0012109382078051567,73.29695892333984,0.3691020607948303,0.005291569512337446,90.94133758544922,scaling
2863,0.4879104197025299,0.09974614530801773,56.06201553344727,0.045568179339170456,0.042861882597208016,260.2936706542969,scaling
2864,0.12992194294929504,0.0779687911272049,415.0210571289063,0.8875507712364196,0.002200581133365631,38.48464584350586,electric noise
2865,0.030117204412817955,0.009746098890900612,101.56135559082033,0.40393039584159846,0.004835306666791439,830.0903320312499,scaling
2866,0.3857619166374207,0.3404689431190491,574.2323608398438,0.12117864936590193,0.016117773950099945,62.21453857421875,blasting
2867,0.02326173149049282,0.013691413216292858,54.21442794799805,0.5605964660644531,0.0034840153530240055,2493.365478515625,scaling
2868,0.3092189133167267,0.06591800600290297,107.7642822265625,0.1009119227528572,0.019354812800884247,168.1656494140625,scaling
2869,9.765630238689482e-05,3.906252095475793e-05,372.5408325195313,32.87405014038086,5.941239942330867e-05,20479.98828125,electric noise
2870,0.17734384536743164,0.16736337542533875,144.4421234130859,0.10815322399139404,0.01805884391069412,253.74435424804688,scaling
2871,0.30177751183509827,0.030078141018748283,79.1072311401367,0.15144282579421997,0.012896807864308356,159.0575714111328,scaling
2872,0.25359389185905457,0.11697272211313248,87.97606658935545,0.06982052326202393,0.02797361835837364,516.573974609375,scaling
2873,0.07361332327127457,0.052910186350345605,3356.950927734375,0.1176428645849228,0.0166021641343832,190.18296813964844,blasting
2874,0.4811721444129944,0.30714860558509827,1280.0814208984375,0.027393121272325516,0.07130001485347748,1207.468017578125,drilling
2875,0.16958993673324585,0.0004101564700249583,51.950008392333984,0.2997989058494568,0.0065148239955306044,41.27603530883789,scaling
2876,0.40089866518974304,0.2729884386062622,7227.57568359375,0.03218522667884827,0.060684092342853546,222.0012359619141,blasting
2877,0.01580078899860382,0.008183598518371582,78.23450469970702,0.5378202795982361,0.003631561528891325,2025.21533203125,microseismic
2878,0.1929883807897568,0.003027345286682248,65.02410888671875,0.145707368850708,0.013404461555182932,77.72488403320312,scaling
2879,0.09003911167383195,0.02671876363456249,93.47827148437501,0.12774276733398435,0.015289516188204288,832.9713745117188,scaling
2880,0.48632839322090154,0.07269535213708876,67.51630401611328,0.025557653978466988,0.07642063498497009,664.1602783203125,drilling
2881,0.316074401140213,0.009648442268371582,3091.1474609375,0.04139808565378189,0.047179099172353745,155.02679443359375,blasting
2882,0.01082031801342964,0.001933594816364348,395.7925720214844,0.8834555745124816,0.002210781443864107,4343.68017578125,microseismic
2883,0.09625004976987839,0.014042976312339304,294.5047607421875,0.1276513934135437,0.01530046947300434,155.8440704345703,blasting
2884,0.271289199590683,0.15376961231231687,165.25384521484375,0.0763961374759674,0.025565678253769875,346.49371337890625,scaling
2885,0.2515431046485901,0.001347656943835318,128.785400390625,0.33961859345436096,0.0057509257458150395,51.68100357055664,scaling
2886,0.4807619750499725,0.225703239440918,84.40681457519531,0.04808423668146133,0.04061874374747276,447.2067565917969,scaling
2887,0.01316406950354576,0.006835941225290298,80.3463363647461,0.5724694132804872,0.0034117579925805326,2734.716552734375,microseismic
2888,0.4877541661262512,0.18347665667533877,235.98391723632807,0.026387834921479225,0.07401558011770248,1474.103271484375,drilling
2889,0.0003906252095475793,9.765630238689482e-05,4012.586181640625,8.1026611328125,0.0002410474990028888,5119.9970703125,electric noise
2890,0.41705101728439326,0.06214847043156624,50.90426635742188,0.04862826317548752,0.0401642695069313,153.4584503173828,scaling
2891,0.4862893223762512,0.3326173722743988,5342.93310546875,0.03206951916217804,0.06090274825692177,139.8344573974609,blasting
2892,0.16009774804115295,0.005820315796881913,56.13389587402344,0.14478877186775208,0.013489486649632452,49.9694709777832,scaling
2893,0.2589259147644043,0.10529302805662157,1270.882080078125,0.04185339063405991,0.04666586965322495,131.3116912841797,blasting
2894,0.01292969472706318,0.004882815293967724,156.98255920410156,0.6206786036491394,0.003146759932860732,2552.264404296875,microseismic
2895,0.07857426255941392,0.07853519916534422,84.42236328125,2.17871618270874,0.0008964569424279034,76.36088562011719,electric noise
2896,0.3337306380271912,0.002265626098960638,55.756927490234375,0.22001610696315765,0.008877163752913475,119.85713958740234,scaling
2897,0.48636743426322937,0.18691416084766388,56.410587310791016,0.022942263633012768,0.08513228595256805,659.994873046875,drilling
2898,0.07818363606929779,0.0669531598687172,64.26932525634766,0.2410749644041061,0.00810174085199833,153.48480224609375,electric noise
2899,0.24330091476440427,0.003417970612645149,63.17177963256836,0.03548150882124901,0.055046368390321725,361.6920166015625,scaling
2900,0.48828151822090154,0.1440625786781311,440.7982177734375,0.032788317650556564,0.059567790478467934,1597.4390869140625,drilling
2901,0.48716822266578674,0.34232440590858454,810.0408935546875,0.02930008992552757,0.06665913015604019,1837.1477050781248,drilling
2902,0.06658206880092621,0.006757816299796104,674.3532104492188,1.9615689516067505,0.000995697802864015,90.11434936523438,electric noise
2903,0.48828151822090154,0.06052737683057785,80.57868957519531,0.023806197568774223,0.08204276114702223,1431.55126953125,drilling
2904,0.2941017150878906,0.032070331275463104,55.42676162719727,0.04832388460636138,0.04041742533445358,312.81695556640625,scaling
2905,0.014726570807397364,0.004589846357703209,53.05287170410156,0.639697790145874,0.0030532036907970905,1901.3251953125,microseismic
2906,0.0003515626885928213,5.8593781432136886e-05,95.13578033447264,19.190969467163082,0.00010177317744819447,8533.3291015625,electric noise
2907,0.2544337213039398,0.18722666800022125,112.22318267822264,0.03596892207860947,0.054300457239151,117.90889739990234,blasting
2908,0.4882229268550873,0.18777354061603543,80.1384506225586,0.016262225806713104,0.1201016828417778,743.5128173828125,drilling
2909,0.3189259469509125,0.0036328143905848256,441.9065856933594,0.03285203501582146,0.059452135115861886,112.87886810302734,blasting
2910,0.08228520303964615,0.0028710952028632164,65.78800964355469,0.4803707897663117,0.004065864253789186,340.2798767089844,scaling
2911,0.3930470943450928,0.10789068043231964,102.79816436767578,0.019676994532346725,0.09925860911607742,104.31320190429688,blasting
2912,0.4881252646446228,0.4114260077476501,164.44189453125,0.020803134888410568,0.09388622641563416,1561.07470703125,drilling
2913,0.4453127384185791,0.09720708429813384,81.08026885986328,0.08617260307073593,0.022665226832032204,69.61399841308594,scaling
2914,0.05197268351912498,0.0063281282782554635,54.97794723510742,0.17278699576854703,0.011303679086267948,288.6131591796875,scaling
2915,0.382187694311142,0.0009179692715406416,82.55717468261719,0.2285071164369583,0.008547334931790829,128.20925903320312,scaling
2916,0.4297658503055573,0.09652348607778548,82.71428680419923,0.04799384996294975,0.04069517552852631,32.57587814331055,electric noise
2917,7.812504190951586e-05,3.906252095475793e-05,50.07785034179688,44.697265625,4.369677117210813e-05,25599.986328125,electric noise
2918,0.011093756183981895,0.0013867195229977367,69.57585906982422,0.9059888124465942,0.0021557952277362342,2073.23828125,microseismic
2919,0.3871681690216064,0.38445332646369934,174.25503540039062,0.03247184678912163,0.06014811247587204,111.06285095214844,blasting
2920,0.485722929239273,0.38957053422927856,130.9029998779297,0.019413137808442116,0.10060876607894896,664.9881591796875,drilling
2921,0.3249220550060272,0.04130861535668373,60.965091705322266,0.048850767314434045,0.03998127952218056,2265.15869140625,electric noise
2922,0.48814478516578674,0.12714850902557373,55.92534637451172,0.013088337145745754,0.14922603964805603,745.680419921875,drilling
2923,0.4876369833946228,0.3223634660243988,744.1915893554686,0.025822771713137623,0.07563555985689163,2163.49462890625,drilling
2924,0.004863284062594175,0.0022265636362135406,372.1510620117188,1.3952418565750122,0.0013998474460095167,3289.9580078125,microseismic
2925,0.488164335489273,0.09996099025011063,55.2386589050293,0.019678940996527672,0.09924998134374617,1014.0028076171876,drilling
2926,0.48478540778160095,0.33888688683509827,273.1366271972656,0.026342023164033886,0.07414519041776657,84.57350158691406,blasting
2927,0.011738287284970284,0.002480470109730959,144.94839477539062,0.7249596118927003,0.002694115275517106,2470.5478515625,microseismic
2928,0.019082041457295414,0.007636722642928362,75.77094268798828,0.5691808462142944,0.003431468037888408,2043.8065185546875,scaling
2929,0.48828151822090154,0.06162112578749657,153.31103515625,0.01696733757853508,0.11511090397834776,651.263671875,drilling
2930,0.48310571908950806,0.3469337821006775,55.05830764770508,0.01735379546880722,0.1125483289361,538.1845092773438,drilling
2931,0.4881252646446228,0.4522658586502075,56.28461837768555,0.017052581533789635,0.1145358756184578,555.1853637695312,drilling
2932,0.03705080226063728,0.00015625008381903172,4458.486328125,0.26799169182777405,0.007288015913218259,53.97993850708008,electric noise
2933,0.3498048782348633,0.09712895750999449,86.98349761962889,0.1411670446395874,0.013835573568940163,48.5985221862793,scaling
2934,0.4882424473762512,0.4875588417053223,114.7618179321289,0.042563918977975845,0.04588688910007477,210.9607696533203,scaling
2935,0.47576197981834406,0.09441411495208739,51.93959426879882,0.03518762066960335,0.055506013333797455,397.2574768066406,electric noise
2936,0.48820337653160095,0.3214259445667267,793.6424560546875,0.018592786043882367,0.10504759848117828,1876.2672119140625,drilling
2937,0.21826183795928955,0.0046093775890767566,81.78836059570312,0.19332118332386017,0.01010303571820259,87.05140686035155,scaling
2938,0.3255079984664917,0.007441410329192877,149.36048889160156,0.1700151413679123,0.011487957090139387,79.87515258789062,scaling
2939,0.2993556261062622,0.29519546031951904,234.11415100097656,0.16404031217098236,0.01190637145191431,13.36203384399414,electric noise
2940,0.3093360960483551,0.005820315796881913,5470.14599609375,0.03304167836904526,0.05911070480942726,216.59289550781247,blasting
2941,7.812504190951586e-05,1.9531260477378964e-05,53.17565155029297,33.41056823730469,5.845832492923364e-05,25599.986328125,electric noise
2942,0.3694533109664917,0.1025000512599945,152.23556518554688,0.028497690334916115,0.06853649020195007,121.80158996582033,blasting
2943,0.3182228207588196,0.15134774148464203,75.87252044677734,0.0822845920920372,0.023736160248517994,128.84054565429688,scaling
2944,0.07328128814697266,0.006152347195893526,716.978759765625,0.11534815281629562,0.016932452097535133,163.75257873535156,blasting
2945,0.4843166768550873,0.058652374893426895,61.254581451416016,0.2348648905754089,0.008315970189869406,70.2020034790039,electric noise
2946,0.014765633270144463,0.0033007829915732145,105.92411804199217,0.4806748926639557,0.004063299857079984,2167.194580078125,microseismic
2947,0.3035743832588196,0.2977345287799835,167.3239593505859,0.12797465920448303,0.015261880122125149,19.76451301574707,electric noise
2948,0.33626970648765564,0.15064461529254913,626.6632080078125,0.03186199069023132,0.06129980832338333,139.7687530517578,blasting
2949,0.24736341834068296,0.007441410329192877,5397.05126953125,0.09016297757625581,0.021662205457687374,97.02323913574217,blasting
2950,0.3728712797164917,0.37281268835067755,931.0064086914062,1.912739872932434,0.001021112664602697,13.409453392028809,electric noise
2951,0.48326197266578674,0.0012109382078051567,3606.5751953125,0.06136194616556168,0.03182939440011978,88.97865295410156,blasting
2952,0.01224610023200512,0.0026367201935499902,274.0220642089844,0.7715960741043091,0.0025312795769423246,1714.8316650390625,microseismic
2953,0.10523442924022675,0.004003908485174179,205.3785095214844,0.46291631460189814,0.004219190217554568,161.54408264160156,scaling
2954,0.011796881444752216,0.002734376583248377,50.753021240234375,0.7276157736778259,0.002684281673282385,1949.6678466796875,microseismic
2955,0.3982228636741638,0.011855474673211575,72.98703002929686,0.06856513023376465,0.028485700488090515,72.82353973388672,scaling
2956,0.44326195120811457,0.3329298794269562,7055.92333984375,0.03792344778776169,0.05150185525417328,175.9681854248047,blasting
2957,0.3586134612560272,0.09681645780801773,1526.9761962890625,0.055245786905288696,0.03535331040620804,89.2325668334961,blasting
2958,0.45835962891578674,0.08447270095348358,55.69826889038086,0.054733019322156906,0.03568446263670921,257.4397888183594,scaling
2959,0.47890651226043696,0.31439471244812006,399.3313598632813,0.032603681087493896,0.05990518629550934,81.43551635742188,electric noise
2960,0.48537135124206543,0.3198634386062622,403.2781982421875,0.029922313988208767,0.06527329236268997,1304.1561279296875,drilling
2961,0.015566414222121239,0.005859378259629011,74.11705780029295,0.8156824707984924,0.002394470619037748,1349.0582275390625,microseismic
2962,0.0002734376466833055,0.00019531260477378964,80.65363311767578,13.12827491760254,0.00014877249486744404,7314.28173828125,electric noise
2963,0.014062507078051569,0.0043945335783064365,64.30370330810547,0.6676363945007324,0.0029254371766000986,4053.331298828125,microseismic
2964,0.2513868510723114,0.09841801971197128,68.0180892944336,0.12570250034332275,0.015537735074758528,103.42625427246092,scaling
2965,0.4841994643211365,0.2050977647304535,68.3308334350586,0.0424085445702076,0.046055056154727936,952.0869750976561,scaling
2966,0.3494337797164917,0.04283205419778824,50.898536682128906,0.1043558269739151,0.018716108053922653,71.5443115234375,scaling
2967,0.3097853362560272,0.08701176196336746,55.137020111083984,0.08450090140104294,0.023113790899515152,103.29733276367188,scaling
2968,0.22417980432510373,0.006640628445893526,112.2026138305664,0.05528060719370841,0.035331230610609055,129.36044311523435,blasting
2969,0.30007827281951904,0.02351563796401024,78.66416168212889,0.11818235367536543,0.016526365652680397,29.992174148559567,scaling
2970,0.29044938087463373,0.018339853733778,1803.6884765625,0.06788551062345505,0.02877083234488964,113.6170425415039,blasting
2971,0.008164066821336746,0.002050782321020961,263.3825988769531,1.1475588083267212,0.0017019829247146845,4164.59130859375,microseismic
2972,0.2740821838378906,0.16083993017673492,101.29568481445312,0.07057210057973862,0.027675708755850792,306.4774169921875,scaling
2973,0.4872463643550873,0.08150395005941392,470.81451416015625,0.026655543595552444,0.07327318936586381,1918.9471435546875,drilling
2974,0.23310559988021848,0.0016992196906358004,96.18827056884764,1.0413302183151243,0.0018756112549453972,30.0293083190918,electric noise
2975,0.3147071897983551,0.009648442268371582,856.2700195312499,0.04348320513963699,0.04491668194532394,73.08380889892578,blasting
2976,0.028632827103137967,0.003242189297452569,5062.234375,0.28909832239151,0.0067559196613729,419.09936523437506,blasting
2977,0.48828151822090154,0.2648048400878906,54.368499755859375,0.018947074189782143,0.10308308154344557,1275.9033203125,drilling
2978,0.3551759719848633,0.002402344951406121,300.23297119140625,0.029845204204320908,0.06544196605682373,146.4062957763672,blasting
2979,0.48798853158950806,0.019687511026859283,183.71710205078125,0.028186306357383728,0.06929294019937515,1473.395263671875,drilling
2980,0.20820324122905728,0.10687505453824996,94.95674133300781,0.039379026740789407,0.0495980940759182,124.87797546386717,blasting
2981,0.2390040308237076,0.18580088019371033,4447.69482421875,0.06984273344278336,0.02796460874378681,96.23268890380861,blasting
2982,0.48828151822090154,0.3846681714057922,80.01534271240233,0.020533807575702667,0.0951177105307579,1058.8154296875,drilling
2983,0.487676054239273,0.4472267925739288,185.2276306152344,0.029718538746237755,0.06572078168392181,1021.169677734375,drilling
2984,0.43382835388183594,0.05078127607703209,50.4532585144043,0.0580955296754837,0.033619169145822525,57.6264762878418,scaling
2985,0.48792994022369374,0.4166213274002075,144.00575256347656,0.01895708963274956,0.10302864015102386,1471.522705078125,drilling
2986,0.11117193102836607,0.013828132301568983,71.5196304321289,0.16546963155269623,0.011803510598838328,413.77349853515625,scaling
2987,0.1256055384874344,0.0994141176342964,55.18421173095703,0.12356778979301453,0.015806132927536964,222.92010498046875,scaling
2988,0.007265628781169653,0.0013671882916241884,54.44132614135742,1.4259753227233887,0.001369677484035492,2890.321044921875,microseismic
2989,9.765630238689482e-05,3.906252095475793e-05,2823.298583984375,32.45237731933594,6.018438216415234e-05,20479.98828125,electric noise
2990,0.2767970263957977,0.001640625880099833,2902.7783203125,0.054239895194768906,0.036008890718221664,155.34849548339844,blasting
2991,0.4616799354553223,0.2697266936302185,131.52456665039062,0.05097646638751029,0.0383143313229084,51.98406600952149,electric noise
2992,0.28570327162742615,0.0057617216370999804,392.5040893554688,0.19807086884975436,0.009860744699835776,143.5055389404297,scaling
2993,0.47691431641578674,0.47041040658950806,373.17678833007807,0.03203028813004494,0.0609775111079216,576.6234741210938,drilling
2994,0.4007424116134644,0.012519538402557371,50.81813430786133,0.07744600623846054,0.02521932311356068,62.38421249389648,scaling
2995,0.1883008778095245,0.01273438148200512,603.085205078125,0.2679110169410705,0.007290220819413663,37.1745491027832,electric noise
2996,0.486211210489273,0.324687659740448,59.10667419433594,0.01757226698100567,0.11114843934774397,625.24267578125,drilling
2997,0.48623073101043696,0.4502932131290436,478.3067626953125,0.022197622805833817,0.08798817545175552,1826.29345703125,drilling
2998,0.30062517523765564,0.07669925689697266,69.74854278564453,0.12883000075817108,0.015160486102104189,306.0289306640625,scaling
2999,0.24933606386184687,0.003085939213633537,66.74703979492188,0.14386925101280212,0.013575736433267592,52.138465881347656,scaling
3000,0.03498048707842827,0.03492189198732376,3058.498046875,3.662341117858887,0.0005333003937266767,142.93682861328125,electric noise
3001,0.4683791697025299,0.08082035928964615,61.5808219909668,0.0826881006360054,0.02362033538520336,40.565425872802734,scaling
3002,9.765630238689482e-05,3.906252095475793e-05,59.80434417724609,51.71375274658203,3.776801895583048e-05,30719.984375,electric noise
3003,0.3250783085823059,0.013105475343763828,340.2726745605469,0.03325426205992699,0.05873279646039009,135.3520050048828,blasting
3004,0.0044335960410535336,0.002265626098960638,636.7640380859375,1.5776379108428955,0.00123800674919039,3834.359130859375,microseismic
3005,0.38697287440299993,0.11781256645917892,335.9490661621094,0.04265899956226349,0.045784465968608856,105.95057678222656,blasting
3006,0.014296882785856724,0.014218757860362528,1741.808349609375,2.9317450523376465,0.0006661990191787481,629.5078735351562,electric noise
3007,0.31593766808509827,0.007148441392928362,7927.55078125,0.024172693490982052,0.08079872280359267,341.8395690917969,blasting
3008,0.387539267539978,0.322734534740448,237.3779754638672,0.1221385672688484,0.015991052612662315,103.21534729003906,scaling
3009,0.48828151822090154,0.06439456343650818,347.57733154296875,0.02015460841357708,0.09690701961517333,796.6715698242188,drilling
3010,0.21699230372905728,0.004238283727318048,52.839630126953125,0.09830250591039656,0.019868485629558563,179.72987365722656,scaling
3011,0.4881252646446228,0.4001759886741638,50.91176605224609,0.04019566252827644,0.048590503633022315,331.88201904296875,scaling
3012,0.1415039747953415,0.003574220696464181,90.70301055908205,0.144197016954422,0.013544849120080473,91.87020874023438,scaling
3013,0.1760938465595245,0.0033984393812716007,291.9715576171875,0.04698104783892632,0.041572589427232735,147.64854431152344,blasting
3014,0.48603540658950806,0.121386781334877,74.85065460205078,0.02225099131464958,0.08777672052383424,1366.1556396484375,scaling
3015,0.4877736866474152,0.109550841152668,216.9781188964844,0.020325917750597,0.0960906744003296,1072.218505859375,drilling
3016,0.3720314502716064,0.19939464330673215,344.8454895019531,0.035472970455884933,0.05505966022610664,88.70217895507811,blasting
3017,0.26378920674324036,0.001640625880099833,64.1413803100586,0.20779243111610407,0.009399394504725933,109.93626403808592,scaling
3018,0.488164335489273,0.09521489590406416,59.884143829345696,0.01921628601849079,0.10163936764001846,956.6450805664062,drilling
3019,0.24201184511184687,0.0025976577308028936,65.76344299316406,0.18505792319774628,0.01055414043366909,256.1858215332031,scaling
3020,0.037988301366567605,0.007539066486060619,82.20008850097656,0.2967250645160675,0.0065822736360132686,421.1822814941406,scaling
3021,0.2853517234325409,0.10001958161592484,50.94204711914063,0.16645917296409607,0.011733366176486015,56.07115173339844,scaling
3022,0.48810574412345886,0.2710157632827759,297.0192565917969,0.025226298719644543,0.0774247720837593,1106.317626953125,drilling
3023,0.48664090037345886,0.2123243361711502,5912.72119140625,0.04349594935774803,0.04490357264876366,108.90987396240234,blasting
3024,0.48828151822090154,0.20507822930812836,195.088623046875,0.02004721760749817,0.09742644429206848,684.0316162109375,drilling
3025,0.45937523245811457,0.10605474561452864,55.958595275878906,0.024552954360842705,0.07954727113246916,363.5372314453125,scaling
3026,0.4848049581050873,0.0594140961766243,280.3710021972656,0.03439290076494217,0.05678924918174744,61.88055419921875,blasting
3027,0.33255878090858454,0.010078130289912224,551.2388305664064,0.034554190933704376,0.05652356892824173,87.20262908935545,blasting
3028,0.48828151822090154,0.4624025821685791,244.23745727539065,0.025896236300468445,0.07542131841182707,77.82395935058594,blasting
3029,0.11707037687301636,0.07843754440546036,55.460086822509766,0.11565066128969193,0.016888177022337914,392.9260559082031,scaling
3030,0.48828151822090154,0.21785168349742887,187.37982177734372,0.029710058122873303,0.0657394751906395,79.87195587158203,scaling
3031,0.4576174318790436,0.08910161256790161,52.53282928466797,0.071924589574337,0.027155129238963127,146.41050720214844,scaling
3032,0.3291798532009125,0.23275403678417203,114.06463623046876,0.03264610096812248,0.05982735008001328,115.43841552734376,blasting
3033,0.48783230781555176,0.47724634408950806,296.74224853515625,0.021291397511959076,0.0917328894138336,1533.313720703125,drilling
3034,0.48810574412345886,0.294414222240448,815.320068359375,0.017720604315400124,0.11021823436021803,1663.573974609375,drilling
3035,0.3803713023662567,0.09705083072185516,60.042327880859375,0.0832996740937233,0.02344697341322899,239.2399139404297,scaling
3036,0.14076179265975952,3.906252095475793e-05,53.59161758422852,1.0498241186141968,0.001860428601503372,49.72940444946289,electric noise
3037,0.3044337630271912,0.014882820658385752,320.1679077148437,0.045619405806064606,0.04281355440616608,82.11966705322266,blasting
3038,0.48828151822090154,0.4709572792053223,85.72050476074217,0.02539195120334625,0.07691915333271025,626.6876831054688,drilling
3039,0.013105475343763828,0.008144536055624485,239.53601074218753,0.566125214099884,0.0034499859903007746,2594.33544921875,microseismic
3040,0.00015625008381903172,9.765630238689482e-05,2881.776611328125,22.186355590820312,8.80327497725375e-05,12799.9931640625,electric noise
3041,0.033183611929416656,0.0039453147910535336,146.92739868164062,0.3504241704940796,0.005573602858930825,1356.091064453125,microseismic
3042,0.017011728137731552,0.0046484400518238544,233.5608062744141,0.5357992649078369,0.0036452598869800568,1058.093505859375,microseismic
3043,0.28103530406951904,0.20826183259487152,978.1300659179688,0.06538697332143784,0.02987031079828739,42.69926071166992,blasting
3044,0.2980275154113769,0.24560560286045077,229.15997314453125,0.07707271724939345,0.025341320782899857,540.2185668945312,scaling
3045,0.10394536703824996,0.08587895333766937,51.866596221923835,0.13926726579666135,0.014024323783814909,288.6131591796875,scaling
3046,0.47966822981834406,0.1856836974620819,460.7225036621094,0.02409779652953148,0.08104963600635529,700.4841918945312,drilling
3047,0.009648442268371582,0.0014648445649072528,270.7045593261719,0.8864912986755371,0.0022032083943486214,725.5057373046875,microseismic
3048,0.0008789066923782228,3.906252095475793e-05,1210.8482666015625,19.576152801513672,9.977067384170368e-05,3413.33154296875,electric noise
3049,0.33378922939300537,0.019960947334766388,2669.69873046875,0.05940523743629456,0.03287801146507263,71.90166473388672,blasting
3050,0.0005273440619930625,0.0004687502514570952,1437.7808837890625,7.339991569519043,0.000266093818936497,3792.5903320312495,electric noise
3051,0.26666030287742615,0.035292986780405045,5961.853515625,0.061897408217191696,0.031554274260997765,86.25205993652342,blasting
3052,0.254687637090683,0.003261720528826117,74.69051361083984,0.12822596728801727,0.015231922268867493,19.63189125061035,scaling
3053,0.011308600194752216,0.003906251862645149,77.31946563720702,0.7109239101409912,0.002747304970398545,2829.704833984375,microseismic
3054,0.013359381817281246,0.003515626769512892,221.50804138183597,0.5936105251312256,0.0032902490347623825,2320.466552734375,microseismic
3055,0.4861330687999725,0.24451184272766116,360.33984375,0.02652988769114017,0.0736202299594879,966.8134765625,drilling
3056,0.47722682356834406,0.09511724114418028,68.76612091064453,0.03862333297729492,0.05056839436292648,69.14950561523438,electric noise
3057,0.1132422462105751,0.009179692715406416,273.7302551269531,0.07052524387836456,0.027693955227732655,123.62877655029295,blasting
3058,0.2943165600299835,0.0019531259313225746,89.59596252441406,0.1553749442100525,0.012570422142744064,27.181617736816406,scaling
3059,0.31728532910346985,0.004550783894956112,443.3685302734375,0.03978492319583893,0.04909208416938782,85.09690856933594,blasting
3060,0.19003915786743164,0.0479101836681366,2625.658935546875,0.09743279963731763,0.020045833662152287,184.17257690429688,electric noise
3061,0.3972072303295136,0.022402355447411537,53.93112182617188,0.09533847123384477,0.020486149936914444,30.21092987060547,scaling
3062,0.3047267198562622,0.015332039445638657,6490.74560546875,0.030974742025136948,0.06305565685033798,187.05284118652344,blasting
3063,0.10138677060604095,0.09833989292383194,74.07826232910156,0.2517034411430359,0.0077596213668584815,69.04254150390625,scaling
3064,0.11800787597894669,0.07847660779953003,1127.340087890625,0.05656420439481735,0.03452930226922035,262.6943359375,blasting
3065,0.24257825314998624,0.070429727435112,57.803218841552734,0.0685064047574997,0.0285100769251585,127.79381561279295,scaling
3066,0.014375007711350916,0.008750004693865776,297.0154724121094,0.4797615110874176,0.004071030765771866,2713.0419921875,microseismic
3067,0.020976573228836056,0.006562503520399332,74.38306427001953,0.3696271479129791,0.005284048151224852,1382.49462890625,microseismic
3068,0.40662130713462824,0.11783209443092346,130.20852661132812,0.02298980765044689,0.08495604991912842,132.80169677734375,blasting
3069,0.484472930431366,0.060371126979589455,216.56648254394528,0.027586545795202252,0.07079947739839554,1277.6771240234375,drilling
3070,0.2753321826457977,0.22220714390277865,94.74423980712889,0.030884416773915287,0.06323982030153275,138.01510620117188,blasting
3071,0.4870510399341583,0.1915235370397568,433.10986328125,0.03056703507900238,0.06389687955379486,967.0444335937501,drilling
3072,0.059570346027612686,0.011718756519258022,55.52430725097656,0.2377800345420837,0.008214004337787628,184.65563964843753,scaling
3073,0.42179709672927856,0.08521489053964615,52.157501220703125,0.10187646001577376,0.019171571359038353,97.20313262939453,scaling
3074,0.4860744774341583,0.09988286346197128,53.84309768676758,0.03676120936870575,0.05313030630350113,220.13087463378903,scaling
3075,0.24830090999603271,0.16859383881092072,131.93331909179688,0.040341682732105255,0.04841465875506401,128.87588500976562,blasting
3076,0.30861344933509827,0.008691410534083843,7602.77978515625,0.0196066964417696,0.09961531311273575,550.8508911132812,blasting
3077,0.3708791136741638,0.01628907211124897,201.42431640625,0.02799218147993088,0.06977393478155136,102.45925903320312,blasting
3078,0.46121117472648626,0.3760744333267212,146.7883148193359,0.021608665585517883,0.09038619697093965,93.23278045654298,blasting
3079,0.48765650391578674,0.046660181134939194,1015.0108642578124,0.03254879266023636,0.06000616773962975,1166.804931640625,drilling
3080,0.48828151822090154,0.08255863934755325,119.07820892333984,0.019615886732935905,0.0995681658387184,1163.2633056640625,drilling
3081,0.002187501173466444,0.002148438710719347,2519.8173828125,13.636785507202148,0.00014322482456918803,1371.4278564453125,electric noise
3082,0.31671890616416926,0.06662113219499588,84.32416534423827,0.636533796787262,0.0030684000812470913,18.944242477416992,electric noise
3083,0.33085954189300537,0.003535158233717084,625.9053955078125,0.030537255108356476,0.06395880877971649,117.87479400634764,blasting
3084,0.41884788870811457,0.2003907263278961,57.985157012939446,0.059926964342594154,0.032591771334409714,685.2129516601562,scaling
3085,0.42166039347648626,0.035625018179416656,53.9389533996582,0.05333952233195305,0.036616913974285126,277.4744873046875,scaling
3086,9.765630238689482e-05,5.8593781432136886e-05,95.01637268066406,37.19293594360352,5.25133618793916e-05,20479.98828125,electric noise
3087,0.48699244856834406,0.46001976728439326,55.37839126586913,0.02194526232779026,0.08899999409914015,679.6820068359375,drilling
3088,0.011718756519258022,0.003085939213633537,297.90106201171875,0.8784534335136412,0.0022233689669519663,2047.9989013671875,microseismic
3089,0.4140431880950928,0.09529302269220352,52.36734771728516,0.123074010014534,0.015869485214352608,405.7547607421875,scaling
3090,0.18771494925022125,0.09792973846197128,121.137939453125,0.23307989537715912,0.008379677310585974,223.74349975585935,scaling
3091,0.24234387278556824,0.0064257849007844925,62.58740997314453,0.16302864253520963,0.01198015920817852,41.26367950439453,scaling
3092,0.18171884119510648,0.0019726573955267668,71.22301483154297,0.26018932461738586,0.007506573107093571,55.030067443847656,scaling
3093,0.009101567789912224,0.003593751927837729,151.23951721191406,0.8123856782913208,0.002404186641797424,3186.26416015625,microseismic
3094,9.765630238689482e-05,5.8593781432136886e-05,72.10905456542967,33.3949089050293,5.848574073752388e-05,20479.98828125,electric noise
3095,0.01529297698289156,0.004492189735174179,56.09850311279297,0.5718368291854857,0.0034155328758060928,2092.4638671875,microseismic
3096,0.3791408240795136,0.033535175025463104,3419.507080078125,0.05864688009023666,0.033303290605545044,58.02593231201172,blasting
3097,0.015175789594650269,0.001132813049480319,162.06622314453125,0.6713777184486389,0.0029091318137943745,1779.149658203125,microseismic
3098,0.45121118426322937,0.08119145035743713,51.54088973999024,0.0598207637667656,0.03264964744448662,108.59659576416016,scaling
3099,0.011914068832993507,0.00882812961935997,138.58993530273435,0.6221165657043457,0.003139487700536847,2266.228271484375,microseismic
3100,0.3511720597743988,0.0034960955381393433,105.97811126708984,0.08977947384119034,0.021754698827862736,48.40931701660156,scaling
3101,0.03386720642447472,0.0013671882916241884,115.31785583496092,0.676822304725647,0.0028857311699539423,1919.2607421875,scaling
3102,0.4836525917053223,0.09656254947185516,61.851959228515625,0.033973801881074905,0.057489339262247086,88.90679168701172,electric noise
3103,0.32904314994812006,0.3135157823562622,55.025413513183594,0.07115548104047775,0.027448620647192,188.42514038085935,scaling
3104,0.48814478516578674,0.1824219673871994,61.51704025268555,0.022508619353175163,0.08677244186401366,1815.0352783203125,drilling
3105,0.251269668340683,0.1881836950778961,2161.7412109375,0.04989168792963028,0.03914733603596687,127.35321807861328,blasting
3106,0.48748072981834406,0.10031255334615707,57.60200881958008,0.03699951246380805,0.0527878999710083,65.64362335205078,scaling
3107,0.48757839202880854,0.09962896257638931,51.7379035949707,0.02497971802949905,0.07818829268217087,438.90377807617193,drilling
3108,0.44753929972648626,0.07990238815546036,50.393997192382805,0.07312761247158049,0.02670852094888687,174.286376953125,scaling
3109,0.09390629827976227,0.09382817894220352,107.55638122558592,2.7189900875091553,0.0007183292182162404,31.946739196777344,electric noise
3110,0.3909377157688141,0.3811330199241638,103.42560577392578,0.155833899974823,0.012533312663435936,66.50675964355469,scaling
3111,0.1809766590595245,0.1182813122868538,61.23101043701172,0.07590448111295699,0.025731392204761505,442.04595947265625,scaling
3112,0.35857442021369934,0.016464851796627045,300.3406677246094,0.027301767840981483,0.0715387761592865,133.86341857910156,blasting
3113,0.48806667327880854,0.1975001096725464,63.848682403564446,0.020651424303650856,0.09457581490278243,2022.2646484375,drilling
3114,0.004199220798909664,0.00019531260477378964,102.11148071289062,0.8652825951576234,0.002257212297990918,476.27883911132807,electric noise
3115,0.34142595529556274,0.010195317678153515,269.0464782714844,0.030680838972330093,0.06365962326526642,131.8001708984375,blasting
3116,0.004296877421438694,0.0009375005029141904,88.82498168945312,0.9537419080734254,0.0020478558726608758,465.4542846679688,electric noise
3117,0.3097853362560272,0.01615235209465027,6106.38427734375,0.031393054872751236,0.06221518293023109,158.17404174804688,blasting
3118,0.01843751035630703,0.0072070350870490065,63.137798309326165,0.506442666053772,0.00385655858553946,379.6607971191406,scaling
3119,0.47709009051322937,0.10015630722045898,61.615970611572266,0.034522902220487595,0.056574497371912,167.68321228027344,electric noise
3120,0.4882229268550873,0.1046094298362732,65.90869140625,0.0227633323520422,0.08580145239830017,1577.1484375,drilling
3121,0.16851571202278137,0.08955083042383195,82.59729766845702,0.11737263947725296,0.016640421003103256,112.74913024902344,electric noise
3122,0.01609375886619091,0.002578126266598701,83.29623413085938,0.5098240375518799,0.0038309805095195766,2236.89208984375,microseismic
3123,0.00013671882334165275,3.906252095475793e-05,227.48733520507807,20.80282592773437,9.388753824168816e-05,14628.5634765625,electric noise
3124,0.003281251760199666,0.0002343751257285476,5093.26025390625,1.75380539894104,0.0011136499233543873,2133.332275390625,electric noise
3125,0.2151758968830109,0.09160161018371582,85.33554077148438,0.1827184110879898,0.010689275339245796,218.4259490966797,scaling
3126,0.38611349463462824,0.10646490007638933,181.20867919921875,0.03059357777237892,0.06384101510047913,82.87718963623047,blasting
3127,0.4776174426078796,0.3616017699241638,107.56647491455078,0.03200456127524376,0.06102655082941055,81.65531158447266,electric noise
3128,0.48730495572090154,0.0047656274400651455,160.8740997314453,0.022886933758854863,0.08533782511949539,1177.9072265625,drilling
3129,0.0006445315666496754,0.00017578134429641068,147.24777221679688,8.311529159545898,0.0002349900169065222,10860.6005859375,microseismic
3130,0.016328133642673492,0.0064257849007844925,61.82083511352539,0.6100159287452698,0.0032017624471336603,1714.8316650390625,microseismic
3131,0.008105472661554813,0.0008007816504687072,90.3426513671875,1.142585515975952,0.0017093927599489689,2837.589111328125,microseismic
3132,0.31935563683509827,0.006855472456663847,5406.19873046875,0.02727510780096054,0.0716082826256752,206.6661529541016,blasting
3133,0.488164335489273,0.0689062848687172,194.17404174804688,0.02910811454057693,0.06709930300712585,1835.4475097656248,drilling
3134,0.396523654460907,0.17630869150161743,72.11720275878906,0.049651052802801125,0.03933718428015709,322.8054504394531,scaling
3135,0.48539087176322937,0.30089861154556274,270.20123291015625,0.03247751668095589,0.060137737542390816,566.5537109375,drilling
3136,0.38990256190299993,0.368515819311142,82.32750701904298,0.08178479969501494,0.023881109431385997,187.22625732421875,drilling
3137,9.765630238689482e-05,3.906252095475793e-05,766.107177734375,33.61419677734375,5.810419679619372e-05,20479.98828125,electric noise
3138,0.005078127607703209,0.001601563300937414,61.40730285644531,1.9236406087875368,0.001015327638015151,4135.38232421875,microseismic
3139,0.3195314109325409,0.006699222140014172,63.70698165893555,0.11505968868732452,0.01697489619255066,78.23957061767578,scaling
3140,0.4875198006629944,0.1066797450184822,90.3800811767578,0.042506374418735504,0.04594888538122177,477.9292907714844,scaling
3141,0.009492192417383194,0.0021289074793457985,111.88497161865234,0.9553205370903016,0.0020444719120860095,3792.590576171875,microseismic
3142,0.30490249395370483,0.00919922348111868,3473.8447265625,0.04754846543073654,0.04107651859521866,124.6300048828125,blasting
3143,0.3963478803634644,0.01224610023200512,69.51849365234375,0.01009558793157339,0.19346357882022855,194.27377319335935,electric noise
3144,0.02546876296401024,0.009238285943865776,57.866607666015625,0.3508523106575012,0.0055668014101684085,314.1102600097656,scaling
3145,0.4879104197025299,0.006601565983146429,273.80810546875,0.059566628187894814,0.032788924872875214,483.69534301757807,scaling
3146,0.012519538402557371,0.012441412545740604,255.03599548339844,12.266122817993164,0.00015922935563139615,239.6254425048828,electric noise
3147,0.2742970287799835,0.10837896168231964,91.11957550048828,0.04870428517460823,0.04010174423456192,98.43344116210936,blasting
3148,0.48292994499206543,0.43472680449485773,157.44171142578125,0.032094161957502365,0.0608561746776104,548.7338256835938,drilling
3149,0.4874612092971802,0.3534962832927704,783.3456420898436,0.024796001613140103,0.07876780629158019,1261.6387939453125,drilling
3150,0.3006446957588196,0.04019533470273018,109.60740661621092,0.0883738249540329,0.022100772708654404,212.87586975097656,scaling
3151,0.4136525690555573,0.08523441851139069,72.08536529541014,0.08937829732894897,0.021852171048521996,299.7684631347656,scaling
3152,7.812504190951586e-05,3.906252095475793e-05,51.700786590576165,38.4256248474121,5.0828737585106865e-05,25599.986328125,electric noise
3153,0.30757829546928406,0.02205079235136509,4700.47216796875,0.03644239902496338,0.053595125675201416,117.04336547851562,blasting
3154,0.0004882814828306437,3.906252095475793e-05,127.75403594970705,10.817110061645508,0.00018055894179269671,6143.9970703125,electric noise
3155,0.27968764305114746,0.1952930688858032,251.9770050048828,0.18021084368228912,0.010837993584573267,64.35750579833984,scaling
3156,0.11605475097894669,0.02710939012467861,244.7351837158203,0.22022815048694608,0.008868657052516937,982.2949829101561,drilling
3157,0.11976569145917892,0.007226566318422557,100.29946899414062,0.1612614095211029,0.012111546471714972,108.54527282714844,scaling
3158,0.4882424473762512,0.47281274199485773,59.86240005493164,0.015816867351531982,0.123483344912529,1511.5440673828125,drilling
3159,0.009160161018371582,0.0017382821533828972,425.35327148437506,1.0976066589355469,0.0017794403247535229,3602.556640625,scaling
3160,0.48375025391578674,0.0992383360862732,53.131301879882805,0.03594810143113136,0.05433182418346405,132.29966735839844,electric noise
3161,0.4880471229553223,0.00962891150265932,85.27903747558594,0.018743056803941727,0.1042053923010826,2169.87255859375,drilling
3162,0.4880080819129944,0.18408213555812836,304.65435791015625,0.02788916975259781,0.07003176957368851,1874.9689941406248,drilling
3163,0.4612502455711365,0.0006835941458120942,6968.7412109375,0.053142134100198746,0.03675303235650063,47.696453094482415,blasting
3164,0.48806667327880854,0.20279307663440704,6355.8037109375,0.03739239647984505,0.05223317444324493,129.08071899414062,blasting
3165,0.37455096840858454,0.08484379202127457,56.70932388305664,0.063721664249897,0.030650991946458817,301.694580078125,scaling
3166,0.4882424473762512,0.1345117837190628,72.12665557861328,0.018668701872229576,0.10462041944265364,1714.312255859375,drilling
3167,0.488164335489273,0.14175789058208463,528.0255126953125,0.029988322407007217,0.0651291087269783,1001.7118530273436,drilling
3168,0.4845901131629944,0.33095720410346985,89.98314666748048,0.05980835855007172,0.03265634924173355,243.50476074218753,scaling
3169,0.31832048296928406,0.20517589151859283,3157.3076171875,0.027004836127161976,0.07232494652271271,153.93292236328125,blasting
3170,0.4837307333946228,0.09980474412441251,52.79953002929688,0.022258672863245007,0.08774688094854355,628.4487915039064,electric noise
3171,0.48779323697090154,0.1303320974111557,52.712108612060554,0.020115314051508904,0.09709577262401581,1240.279541015625,drilling
3172,0.0002734376466833055,0.0002148438652511686,73.60098266601561,10.05968189239502,0.00019415386486798525,7314.28173828125,electric noise
3173,0.3669728636741638,0.08160160481929779,103.60774230957033,0.13501150906085968,0.01446638349443674,32.69996643066406,electric noise
3174,0.002890626434236765,0.00025390638620592654,112.9288864135742,2.062151908874512,0.0009471298544667661,4151.34912109375,microseismic
3175,0.26291030645370483,0.20681652426719663,153.29052734375,0.035694316029548645,0.054718274623155594,114.1073532104492,blasting
3176,9.765630238689482e-05,3.906252095475793e-05,119.7074966430664,30.54801559448242,6.39362697256729e-05,20479.98828125,electric noise
3177,0.4879104197025299,0.25769543647766113,153.2500762939453,0.026702379807829857,0.07314473390579222,1260.477294921875,drilling
3178,0.47623071074485773,0.4217385053634644,156.12542724609375,0.0363883413374424,0.05367462337017059,478.7595520019531,drilling
3179,0.006972659844905138,5.8593781432136886e-05,56.592750549316406,2.7442193031311035,0.0007117236382327974,717.0864868164064,electric noise
3180,0.28642594814300537,0.21978527307510373,1826.3195800781248,0.05193834751844406,0.03760473057627678,97.75650787353517,blasting
3181,0.05312502756714821,0.004550783894956112,196.12879943847656,0.18061417341232297,0.010813819244503973,150.58815002441406,blasting
3182,0.4875198006629944,0.30351579189300537,53.50896453857422,0.037847958505153656,0.05160439386963844,170.2494964599609,scaling
3183,0.11566412448883057,0.04474611952900887,66.06621551513672,0.16138195991516113,0.012102521955966948,129.68585205078125,scaling
3184,0.21791027486324313,0.18478526175022125,2990.902099609375,0.10237099975347518,0.01907897926867008,50.4794921875,blasting
3185,0.045625023543834686,0.011250006034970284,1648.7373046875,0.17425531148910522,0.011208427138626575,898.6296997070312,electric noise
3186,0.36148455739021296,0.01175781898200512,412.5906982421875,0.028712477535009384,0.06802363693714142,118.95390319824217,blasting
3187,0.1960352659225464,0.0829102024435997,69.39539337158203,0.10757146030664444,0.018156548961997032,306.0673828125,scaling
3188,0.0002148438652511686,9.765630238689482e-05,3983.500732421875,13.89427375793457,0.00014057056978344917,9309.0859375,electric noise
3189,0.0645703449845314,0.003867189632728696,50.17765808105469,0.2606924176216125,0.007492074277251958,449.12258911132807,scaling
3190,0.07648441940546036,0.03599611297249794,59.04964447021484,0.11802476644515993,0.016548437997698784,470.68411254882807,scaling
3191,0.48634791374206543,0.37037128210067755,122.6734390258789,0.01938333362340927,0.1007636860013008,1338.5479736328125,drilling
3192,0.2748439013957977,0.0892578586935997,160.64260864257812,0.038634203374385834,0.050554320216178894,134.6218719482422,blasting
3193,0.3316408097743988,0.13898445665836334,121.72623443603516,0.041639629751443856,0.046905528753995895,90.45931243896483,blasting
3194,0.30404314398765564,0.004687502514570952,52.785343170166016,0.15177130699157715,0.01286883559077978,95.3812026977539,scaling
3195,0.21490246057510373,0.0006445315666496754,51.03312683105469,0.3218784034252167,0.006067878101021051,93.06547546386719,scaling
3196,0.3195704817771912,0.01060547400265932,68.06694793701172,0.49095955491065973,0.003978180699050426,68.84239959716797,scaling
3197,0.375351756811142,0.04572268202900887,237.2137756347656,0.024866146966814995,0.07854586094617844,133.2083740234375,blasting
3198,0.4464064836502075,0.3923244178295136,60.40490722656249,0.04507479444146156,0.0433308407664299,210.57041931152344,blasting
3199,0.30300796031951904,0.09998052567243576,60.6103630065918,0.06146882101893425,0.03177432715892792,386.1284790039063,blasting
3200,0.018417978659272197,0.00931641086935997,514.0966796875,0.2852074205875397,0.006848093122243881,217.17909240722656,electric noise
3201,0.3145509362220764,0.00962891150265932,7296.25732421875,0.027922959998250008,0.06994716823101044,235.25601196289065,blasting
3202,0.47669947147369374,0.07521488517522813,60.88389587402344,0.24873791635036469,0.007852095179259777,60.8349723815918,electric noise
3203,0.4880471229553223,0.4462502300739288,68.63143157958984,0.024177284911274907,0.08078296482563017,710.9968872070312,drilling
3204,0.019628915935754776,0.009609379805624483,59.91242980957031,0.37041023373603826,0.005272874142974615,305.6714782714844,scaling
3205,0.4882424473762512,0.4275783598423004,1083.4765625,0.03412558138370514,0.05723331868648529,1155.163818359375,drilling
3206,0.47892603278160095,0.19556650519371033,8111.09375,0.09575977921485901,0.020396089181303974,16.70404052734375,electric noise
3207,0.04000002145767212,0.013593757525086401,75.5382614135742,0.30102941393852234,0.006488150916993618,174.99990844726562,scaling
3208,0.3533986210823059,0.25017592310905457,289.8202819824219,0.09662027657032014,0.02021444402635097,110.35696411132812,scaling
3209,0.0234961062669754,0.0037500020116567607,64.14229583740233,0.34834593534469604,0.005606861785054207,255.3614654541016,scaling
3210,0.005371096543967724,0.0012695319019258022,58.02177047729492,1.9288033246994016,0.001012610038742423,5585.45166015625,microseismic
3211,0.48380884528160095,0.32646501064300537,306.8524169921875,0.03567391633987427,0.054748822003602975,839.1743774414062,drilling
3212,0.4882619678974152,0.3245314359664917,1632.7794189453125,0.04158943146467209,0.04696200788021088,67.586669921875,blasting
3213,0.34603533148765564,0.09732427448034286,85.74884033203125,0.0440044142305851,0.04438494890928269,248.529541015625,scaling
3214,0.48388698697090154,0.23388683795928955,64.5189208984375,0.27491021156311035,0.00710460776463151,64.06454467773438,electric noise
3215,0.48806667327880854,0.4205080270767212,164.64830017089844,0.022333908826112747,0.0874510407447815,1022.4013061523436,drilling
3216,0.3659572303295136,0.024296887218952175,74.35221862792967,0.05140365660190582,0.03799592703580856,46.45351409912109,electric noise
3217,0.48611354827880854,0.08621098101139069,64.49490356445312,0.025081299245357517,0.0778716579079628,933.9381713867188,drilling
3218,0.4875588417053223,0.01906250976026058,241.93081665039065,0.022856755182147023,0.08545049279928206,2090.004150390625,drilling
3219,0.00011718756286427379,5.8593781432136886e-05,3539.0068359375,25.680702209472656,7.60542243369855e-05,17066.658203125,electric noise
3220,0.1436328887939453,0.039433613419532776,401.4263916015625,0.07473615556955338,0.02613358572125435,208.8658142089844,blasting
3221,0.0003320314281154424,0.00017578134429641068,2225.66552734375,8.166647911071777,0.00023915884958114475,6023.5263671875,electric noise
3222,0.4862893223762512,0.056328155100345605,204.30432128906247,0.024888701736927032,0.07847469300031662,78.14278411865233,blasting
3223,0.48792994022369374,0.44261741638183594,1126.0396728515625,0.027555955573916435,0.0708787590265274,2197.03662109375,drilling
3224,0.4880471229553223,0.16689461469650269,289.41680908203125,0.02646080031991005,0.07381186634302139,1663.7738037109375,drilling
3225,0.17074227333068848,0.0760156661272049,50.14290618896484,0.191854864358902,0.010180207900702952,532.967041015625,scaling
3226,0.48828151822090154,0.119921937584877,52.381023406982415,0.01964777708053589,0.09940719604492189,1787.903076171875,drilling
3227,0.3323439359664917,0.005625003017485142,3373.890869140625,0.028457477688789368,0.0686330646276474,147.4376220703125,blasting
3228,0.022226573899388317,0.002675782656297088,97.58893585205078,0.3256690204143524,0.005997271742671728,854.8325805664062,microseismic
3229,0.010156255215406416,0.002480470109730959,53.31857681274414,0.7502360343933105,0.002603345550596714,3052.30615234375,microseismic
3230,0.16117195785045624,0.003242189297452569,212.24658203125,0.16730207204818723,0.011674262583255768,744.5463867187501,drilling
3231,0.485449492931366,0.1064063087105751,241.92239379882807,0.029538514092564583,0.06612110882997513,1343.0850830078125,drilling
3232,0.008222660981118679,0.001015625544823706,58.509082794189446,1.44555926322937,0.001351121230982244,2675.532958984375,microseismic
3233,0.35843768715858454,0.010527349077165127,236.31494140625,0.020774470642209053,0.09401571750640868,136.70437622070312,blasting
3234,0.48744165897369374,0.037500020116567605,212.9701995849609,0.02910249680280685,0.06711170822381973,627.7674560546875,drilling
3235,0.0011914068600162864,0.00017578134429641068,4657.625,2.924542427062988,0.000667839718516916,1678.6876220703125,electric noise
3236,0.13410162925720215,0.10003911703824996,50.20787048339844,0.08949867635965347,0.02182299457490444,320.65234375,scaling
3237,0.4837307333946228,0.0640234723687172,52.4865837097168,0.03134153038263321,0.06231743097305298,190.18844604492188,electric noise
3238,0.4858987033367157,0.07820316404104231,496.56591796875,0.028739238157868385,0.06796029955148697,817.042724609375,drilling
3239,0.4844533801078796,0.13833992183208463,633.631103515625,0.034617289900779724,0.05642037466168404,1605.9337158203125,drilling
3240,0.4874612092971802,0.010019537061452864,755.381591796875,0.02668791636824608,0.0731840655207634,1940.6672363281248,drilling
3241,0.4880080819129944,0.0910547375679016,259.1076965332031,0.02785654552280903,0.07011401653289795,2049.146484375,drilling
3242,0.4882229268550873,0.26351577043533325,186.3133850097656,0.01943249255418777,0.10050862282514572,1462.4466552734375,drilling
3243,0.30351579189300537,0.022871106863021847,1457.14306640625,0.05026176199316978,0.038859300315380096,135.08358764648435,blasting
3244,0.18410165607929227,0.00578125286847353,80.47732543945312,0.15681612491607666,0.01245487295091152,86.90850830078125,scaling
3245,0.3847267627716064,0.181074321269989,4969.05859375,0.04734600707888603,0.04125206172466278,101.37064361572264,blasting
3246,0.30984392762184143,0.2887696921825409,160.304443359375,0.09089601784944534,0.021487509831786156,16.137157440185547,electric noise
3247,0.4882229268550873,0.20113292336463928,182.90335083007807,0.02159656025469303,0.09043698012828827,1521.8458251953125,drilling
3248,0.012773443944752216,0.005175784230232239,58.07245635986328,0.5601343512535095,0.0034868852235376835,2661.7724609375,microseismic
3249,0.0037500020116567607,0.0004882814828306437,81.18093872070312,2.964323282241821,0.0006588774849660696,4266.66455078125,microseismic
3250,0.4882619678974152,0.36869159340858454,59.02979278564453,0.020017998293042183,0.09756879508495331,888.8671264648436,drilling
3251,0.003925783559679985,0.0006054691039025784,4635.701171875,1.9213380813598633,0.0010165449930354953,3056.714599609375,microseismic
3252,0.3297657966613769,0.024843763560056686,2359.049072265625,0.028018124401569366,0.06970926374197006,151.6227569580078,blasting
3253,0.48828151822090154,0.06687503308057785,57.47527313232422,0.016862360760569572,0.1158277317881584,724.9915771484374,drilling
3254,0.47851589322090154,0.09439457952976227,14.0203857421875,0.05497558787465096,0.0355270691215992,286.3018798828125,scaling
3255,0.4127150774002075,0.03015626594424248,68.57550811767578,0.08490271866321564,0.02300427481532097,62.997455596923835,scaling
3256,0.4390822649002075,0.09765630215406416,58.43816757202149,0.07135838270187378,0.027370894327759743,204.9729766845703,scaling
3257,0.015234382823109627,0.0022070324048399925,84.74279022216797,0.6535035371780396,0.0029887030832469463,2166.15283203125,microseismic
3258,0.3411329984664917,0.19791026413440704,113.00946044921876,0.03281324729323387,0.05952228605747223,87.9422378540039,blasting
3259,0.30138689279556274,0.09083989262580872,6362.6513671875,0.021030036732554436,0.09287302196025848,331.7994384765625,blasting
3260,0.4839650988578796,0.43191429972648626,411.1551818847656,0.031181875616312024,0.06263641268014908,539.2951049804688,drilling
3261,0.07115238159894943,0.05353518575429916,52.23768615722656,0.27904385328292847,0.006999351549893618,646.4998168945312,scaling
3262,0.3088282942771912,0.015253914520144463,99.46019744873047,0.09223484992980957,0.021175580099225044,327.0425720214844,drilling
3263,0.0004101564700249583,0.0003515626885928213,104.52484130859376,7.116500377655028,0.000274450343567878,4876.18798828125,electric noise
3264,0.26531264185905457,0.225449338555336,5597.203125,0.04637506976723671,0.04211590439081192,241.22483825683597,blasting
3265,0.48242214322090154,0.40648460388183594,102.69198608398436,0.023513829335570332,0.0830627903342247,93.279296875,electric noise
3266,0.01677735336124897,0.010859380476176739,111.2619857788086,0.5425370931625366,0.003599987365305424,953.6665039062499,electric noise
3267,0.04833986982703209,0.007519535254687072,607.0615234375,0.191972479224205,0.010174015536904337,289.6159973144531,blasting
3268,0.4855666756629944,0.3376368880271912,50.4730339050293,0.03062610886991024,0.0637732669711113,518.9812622070312,drilling
3269,0.3690431714057922,0.0016796884592622519,250.59005737304688,0.09421651810407639,0.020730113610625267,18.967969894409176,scaling
3270,0.483769804239273,0.0944727063179016,697.1989135742188,0.029492616653442383,0.066224105656147,386.5474853515625,drilling
3271,0.2889259457588196,0.011054693721234798,3615.8125,0.03483765199780464,0.05606382340192794,110.75502014160156,blasting
3272,0.015214852057397364,0.008046879433095455,50.00631713867188,0.48393240571022034,0.00403594970703125,2366.109130859375,microseismic
3273,0.19791026413440704,0.10003911703824996,57.776615142822266,0.2383936196565628,0.00819285027682781,151.58384704589844,scaling
3274,0.4880471229553223,0.015117195434868336,1561.2523193359375,0.04312950000166893,0.04528516158461571,67.61642456054688,blasting
3275,0.40080100297927856,0.060703158378601074,14.598383903503416,0.037879589945077896,0.05156138539314271,2849.294189453125,electric noise
3276,0.19091807305812836,0.006835941225290298,397.7601623535156,0.1508331447839737,0.012948895804584026,261.8924255371094,scaling
3277,0.48712918162345886,0.3919533491134644,310.1023254394531,0.03587571531534195,0.05444144830107689,244.28837585449216,electric noise
3278,0.3227540850639343,0.005507815629243851,5230.32421875,0.02979518100619316,0.06555214524269104,179.70338439941406,blasting
3279,0.2519727945327759,0.0072070350870490065,67.74386596679688,0.11040491610765456,0.017690645530819893,71.43628692626953,scaling
3280,0.044804710894823074,0.01070313062518835,58.85513687133789,0.5325025916099548,0.0036678260657936335,937.4014282226561,scaling
3281,0.48828151822090154,0.27062514424324036,136.78797912597656,0.019233632832765576,0.10154750943183898,1988.60693359375,drilling
3282,0.4820119738578796,0.12476569414138793,358.3854064941406,0.03173644840717316,0.06154172495007514,1485.4403076171875,drilling
3283,0.2621485888957977,0.015859384089708328,124.89654541015624,0.08448977768421173,0.02311677113175392,762.9260864257811,drilling
3284,0.4840041697025299,0.00152343837544322,359.0185241699219,0.0353747121989727,0.05521214380860329,55.784645080566406,blasting
3285,0.39654317498207087,0.0658203512430191,51.64249801635742,0.07640422880649567,0.025563053786754608,572.4471435546875,scaling
3286,0.48814478516578674,0.24490247666835785,69.63541412353516,0.02418027631938457,0.08077321201562881,1132.860595703125,drilling
3287,0.05222659185528755,0.008886723779141905,2341.1689453125,0.13988138735294342,0.01396272610872984,153.1786651611328,blasting
3288,0.0004101564700249583,5.8593781432136886e-05,483.5779724121094,8.49323558807373,0.0002299625484738499,7314.28173828125,electric noise
3289,0.3448634743690491,0.01384766399860382,385.50979614257807,0.029789572581648823,0.06556430459022522,118.8876266479492,blasting
3290,0.011250006034970284,0.0038476584013551474,81.45036315917967,0.6829237341880798,0.0028599463403224945,2933.331787109375,microseismic
3291,0.3473048806190491,0.0765039473772049,175.88037109375,0.03233029693365097,0.06041156128048897,100.77600860595705,blasting
3292,0.39103537797927856,0.3746095895767212,69.59520721435547,0.052763313055038445,0.037016794085502625,352.90924072265625,scaling
3293,0.4882424473762512,0.2617970108985901,4.809706211090088,0.02449088543653488,0.07974942028522491,921.6732177734376,electric noise
3294,0.48277369141578674,0.219355583190918,1006.9986572265624,0.03204495459794998,0.06094956770539284,1327.7442626953125,drilling
3295,0.3256642520427704,0.0014843757962808013,421.9558410644531,0.32514944672584534,0.006006864830851554,15.353235244750977,scaling
3296,0.48472681641578674,0.28847670555114746,71.69615173339844,0.057329095900058746,0.03406872972846031,82.52070617675781,scaling
3297,0.12001959234476088,0.02169923111796379,201.68437194824216,0.31386491656303406,0.0062228129245340815,133.3115692138672,scaling
3298,0.4262111783027649,0.09925786405801773,92.99490356445312,0.08135558664798737,0.024007270112633705,201.77790832519528,scaling
3299,0.31837907433509827,0.010058599524199963,483.71401977539057,0.0376068651676178,0.05193541198968887,103.6500244140625,blasting
3300,0.4145314693450928,0.09787114709615709,54.64413070678711,0.09491752833127975,0.02057701908051968,151.9788055419922,scaling
3301,0.4879494905471802,0.18445321917533877,1130.6500244140625,0.02319025248289108,0.0842217206954956,2522.802001953125,drilling
3302,0.016425790265202522,0.009589849039912224,129.35092163085935,0.4591809213161469,0.004253497812896967,2130.79541015625,microseismic
3303,0.0002343751257285476,0.00011718756286427379,53.74399185180664,24.96702003479004,7.822823681635782e-05,17066.658203125,electric noise
3304,0.48828151822090154,0.10462896525859831,513.3685302734375,0.02596892789006233,0.07521005719900131,806.9115600585938,drilling
3305,0.45302757620811457,0.06496097147464752,64.89653778076172,0.06035143136978149,0.03236251696944237,589.3681030273438,scaling
3306,0.48828151822090154,0.13279303908348083,60.56928634643555,0.020780924707651135,0.0939866304397583,1931.2629394531248,drilling
3307,0.273242324590683,0.11609381437301636,5584.86767578125,0.03902540355920792,0.050047460943460464,84.17436981201172,blasting
3308,0.010566411539912224,0.003359376918524504,64.2745361328125,0.6848042607307434,0.0028520943596959114,1987.4296875,microseismic
3309,0.4794338643550873,0.09378911554813384,111.73973846435545,0.0486777238547802,0.040123678743839264,208.579345703125,scaling
3310,0.48820337653160095,0.07291019707918166,432.0458679199218,0.021720541641116142,0.08992059528827667,1069.2265625,drilling
3311,0.3877931833267212,0.028730483725667,3466.6220703125,0.03873450681567192,0.050423461943864815,97.99037933349608,blasting
3312,0.48828151822090154,0.17158211767673492,148.0934906005859,0.026353126391768452,0.074113629758358,1548.287109375,drilling
3313,0.48798853158950806,0.3664845824241638,422.91870117187506,0.03034385479986668,0.06436625868082047,1758.238037109375,drilling
3314,0.3999025523662567,0.1230664700269699,7369.157226562499,0.035310164093971246,0.055313289165496826,307.5749206542969,blasting
3315,0.3283009529113769,0.04589846357703209,275.0278015136719,0.030172942206263546,0.06473097205162048,103.56351470947264,blasting
3316,0.3532814383506775,0.10253911465406416,616.6526489257812,0.025115270167589188,0.07776635140180588,113.22417449951172,blasting
3317,0.487676054239273,0.27019545435905457,141.9505157470703,0.019449707120656967,0.1004192754626274,1382.06494140625,drilling
3318,0.37578144669532776,0.0023046887945383787,61.37559509277344,0.052730035036802285,0.03704027459025383,53.2224235534668,electric noise
3319,0.4873635470867157,0.06763675808906555,81.88653564453125,0.021842241287231445,0.0894196480512619,1333.7066650390625,drilling
3320,0.320293128490448,0.1077148988842964,87.34274291992188,0.10086274892091752,0.019364293664693832,84.29778289794922,scaling
3321,0.03234376758337021,0.027714857831597328,100.45826721191406,0.5325681567192078,0.003667372511699796,587.4392700195312,scaling
3322,0.48828151822090154,0.4612697660923004,47.947021484375,0.01858823001384735,0.1050730049610138,1075.199462890625,drilling
3323,0.03625001758337021,0.03072267211973667,91.40602111816406,0.5591686367988585,0.0034929076209664345,799.9996337890626,microseismic
3324,0.46376979351043696,0.02707032673060894,1973.2253417968752,0.03846965730190277,0.0507708117365837,73.31223297119139,blasting
3325,0.2946876585483551,0.008984379470348358,750.4295043945312,0.051227420568466187,0.038126379251480096,84.83558654785155,blasting
3326,0.2818165719509125,0.01837891526520252,51.10885620117188,0.1629292219877243,0.011987597681581974,145.4846954345703,scaling
3327,0.01501953974366188,0.0033398454543203115,59.07216644287109,0.6594790816307068,0.002961618360131979,1731.078369140625,microseismic
3328,0.4878518283367157,0.42091819643974304,78.67700195312499,0.025132201611995697,0.07771413773298262,877.3155517578125,drilling
3329,0.47537136077880854,0.09634770452976227,71.52074432373047,0.05689781531691551,0.03432688117027283,616.3602294921875,scaling
3330,0.26167982816696167,0.2616017162799835,131.26551818847656,1.282914161682129,0.001522407052107155,19.107318878173828,electric noise
3331,0.0069140661507844925,0.002558595035225153,394.0691223144531,0.9746779799461364,0.002003869041800499,2748.021240234375,microseismic
3332,0.48814478516578674,0.31447282433509827,136.487060546875,0.02131959423422813,0.09161172807216643,1868.2980957031248,drilling
3333,0.345566600561142,0.17888681590557098,577.0283813476562,0.031612589955329895,0.061783459037542336,127.32711791992188,blasting
3334,0.04371096193790436,0.019824229180812836,6524.9033203125,0.15212443470954895,0.012839030474424362,388.91845703125,blasting
3335,0.0004687502514570952,7.812504190951586e-05,83.55813598632812,11.792047500610352,0.00016563078679610044,6399.99658203125,electric noise
3336,0.36880880594253534,0.3013673424720764,134.1949920654297,0.034031786024570465,0.05739118531346321,105.745849609375,blasting
3337,0.3357033133506775,0.237890750169754,239.19384765625,0.04609814658761024,0.0423688180744648,44.68231201171875,blasting
3338,0.011054693721234798,0.002363282488659024,182.24774169921875,0.607940673828125,0.003212693845853209,2894.697998046875,microseismic
3339,0.024335950613021847,0.005000002682209015,71.15804290771484,0.3268685340881348,0.005975269712507725,287.6402893066406,scaling
3340,0.0025976577308028936,0.0002343751257285476,5548.96337890625,1.7440245151519775,0.0011198959546163678,1154.8865966796875,electric noise
3341,0.48828151822090154,0.02755860798060894,303.9495544433594,0.014532245695590971,0.13439972698688507,780.2875976562499,drilling
3342,0.21357433497905728,0.008710942231118679,133.2782745361328,0.04515643417835236,0.043252483010292046,126.41968536376952,blasting
3343,0.002929689129814505,0.00228515756316483,230.10128784179688,4.578218460083008,0.0004266125906724482,1365.33251953125,electric noise
3344,0.00031250016763806343,0.00025390638620592654,236.7856292724609,8.770441055297852,0.0002226941578555852,6399.99658203125,electric noise
3345,0.48744165897369374,0.08173832297325134,729.461181640625,0.02967855334281921,0.06580956280231476,779.5805053710938,drilling
3346,0.03947267681360245,0.0011523443972691891,165.6502685546875,0.6541854739189148,0.002985584083944559,658.6834716796875,microseismic
3347,0.034511737525463104,0.02144532464444637,16.40882110595703,0.22449092566967008,0.008700241334736347,318.7321472167969,scaling
3348,0.36677753925323486,0.003906251862645149,64.67584991455078,0.16070978343486783,0.012153117917478085,185.3984832763672,scaling
3349,0.00011718756286427379,5.8593781432136886e-05,92.12026977539062,26.86886215209961,7.26910584489815e-05,17066.658203125,electric noise
3350,0.0005664065247401595,0.0005078127724118531,53.44250488281249,8.648035049438477,0.00022584623366128653,3531.03271484375,electric noise
3351,0.3886916041374207,0.013066412881016731,115.57986450195312,0.023865725845098492,0.08183806389570236,138.92762756347656,blasting
3352,0.48792994022369374,0.3956056833267212,57.219947814941406,0.015964191406965256,0.1223442330956459,827.9877319335938,drilling
3353,0.37554708123207087,0.010156255215406416,102.7581787109375,0.08191077411174774,0.02384467050433159,79.88346099853516,scaling
3354,0.058261748403310776,0.006718753837049008,167.33900451660156,0.1633146107196808,0.011959271505475044,308.9505615234375,electric noise
3355,0.3797072470188141,0.14587898552417755,197.9322662353516,0.033931545913219445,0.0575605183839798,115.87874603271484,blasting
3356,0.48820337653160095,0.31837907433509827,90.0338134765625,0.019393932074308395,0.10070779919624329,1810.7208251953125,drilling
3357,0.487187772989273,0.2750391960144043,86.6847457885742,0.027659606188535687,0.07061292231082916,679.4094848632812,drilling
3358,0.48548853397369374,0.4140431880950928,222.6591339111328,0.027330312877893448,0.07146383821964264,1136.9990234375,drilling
3359,0.3881642818450928,0.020898448303341866,328.6651306152344,0.035861529409885406,0.054462686181068413,115.9302978515625,blasting
3360,0.014628914184868336,0.005390627775341272,190.27975463867188,0.5829787850379944,0.003350253216922283,2392.52197265625,microseismic
3361,9.765630238689482e-05,5.8593781432136886e-05,139.5717010498047,48.978809356689446,3.987695527030155e-05,20479.98828125,electric noise
3362,0.1663086861371994,0.05068362131714821,163.48194885253906,0.054464034736156464,0.03586087003350258,126.2712173461914,blasting
3363,0.002558595035225153,0.0004882814828306437,91.85433197021484,2.635071992874145,0.0007412037812173367,781.6790161132812,electric noise
3364,0.0004882814828306437,0.0003320314281154424,125.0978546142578,6.0406174659729,0.0003233321476727724,4095.998046875,electric noise
3365,0.015820320695638657,0.0049414089880883685,82.28201293945312,0.6321606040000916,0.0030896004755049944,1959.5051269531248,microseismic
3366,0.25250014662742615,0.00228515756316483,172.42608642578125,0.09482906013727187,0.02059626206755638,637.6234130859375,drilling
3367,0.234961062669754,0.0016210946487262845,1518.4468994140625,0.07281763106584549,0.02682216838002205,114.91265869140624,blasting
3368,0.3415236175060272,0.009589849039912224,130.9229278564453,0.05206422507762909,0.03751388937234879,73.20137786865233,blasting
3369,0.050078153610229485,0.018417978659272197,59.14928817749024,0.18632344901561737,0.010482425801455975,239.6254425048828,scaling
3370,0.4735744595527649,0.0972852110862732,66.07135009765625,0.042450129985809326,0.0460098572075367,610.2525024414064,scaling
3371,0.011406255885958672,0.0029687515925616026,330.9739990234375,0.7849615216255189,0.0024881812278181314,2717.806884765625,microseismic
3372,0.37818378210067755,0.00017578134429641068,475.28491210937506,0.21445101499557492,0.009107566438615322,7.932651042938232,electric noise
3373,0.42054709792137146,0.1929883807897568,82.40021514892578,0.10070914775133132,0.019393684342503548,149.8048553466797,scaling
3374,0.01156250573694706,0.001933594816364348,256.2484436035156,0.7368357181549072,0.002650692127645016,3113.511962890625,microseismic
3375,0.48806667327880854,0.02902345359325409,155.3390350341797,0.02360476739704609,0.08274329453706741,1387.1055908203125,drilling
