ID,Duration,Rising_time,Absolute_amplitude,Relative_amplitude,Pseudo_energy,Pseudo_freq,Label
1,0.4882815182209015,0.0489062778651714,87.31944274902342,0.019629132002592,0.099501259624958,540.6716918945312,2
2,0.4433205425739288,0.0818555131554603,54.576271057128906,0.0760050937533378,0.0256974846124649,279.7073059082031,3
3,0.0162500087171793,0.0057226591743528,57.395706176757805,0.5432195663452148,0.0035954609047621,2153.844970703125,0
4,0.050585962831974,0.0042773461900651,64.88894653320312,0.2837866246700287,0.0068823718465864,355.8299255371094,0
5,0.2854493856430053,0.169414147734642,169.0138397216797,0.0332946591079235,0.0586619228124618,126.11692810058592,1
6,0.005312502849847,0.0023046887945383,190.05047607421875,1.6492450237274168,0.0011842548847198,2823.52783203125,0
7,0.4836330711841583,0.1790039986371994,413.93264770507807,0.0280948709696531,0.0695187225937843,1612.79296875,2
8,0.4875783920288085,0.3162696957588196,311.7055053710937,0.0280616600066423,0.0696009621024131,1767.9208984375,2
9,0.0164257902652025,0.0036328143905848,88.78211975097656,0.5805431604385376,0.0033643068745732,1887.2760009765625,0
10,0.3656056523323059,0.0096093798056244,257.0332946777344,0.0440572202205658,0.0443316288292408,76.58525085449217,1
11,0.1560743004083633,0.1325000673532486,3435.70068359375,0.0646050870418548,0.0302317440509796,166.5873260498047,1
12,0.2377735674381256,0.1243945956230163,2499.27685546875,0.050389464944601,0.0387605987489223,126.17045593261716,1
13,0.4191994369029999,0.2026563584804535,306.28924560546875,0.0430313721299171,0.0453882589936256,50.09548568725586,1
14,0.0112890684977173,0.0020117198582738,66.10464477539062,0.8355365395545958,0.002337570535019,3277.5068359375,0
15,0.4882815182209015,0.1244727224111557,358.38604736328125,0.0271683037281036,0.0718900561332702,1419.26318359375,2
16,0.0164453219622373,0.0018359385430812,119.57682800292967,0.5339364409446716,0.0036579729057848,790.4983520507811,0
17,0.3870119154453277,0.0016406258800998,72.42845916748048,0.1439945697784423,0.0135638527572155,43.92629623413086,3
18,0.4882815182209015,0.0553515926003456,63.49818420410156,0.0378528796136379,0.0515980198979377,294.9118347167969,3
19,0.4878127574920654,0.3908791244029999,51.36429214477539,0.0242234114557504,0.0806298777461051,608.8401489257812,2
20,0.3865236341953277,0.2508204579353332,141.60079956054688,0.1096177473664283,0.0178176648914814,41.394622802734375,4
21,0.439961165189743,0.4141408503055573,58.77849578857422,0.0840568244457244,0.0232356861233711,72.73369598388672,3
22,0.3507032990455627,0.0647461265325546,54.68966674804688,0.1348016113042831,0.0144888926297426,74.13674163818358,3
23,0.4366799294948577,0.060507845133543,64.87232971191406,0.0957016572356224,0.0204084739089012,247.3207397460937,3
24,0.1309766322374344,0.0834961384534835,132.43911743164062,0.1711776107549667,0.0114099318161606,603.1610107421875,3
25,0.3137501776218414,0.0115234432741999,156.64390563964844,0.0383400432765483,0.0509423054754734,66.93223571777344,1
26,0.311015784740448,0.0008398442296311,75.69504547119139,0.1610615700483322,0.0121265947818756,196.13153076171875,3
27,0.2931447029113769,0.0002148438652511,56.34552001953125,0.0631575733423232,0.0309247821569442,44.34669876098633,4
28,0.012207037769258,0.0047070337459445,209.019271850586,0.5557035803794861,0.0035146931186318,491.5197448730469,3
29,0.0004101564700249,9.765630238689482e-05,55.19319534301758,19.62315940856933,9.95316804619506e-05,7314.28173828125,4
30,0.2131837010383605,0.0034765643067657,86.83927917480467,0.1123900413513183,0.0173780769109725,37.526321411132805,4
31,0.0004101564700249,0.0001171875628642,1418.5570068359375,5.6535964012146,0.0003454661928117,4876.18798828125,4
32,0.2495899796485901,0.1129102185368538,833.8695068359374,0.0591551698744296,0.0330171510577201,108.1774215698242,1
33,0.3194728195667267,0.2811524868011474,2753.623291015625,0.0419957861304283,0.046507678925991,147.11737060546875,1
34,0.3746095895767212,0.0527539327740669,296.0714416503906,0.1021512076258659,0.0191199537366628,152.15841674804688,3
35,0.1911329180002212,0.1650977432727813,1010.1226806640624,0.0510686375200748,0.0382451340556144,193.5825653076172,1
36,0.0114257875829935,0.0048046899028122,58.68679428100586,0.817700684070587,0.002388559281826,2100.51171875,0
37,0.4878713488578796,0.099941462278366,50.27462768554688,0.018843725323677,0.1036494821310043,1373.3128662109375,2
38,0.4872854053974152,0.0302734542638063,1122.5509033203125,0.0351794175803661,0.055518839508295,1190.267578125,2
39,0.002089844783768,0.0001367188233416,1400.6983642578125,2.122906684875488,0.0009200248750858,1435.5133056640625,4
40,0.0157226640731096,0.0016406258800998,182.0126342773437,0.5952193737030029,0.003281356068328,1908.0736083984373,0
41,0.4882424473762512,0.0876953601837158,53.47977066040039,0.0140245798975229,0.139264553785324,649.267578125,2
42,0.4806252717971802,0.2507423162460327,775.7428588867188,0.0394011102616786,0.0495700798928737,230.9491577148437,2
43,0.0430664308369159,0.0381250195205211,165.3679046630859,0.7925080060958862,0.0024644897785037,255.4193572998047,3
44,0.4874612092971802,0.2333204448223114,58.82287597656249,0.0240793488919734,0.0811115205287933,531.3243408203125,2
45,0.3053126633167267,0.0050390651449561,66.55809783935547,0.2160195708274841,0.0090414071455597,36.02864074707031,3
46,0.0175976660102605,0.0097070364281535,78.16085052490233,0.6180055141448976,0.003160370979458,568.2572021484375,3
47,0.0124804750084877,0.0047656274400651,111.62799072265624,0.6437038779258728,0.0030341979581862,2804.38037109375,0
48,7.812504190951586e-05,3.906252095475793e-05,50.03095626831056,41.916259765625,4.6595905587309965e-05,25599.986328125,4
49,0.0135742258280515,0.0042578149586915,402.7453308105469,0.722607672214508,0.0027028855402022,1547.049560546875,0
50,0.4875783920288085,0.2000782340764999,414.8648071289063,0.0306895058602094,0.0636412799358367,1402.851318359375,2
51,0.4307619631290436,0.2316016852855682,305.68505859375,0.085522897541523,0.0228374693542718,260.00439453125,3
52,0.4660744667053223,0.3145509362220764,81.96708679199217,0.0176676418632268,0.1105478703975677,622.2181396484375,2
53,0.2095313668251037,0.0030664079822599,86.13957214355469,0.2474267333745956,0.0078937634825706,229.08264160156247,0
54,0.0143164135515689,0.000156250083819,102.62382507324216,0.5905762910842896,0.0033071553334593,209.54968261718756,4
55,0.4784182310104369,0.4516408741474152,77.45185852050781,0.0512226708233356,0.0381299555301666,384.60073852539057,3
56,0.0691601932048797,0.0411523655056953,129.26966857910156,0.2801352739334106,0.0069720726460218,578.3673706054688,3
57,0.4882229268550873,0.0725195705890655,158.47406005859375,0.0227400660514831,0.0858890637755394,1593.5343017578125,2
58,0.0002539063862059,0.0001953126047737,123.95442199707033,12.03359031677246,0.0001623061689315,7876.918945312499,4
59,0.000156250083819,9.765630238689482e-05,2551.061279296875,23.60770797729492,8.273255662061274e-05,12799.9931640625,4
60,0.4868557155132293,0.4775393307209015,216.20606994628903,0.0239681899547576,0.0814883187413215,1164.6160888671875,2
61,0.4880666732788085,0.2384766936302184,272.934814453125,0.0183089226484298,0.1066757664084434,1729.27197265625,2
62,0.2785548269748688,0.2325977832078933,82.41732025146483,0.0763003453612327,0.0255978554487228,262.06689453125,3
63,0.4802736937999725,0.4322072565555573,80.09214782714844,0.0425757765769958,0.0458742082118988,220.70748901367188,3
64,0.025292981415987,0.0129882879555225,210.9482421875,0.6091438531875609,0.0032063401304185,1225.636474609375,0
65,0.4873439967632293,0.1421875804662704,265.61297607421875,0.0192845091223716,0.1012790724635124,1491.7593994140625,2
66,0.3307619094848633,0.2688868641853332,7435.89599609375,0.0195548254996538,0.0998791828751564,776.9939575195312,1
67,0.4863869845867157,0.030878921970725,220.6885223388672,0.0489446260035038,0.0399047844111919,22.61573600769043,4
68,0.0018945322372019,0.0017187509220093,118.88272094726562,1.428556203842163,0.0013672021450474,1055.6695556640625,4
69,0.4853908717632293,0.3342579901218414,67.14183044433594,0.2359213232994079,0.0082786967977881,92.70878601074216,4
70,0.0137695390731096,0.0048242211341857,54.40159606933594,0.6992279887199402,0.0027932615485042,2251.34619140625,0
71,0.0008203129400499,0.0005468752933666,124.13705444335936,10.170242309570312,0.0001920432405313,3657.140869140625,4
72,0.3063087463378906,0.0052929716184735,6199.02392578125,0.0318024419248104,0.0614144392311572,169.7633514404297,1
73,0.4200588166713714,0.0424218960106372,65.30574035644531,0.0668504834175109,0.029216218739748,104.74723815917967,3
74,0.0665234699845314,0.0501172132790088,201.6499481201172,0.2272819429636001,0.0085934232920408,195.4197540283203,3
75,0.4882815182209015,0.3347267508506775,56.29743957519531,0.0173955615609884,0.1122767850756645,1128.4473876953125,2
76,0.488164335489273,0.3793361485004425,256.15673828125,0.0222320556640625,0.0878519639372825,2435.6552734375,2
77,0.0308203287422657,0.005000002682209,64.9249496459961,0.2608242630958556,0.007488293107599,324.461181640625,0
78,0.3187696933746337,0.0008007816504687,70.34274291992188,0.0615438036620616,0.0317357629537582,65.87828063964844,4
79,0.4882229268550873,0.2649610936641692,262.6963806152344,0.0226100478321313,0.0863836109638214,1618.11328125,2
80,0.351230651140213,0.1108789667487144,187.77130126953125,0.0249121859669685,0.0784000679850578,125.2738037109375,1
81,0.4494924247264862,0.0967969298362732,69.39484405517578,0.0847313329577446,0.0230508297681808,153.50648498535156,3
82,0.4881447851657867,0.1042578667402267,98.15995788574216,0.0207569617778062,0.0940948948264121,2036.2811279296875,2
83,0.3410744071006775,0.2719337344169616,363.1878662109375,0.0278676897287368,0.0700852945446968,137.7998504638672,1
84,0.4812111854553223,0.0725586339831352,104.41413879394533,0.0347012393176555,0.0562843233346939,180.79380798339844,3
85,0.0062695345841348,0.0031640641391277,53.64640426635742,1.2196649312973022,0.0016013615531846,3509.032470703125,0
86,0.0002539063862059,0.0001953126047737,4874.275390625,11.081305503845217,0.0001762541214702,7876.918945312499,4
87,0.4882815182209015,0.4570705592632293,1153.14453125,0.0275906380265951,0.0707894414663314,1529.8551025390625,2
88,0.4799611866474152,0.4274221062660217,60.47643280029297,0.0322095863521099,0.0606380254030227,556.2949829101562,2
89,0.487676054239273,0.099707081913948,50.520286560058594,0.0189596451818943,0.1030147746205329,510.5848388671875,2
90,0.484746366739273,0.4542189836502075,107.67217254638672,0.0269161239266395,0.072563536465168,1881.3962402343752,2
91,0.0136914132162928,0.0028906264342367,264.4499816894531,0.7541274428367615,0.0025899142492562,1825.9620361328125,0
92,0.4882229268550873,0.2338087260723114,5388.529296875,0.091135062277317,0.0214311778545379,28.675424575805664,1
93,0.4882815182209015,0.0270898584276437,246.5875701904297,0.0240838322788476,0.0810970142483711,116.7359390258789,1
94,0.3483791053295135,0.1443360149860382,158.67539978027344,0.0297149550169706,0.0657283067703247,83.2426528930664,1
95,0.4651564955711365,0.0958594232797622,55.47649383544922,0.0715238898992538,0.027307542040944,88.14237976074217,3
96,0.4882229268550873,0.440644770860672,67.84664916992188,0.0202817879617214,0.0962994396686554,1138.823974609375,2
97,0.4876174628734588,0.4001369476318359,52.176319122314446,0.019209424033761,0.1016752123832702,490.1383056640625,2
98,0.4855861961841583,0.4652150869369506,123.54433441162108,0.0237306486815214,0.082303948700428,772.262451171875,2
99,0.2412110716104507,0.003378908149898,77.73502349853516,0.323967546224594,0.0060288007371127,116.0809097290039,3
100,0.3700978457927704,0.0537695586681366,202.4411163330078,0.0259322114288806,0.0753161087632179,113.48350524902344,1
101,0.2650782763957977,0.0810547322034835,3419.37255859375,0.0445161610841751,0.0438745208084583,150.89881896972656,1
102,0.0072656287811696,0.0067968787625432,71.79852294921875,4.862744331359863,0.0004016511084046,688.1716918945312,4
103,0.4869533777236937,0.466992437839508,5890.42724609375,0.067440927028656,0.0289605055004358,45.17886352539063,1
104,0.3863869309425353,0.1237695962190628,346.39324951171875,0.0302478373050689,0.0645710453391075,103.5231704711914,1
105,0.4837893247604369,0.0796875432133674,938.641357421875,0.0359690561890602,0.0542999915778636,1203.0029296875,2
106,0.0072851600125432,0.0025781262665987,75.91988372802734,1.6222540140151975,0.0012039574794471,2882.572265625,0
107,0.4882815182209015,0.1704883724451065,779.2877197265626,0.0185973849147558,0.1050219684839248,2146.302734375,2
108,0.478691667318344,0.1493164896965026,145.53555297851562,0.0473699755966663,0.0412312373518943,407.3603515625,4
109,0.2584181129932403,0.0821875408291816,53.167755126953125,0.0694455727934837,0.0281245373189449,201.2242889404297,3
110,0.2668360769748688,0.1517774313688278,178.2875823974609,0.0885375812649726,0.0220598578453064,48.71904754638672,4
111,0.0110156312584877,0.0026367201935499,91.79054260253906,0.6732080578804016,0.0029012225568294,2541.842529296875,0
112,0.4208400547504425,0.1343555450439453,281.87872314453125,0.0298186708241701,0.0655004680156707,125.93858337402344,1
113,0.0005664065247401,0.0005078127724118,3969.791748046875,6.760016918182373,0.0002889232418965,3531.03271484375,4
114,0.4867580831050873,0.0241015758365392,222.6620330810547,0.0285467021167278,0.0684182047843933,76.01312255859375,1
115,0.4858987033367157,0.419941633939743,361.74603271484375,0.0208871345967054,0.0935087129473686,1014.61474609375,2
116,0.0044921897351741,0.0012500006705522,82.32677459716797,2.127146482467652,0.0009181910427287,3561.7373046875,0
117,0.4478127360343932,0.0670117512345314,56.24807357788086,0.0842640250921249,0.0231787003576755,227.77378845214844,3
118,0.1670313328504562,0.1619727462530136,98.01263427734376,0.3076537549495697,0.0063484422862529,107.76421356201172,3
119,0.4882815182209015,0.4735940098762512,288.89324951171875,0.0215436816215515,0.090658999979496,1771.51904296875,2
120,0.3194728195667267,0.0002539063862059,102.86975860595705,0.0786201432347297,0.0248426720499992,532.1266479492188,2
121,0.4880080819129944,0.3670900464057922,1143.1595458984375,0.0219569969922304,0.0889526233077049,1563.4986572265625,2
122,0.4869729280471802,0.3120314180850982,1218.7784423828125,0.0312539115548133,0.0624924190342426,1747.5303955078125,2
123,0.0150781329721212,0.0009179692715406,54.29377365112305,0.4511044323444366,0.0043296557851135,198.963623046875,3
124,0.0017968759639188,0.0017187509220093,77.6191177368164,3.598374128341675,0.000542780268006,2782.607177734375,4
125,0.2056641727685928,0.1140820905566215,73.27125549316406,0.0423553809523582,0.0461128763854503,126.41968536376952,1
126,0.389980673789978,0.0062109408900141,137.18858337402344,0.0312551334500312,0.0624900572001934,97.44072723388672,1
127,0.0115820374339818,0.0037109395489096,252.93472290039065,0.6298435926437378,0.0031009712256491,2244.85546875,0
128,0.0681836307048797,0.0069921910762786,60.27365493774414,0.1209144964814186,0.0161529295146465,234.66043090820312,3
129,0.4239259958267212,0.0090625043958425,6201.5078125,0.0319038666784763,0.0612190440297126,191.07109069824216,1
130,0.4850198030471802,0.2558595240116119,170.17266845703125,0.0268988609313964,0.0726098716259002,1521.58740234375,2
131,0.0306836105883121,0.0026367201935499,127.30044555664062,0.6314992308616638,0.0030928351916372,684.4044799804688,0
132,0.000156250083819,7.812504190951586e-05,220.3963928222656,19.119049072265625,0.0001021560237859,12799.9931640625,4
133,0.3794728517532348,0.0097265681251883,198.50607299804688,0.0263155084103345,0.0742196291685104,144.9379119873047,1
134,0.4873049557209015,0.3063478171825409,176.29190063476562,0.0198675394058227,0.0983075350522995,1853.0490722656248,2
135,0.3138087689876556,0.0091406302526593,1297.79736328125,0.0549740567803382,0.0355282463133335,57.35977554321289,1
136,0.0283203274011611,0.0010546881239861,96.04988098144533,0.7257331609725952,0.0026912412140518,388.41357421875,0
137,0.4874416589736937,0.2930274903774261,56.00767517089844,0.022536963224411,0.0866628363728523,695.4678344726562,2
138,0.3430861234664917,0.2231055945158004,132.19590759277344,0.0269175246357917,0.0725594311952591,104.92992401123044,1
139,0.0684961304068565,5.8593781432136886e-05,2363.668212890625,2.001997470855713,0.0009755879873409,58.3974609375,4
140,0.2024805843830109,0.0040039084851741,64.90281677246094,0.1237463429570198,0.0157832708209753,518.5682373046875,2
141,0.067050814628601,0.0001171875628642,70.11337280273438,0.8877204060554504,0.0022001594770699,134.2265625,3
142,0.4763869643211365,0.2370899766683578,89.35490417480467,0.0202114973217248,0.0966344252228736,132.2454376220703,1
143,0.4864846467971802,0.2356641888618468,124.12702941894533,0.032490711659193,0.0601135045289993,976.392578125,3
144,0.3489064276218414,0.0987500548362732,67.28905487060547,0.2518563866615295,0.0077548879198729,128.9744110107422,3
145,0.2007618248462676,0.0026171889621764,389.1995849609375,0.2552917003631592,0.0076505686156451,403.4631652832031,2
146,0.2964845299720764,0.0087695363909006,3395.279052734375,0.0533950626850128,0.036578707396984,104.55857849121092,1
147,0.4882815182209015,0.0596680007874965,243.60549926757807,0.0300672482699155,0.0649586096405983,79.87195587158203,1
148,0.3345900177955627,0.320781409740448,64.31562805175781,0.0665123164653778,0.0293650180101394,71.72957611083984,3
149,0.3754884898662567,0.0283984523266553,61.24620056152344,0.0749595165252685,0.0260556861758232,98.5383071899414,3
150,0.4770705699920654,0.2090040147304535,1616.6915283203125,0.0492913350462913,0.0396242886781692,60.78765106201172,1
151,0.2650977969169616,0.0409375205636024,54.87393951416016,0.2117594182491302,0.009223286062479,79.21604919433594,3
152,0.4875979125499725,0.0562890917062759,95.29402923583984,0.0240748114883899,0.0811272040009498,1343.3199462890625,2
153,0.3259962797164917,0.018535166978836,77.73758697509764,0.0761848837137222,0.0256365910172462,337.4271545410156,3
154,0.4880276024341583,0.4687697887420654,58.434383392333984,0.0230125654488801,0.0848720669746398,692.5838012695312,2
155,0.4879494905471802,0.4388283491134644,137.10781860351562,0.0604916252195835,0.0322874449193477,643.5092163085938,2
156,0.0102929743006825,0.0045507838949561,76.56615447998048,1.008029222488403,0.0019375695846974,1651.612060546875,0
157,0.3871681690216064,0.0658398792147636,62.29363250732422,0.0792522057890892,0.0246445387601852,284.1142578125,3
158,0.1453125774860382,0.1451563239097595,228.7841033935547,1.1946204900741575,0.001634934800677,41.29030227661133,4
159,0.4226955473423004,0.1114258393645286,90.39704895019533,0.0599819235503673,0.032562181353569,586.710693359375,3
160,0.4865627586841583,0.1000781804323196,57.75478744506836,0.04178187251091,0.0467455796897411,487.09030151367193,3
161,0.4837502539157867,0.0955664590001106,55.00085449218751,0.0307476092129945,0.0635214075446128,173.64332580566406,4
162,0.4872072935104369,0.4589650928974152,62.84102630615234,0.0175818186253309,0.111087791621685,1165.8282470703125,2
163,0.4879299402236937,0.069941446185112,100.06925201416016,0.0336938574910163,0.0579668693244457,245.9369506835937,3
164,0.4668361842632293,0.0843164548277854,51.02699661254882,0.0442103669047355,0.0441780425608158,156.37176513671875,3
165,0.0041601583361625,0.0002539063862059,132.2891082763672,2.1320934295654297,0.0009160598856396,4086.3828125,0
166,0.487402617931366,0.0373242385685443,77.71907806396483,0.0281004272401332,0.0695050582289695,558.0601806640625,2
167,0.4840432405471802,0.4182228744029999,464.7156066894531,0.0202733799815177,0.0963393822312355,1055.6907958984375,2
168,7.812504190951586e-05,3.906252095475793e-05,122.28483581542967,42.428726196289055,4.603310662787408e-05,25599.986328125,4
169,0.1511914879083633,0.0078710978850722,59.094505310058594,0.1569787412881851,0.0124419331550598,66.14128875732422,3
170,0.4876174628734588,0.2621095180511474,196.5657501220703,0.0239340681582689,0.081604853272438,2093.8544921875,2
171,0.4831838607788085,0.0952344238758087,60.47743606567384,0.0347614921629428,0.0561865828931331,755.406005859375,3
172,0.2950392067432403,3.906252095475793e-05,145.2115020751953,1.2064365148544312,0.0016189164016395,20.336280822753903,4
173,0.444843977689743,0.2044532299041748,1723.92333984375,0.0427422858774662,0.0456954725086688,128.1348114013672,1
174,0.474336177110672,0.4693166613578796,50.46390914916992,0.040708739310503,0.0479781180620193,257.2015380859375,3
175,0.4876369833946228,0.2994337677955627,104.57679748535156,0.0215691216289997,0.0905519500374793,2110.17626953125,2
176,0.000156250083819,7.812504190951586e-05,61.942359924316406,21.78603744506836,8.96503624971956e-05,12799.9931640625,4
177,0.3454494178295135,0.0108398497104644,143.8970947265625,0.0289458576589822,0.0674750879406929,81.0538330078125,1
178,0.4882815182209015,0.3746877014636993,220.2958984375,0.0205247048288583,0.0951597839593887,1568.76708984375,2
179,0.4852736890316009,0.2251173108816146,1601.3394775390625,0.0573611818253994,0.0340496264398098,63.88147735595703,1
180,0.4877541661262512,0.2343165278434753,624.2699584960938,0.0225618816912174,0.0865673273801803,1621.7186279296875,2
181,0.1093945875763893,0.0135351633653044,102.23026275634764,0.1571983397006988,0.0124245658516883,548.4732055664064,3
182,0.0001171875628642,5.8593781432136886e-05,116.9762496948242,28.24763870239257,6.914297409821302e-05,17066.658203125,4
183,0.1957422941923141,0.0050781276077032,145.54193115234375,0.0824473425745964,0.0236894711852073,250.32913208007807,3
184,0.0030859392136335,0.0016601571114733,107.06501770019533,1.963555097579956,0.0009946887148544,1296.2017822265625,0
185,0.4873439967632293,0.2157032340764999,85.79425811767578,0.0209513492882251,0.0932218208909034,1233.2152099609375,2
186,0.4882815182209015,0.1078320890665054,73.67066192626953,0.0154171558097004,0.1266856789588928,702.463623046875,2
187,0.459160417318344,0.4348830580711365,80.0541000366211,0.0542574562132358,0.0359973572194576,320.1495361328125,2
188,0.4874416589736937,0.2346290349960327,779.8225708007811,0.025851422920823,0.0755518898367881,1325.286865234375,2
189,0.4880861937999725,0.000156250083819,235.797592163086,0.0235098674893379,0.0830767601728439,2046.7696533203125,2
190,0.4666604101657867,0.0924805179238319,55.92326736450195,0.0812745690345764,0.024031214416027,165.00221252441406,3
191,0.4877150952816009,0.2995314002037048,330.87469482421875,0.0269403252750635,0.0724983066320419,1568.5386962890625,2
192,0.4867190122604369,0.4490236639976501,116.26754760742188,0.020582465454936,0.0948923975229263,441.7333068847656,2
193,0.3435744047164917,0.3434767425060272,61.31858444213867,0.5421149730682373,0.0036027831956744,11.642311096191406,4
194,0.0382031463086605,0.002792970277369,256.62310791015625,0.3393898606300354,0.005754814017564,366.46197509765625,3
195,0.3146876692771912,0.0099804736673831,7412.55224609375,0.0208193641155958,0.0938126146793365,724.5278930664062,1
196,0.487480729818344,0.4201564788818359,118.20133972167967,0.0424357242882251,0.0460255928337574,369.24536132812494,2
197,0.0163867268711328,0.0089843794703483,85.12911987304686,0.4386223256587982,0.0044528655707836,2502.02490234375,0
198,0.000156250083819,9.765630238689482e-05,86.30625915527342,22.716209411621094,8.597940905019641e-05,12799.9931640625,4
199,0.4774221181869506,0.0996680185198783,89.96864318847656,0.0600877217948436,0.0325045585632324,203.17449951171875,3
200,0.1644336879253387,0.08677738904953,54.616058349609375,0.0649316236376762,0.0300797205418348,273.66653442382807,3
201,0.4882815182209015,0.4380666315555573,425.2793884277344,0.0246686562895774,0.0791743770241737,1048.575439453125,2
202,0.4631838500499725,0.1050586476922035,88.4588394165039,0.0624207183718681,0.0312896147370338,414.5222167968751,2
203,0.4876369833946228,0.1191016286611557,89.82440948486328,0.0197001956403255,0.0991421416401863,1394.47998046875,2
204,0.000312500167638,3.906252095475793e-05,65.68628692626953,11.779908180236816,0.0001658014662098,6399.99658203125,4
205,0.4880276024341583,0.1575391441583633,119.41478729248044,0.0195737984031438,0.0997832342982292,1020.43408203125,2
206,0.4185158610343932,0.0642773807048797,141.50161743164062,0.0881659463047981,0.0221528951078653,234.1607818603516,3
207,0.486992448568344,0.1074414625763893,179.70388793945312,0.025243641808629,0.0773712769150734,1209.46435546875,2
208,7.812504190951586e-05,1.9531260477378964e-05,208.2969665527344,38.70450973510742,5.046249134466052e-05,25599.986328125,4
209,0.4881838560104369,0.2545704543590545,179.10337829589844,0.0197145026177167,0.0990704372525215,1694.033935546875,2
210,0.4779494702816009,0.3461720645427704,118.0024642944336,0.0234817210584878,0.0831763744354248,602.5741577148438,4
211,0.4878127574920654,0.4249807000160217,435.5318603515625,0.0303675476461648,0.0643161013722419,1398.077392578125,2
212,0.4815822839736937,0.3989064693450928,203.5673217773437,0.0319148115813732,0.0611979030072689,1077.697509765625,2
213,0.4077736437320708,0.0777734816074371,64.64483642578125,0.0935639813542366,0.0208746828138828,250.13877868652344,3
214,0.0154296960681676,0.0050195339135825,1252.1937255859375,5.550222396850586,0.0003519001184031,259.2403564453125,4
215,0.3537501990795135,0.0703125372529029,51.491153717041016,0.0677036643028259,0.0288480054587125,115.90099334716795,3
216,0.3475783169269562,0.0457422137260436,337.9646911621094,0.0321116484701633,0.0608231909573078,92.06558227539062,1
217,0.2618946731090545,0.1181445941329002,72.61874389648438,0.0312955789268016,0.0624090917408466,187.09811401367188,1
218,0.3431447148323059,0.1264258474111557,77.69776153564453,0.0502971820533275,0.038831740617752,64.1128921508789,4
219,0.1899219751358032,0.1721680611371994,79.75961303710938,0.0853034406900405,0.0228962395340204,415.9602966308594,3
220,0.4753518104553223,0.100195363163948,65.90723419189453,0.0343439020216464,0.0568695254623889,96.77043151855467,4
221,0.4870510399341583,0.1242188140749931,178.69834899902344,0.0217762310057878,0.0896904245018959,1642.538330078125,2
222,0.0001171875628642,5.8593781432136886e-05,151.03164672851562,25.635746002197266,7.618760719196872e-05,17066.658203125,4
223,0.2171094864606857,0.0104101616889238,63.80561065673828,0.1717375665903091,0.0113727785646915,280.9642333984375,3
224,0.0033007829915732,0.0005078127724118,86.59121704101561,2.739588499069213,0.0007129266159608,4847.3349609375,0
225,0.4055275619029999,0.0187890734523534,82.82613372802734,0.0210734121501445,0.0926822423934936,145.489501953125,1
226,0.3917580246925353,0.115644596517086,76.259765625,0.0337431542575359,0.0578826107084751,68.92009735107422,1
227,0.4881252646446228,0.378457248210907,880.8211669921875,0.0151960393413901,0.1285285502672195,2146.989990234375,2
228,0.4882815182209015,0.2243360579013824,235.19381713867188,0.0214356631040573,0.0911160558462142,880.6395263671875,2
229,0.4532229006290436,0.0993750542402267,67.99806213378906,0.0658820495009422,0.0296459477394819,364.0592651367188,3
230,0.022851575165987,0.009902348741889,132.64694213867188,0.31850665807724,0.0061321309767663,262.56396484375,3
231,0.0054492214694619,0.0003320314281154,233.97587585449216,0.6795148849487305,0.0028742963913828,367.02490234375,4
232,0.4756057262420654,0.0882812961935997,64.8244857788086,0.0160031057894229,0.1220472380518913,134.56524658203125,4
233,0.2669923305511474,0.0222461055964231,121.5439453125,0.1239840611815452,0.0157530419528484,198.507568359375,4
234,0.1275000721216201,5.8593781432136886e-05,3903.718994140625,6.352663040161133,0.0003074510896112,31.37253189086914,4
235,0.3038282990455627,0.0086328173056244,6046.72216796875,0.0359244756400585,0.0543674826622009,197.4799652099609,1
236,0.3995119333267212,0.1679297834634781,5052.7373046875,0.0973329320549964,0.0200663618743419,22.52748680114746,4
237,0.4816604256629944,0.0251562632620334,88.97821044921875,0.0283001828938722,0.0690144822001457,107.95987701416016,4
238,0.4879299402236937,0.1343946009874344,12.804365158081056,0.0305373724550008,0.0639588609337806,1828.13134765625,3
239,0.1996485441923141,0.0900781750679016,147.2366485595703,0.1513155698776245,0.0129076018929481,25.04401016235352,4
240,0.3126954734325409,0.2876368761062622,101.51194763183592,0.0988832935690879,0.0197518467903137,326.1959533691406,3
241,0.1934961974620819,0.0996484905481338,59.77428817749024,0.3127149641513824,0.0062457043677568,165.3779296875,3
242,0.0001757813442964,5.8593781432136886e-05,50.045806884765625,26.980653762817383,7.238987018354237e-05,11377.771484375,4
243,0.3115236163139343,0.0997266173362732,64.16255950927734,0.1126165986061096,0.017343183979392,121.98112487792967,3
244,0.4270900785923004,0.3344923555850982,6157.57373046875,0.0411033295094966,0.0475171543657779,124.09560394287108,1
245,0.1843555718660354,0.0054296902380883,72.35476684570312,0.1210376396775245,0.0161365307867527,113.91030883789062,3
246,0.4879299402236937,0.3089649975299835,323.61282348632807,0.0211263727396726,0.0924496874213218,1865.0218505859373,2
247,0.396523654460907,0.0096093798056244,134.83677673339844,0.0334737077355384,0.0583482831716537,98.35478973388672,1
248,0.0125976633280515,0.002363282488659,158.72462463378906,0.6612465381622313,0.0029537007212638,3333.95166015625,0
249,0.2792970240116119,0.2713282704353332,4390.61279296875,0.1041866168379783,0.0187464132905006,71.60835266113281,4
250,0.4849025905132293,0.4662893116474152,62.78694534301758,0.02260079421103,0.0864188745617866,1680.75,2
251,0.15792977809906,0.0344726741313934,171.6164398193359,2.0649735927581787,0.0009458346758037,25.327713012695312,4
252,0.4882815182209015,0.2481446713209152,4440.27880859375,0.0958411917090416,0.0203788913786411,24.575986862182617,1
253,0.3710939586162567,0.2721290588378906,124.71422576904295,0.0246226526796817,0.0793224498629569,99.70520782470705,1
254,0.3037306368350982,0.0091406302526593,3498.426025390625,0.037908349186182,0.0515222288668155,144.86520385742188,1
255,0.4882815182209015,0.087988331913948,181.0827789306641,0.0197817720472812,0.0987333953380584,2355.19873046875,2
256,0.0027148451190441,0.0003515626885928,150.95013427734375,2.590411424636841,0.0007539828657172,4788.48681640625,0
257,0.4880861937999725,0.3309572041034698,56.03564834594727,0.0167758148163557,0.1164258271455764,1665.689453125,2
258,0.4878127574920654,0.0708203539252281,69.1141357421875,0.016441436484456,0.1187932714819908,1510.8255615234375,2
259,0.0341015793383121,0.013281256891787,55.10254669189453,0.1582559496164322,0.0123415756970644,146.6207733154297,3
260,0.004726564977318,0.0012304694391787,76.80764770507811,1.9241909980773924,0.0010150369489565,3385.122314453125,0
261,0.4881447851657867,0.2628321647644043,1136.343017578125,0.0262171197682619,0.0744984969496727,1847.8123779296875,2
262,0.0151757895946502,0.0058398470282554,71.16519165039062,0.4554494619369506,0.004288347903639,395.3665771484375,3
263,0.487969011068344,0.4290822744369506,492.6607971191406,0.0276072733104228,0.0707464665174484,1250.079345703125,2
264,0.4647658765316009,0.083730511367321,50.15469741821289,0.0441855266690254,0.044202834367752,225.92019653320312,3
265,0.4865432381629944,0.4853322803974152,2339.965087890625,0.0568784661591052,0.0343384705483913,61.659473419189446,1
266,0.2682228088378906,0.1146484985947608,51.61078643798828,0.0539430417120456,0.0362072363495826,164.042724609375,3
267,0.3598439395427704,0.1256250739097595,177.33660888671875,0.0288737174123525,0.0676434934139251,47.24270248413086,4
268,0.3719728589057922,0.010097661986947,297.56109619140625,0.0276141390204429,0.0707291290163993,110.2230987548828,1
269,0.0702539458870887,0.0017382821533828,830.2833862304686,0.2483252137899398,0.0078652156516909,185.04298400878903,4
270,0.3358400166034698,0.0135156325995922,71.82613372802734,0.2169917970895767,0.0090009206905961,101.23867797851562,4
271,0.009453129954636,0.0013281257124617,126.1657485961914,0.9988517761230468,0.0019553715828806,1163.6357421875,0
272,9.765630238689482e-05,5.8593781432136886e-05,51.94674682617188,33.33778762817383,5.858595613972284e-05,20479.98828125,4
273,0.4882424473762512,0.0784570723772049,731.1796264648436,0.0258797947317361,0.0754694491624832,892.9989624023436,2
274,0.487969011068344,0.1013086512684822,59.05956268310546,0.0373457632958888,0.0522984378039836,297.1500244140625,3
275,0.4313869476318359,0.0440234616398811,55.826274871826165,0.0805645585060119,0.024242864921689,50.99829864501953,3
276,0.3858400583267212,0.2820704579353332,406.45162963867193,0.0267002955079078,0.0731501206755638,90.7111587524414,1
277,0.4876565039157867,0.0833789482712745,64.2403564453125,0.0209221914410591,0.0933522135019302,863.3125610351561,2
278,0.4880080819129944,0.0877148881554603,375.1950378417969,0.0278908815234899,0.0700274333357811,1780.708251953125,2
279,0.2992384433746337,0.0722851976752281,2628.41015625,0.0613896064460277,0.0318151377141475,116.96358489990234,1
280,0.0099804736673831,0.0034765643067657,53.91137313842773,0.9254849553108216,0.002110379980877,2705.282470703125,0
281,0.4872463643550873,0.3430079817771912,175.09620666503906,0.0345302298665046,0.0565632209181785,1356.603271484375,2
282,0.4881838560104369,0.1214063167572021,274.3669128417969,0.0154064884409308,0.1267731040716171,1605.9522705078125,2
283,0.3265626728534698,0.0239648558199405,50.61396408081056,0.1731209456920623,0.011281861923635,45.93299102783203,3
284,0.0126562565565109,0.0036328143905848,83.13990020751953,0.5708667635917664,0.0034213350154459,2291.35693359375,0
285,0.1966797858476638,0.0206054802983999,52.05158996582031,0.1457078605890274,0.0134044177830219,91.51931762695312,3
286,0.0044726585038006,0.0013476569438353,56.59487915039063,1.5130972862243652,0.0012908136704936,3130.12939453125,0
287,0.2596485912799835,0.1954102665185928,107.19108581542967,0.0302450507879257,0.0645762830972671,138.64892578125,1
288,0.4383205473423004,0.409218966960907,6034.5029296875,0.042347751557827,0.0461212359368801,57.03588485717773,1
289,0.487988531589508,0.4758205711841583,344.3240966796875,0.0217980146408081,0.0896009728312492,926.2512817382812,2
290,0.3869338035583496,0.0985352098941802,72.22592163085938,0.062148705124855,0.0314265973865985,214.5069732666016,3
291,0.2719728052616119,0.1999024450778961,5316.501953125,0.1031614616513252,0.0189326982945203,55.15257263183594,4
292,0.2302540242671966,0.0101953176781535,75.06050872802734,0.038578487932682,0.0506273843348026,134.6339111328125,1
293,0.054609403014183,0.0105078183114528,915.8125,0.2103278636932372,0.0092860907316207,128.1830596923828,1
294,0.0092187551781535,0.0034570330753922,174.8820343017578,1.0855988264083862,0.0017991247586905,2928.81201171875,0
295,0.4846877455711365,0.4167775809764862,203.4375457763672,0.0294921491295099,0.0662253499031066,682.9138793945312,2
296,0.0042578149586915,0.0031250016763806,87.58622741699217,1.0651010274887085,0.0018337472574785,704.5867309570312,4
297,0.4879104197025299,0.2802931070327759,101.87474822998044,0.0263767819851636,0.0740473493933677,885.408447265625,2
298,0.2501759231090545,0.0038671896327286,181.6919403076172,0.0833118259906768,0.0234434865415096,655.5386962890625,2
299,0.1906836926937103,0.0468164309859275,120.49551391601562,0.0490503832697868,0.0398187153041362,141.5957489013672,1
300,0.0260547008365392,0.0196484476327896,186.17704772949216,0.6959729194641113,0.0028063228819519,844.3773803710938,3
301,0.4638674259185791,0.0819141045212745,54.42766571044922,0.040536031126976,0.0481824986636638,77.60838317871092,3
302,0.1760352551937103,0.0034570330753922,83.62670135498048,0.1743476539850234,0.0112024713307619,426.05102539062494,2
303,0.1417188197374344,0.0227148551493883,50.28129196166992,0.0888542160391807,0.0219812337309122,84.67471313476561,3
304,0.0196289159357547,0.006660159677267,108.93560791015624,0.3489387333393097,0.0055973259732127,4381.29150390625,3
305,0.0023242200259119,0.0017382821533828,242.22100830078125,5.490439414978027,0.0003557321615517,1721.0074462890625,4
306,0.4882424473762512,0.0225195437669754,494.8454284667969,0.0211615562438964,0.0922959744930267,2197.6787109375,2
307,9.765630238689482e-05,5.8593781432136886e-05,220.28007507324216,34.46345520019531,5.667237201123498e-05,20479.98828125,4
308,0.4882815182209015,0.0270898584276437,92.99888610839844,0.0159206762909889,0.1226788833737373,624.6396484375,2
309,0.2136133909225464,0.0066015659831464,102.0673599243164,0.2811717391014099,0.0069464012049138,46.81354522705078,3
310,0.4853713512420654,0.1800000965595245,204.6858673095703,0.0355743244290351,0.0549025200307369,298.7403259277344,4
311,0.3120900094509125,0.0090625043958425,1485.97021484375,0.0619537718594074,0.0315255150198936,64.08407592773438,1
312,0.3251954913139343,0.1273828744888305,59.662296295166016,0.5487773418426514,0.0035590582992881,12.300293922424316,4
313,0.4881838560104369,0.1907813549041748,79.7566452026367,0.0148326344788074,0.131678432226181,1478.9510498046875,2
314,0.0147265708073973,0.0044140648096799,56.10033798217773,0.6809123754501343,0.0028683983255177,1833.4207763671875,0
315,0.4686330556869506,0.1045703664422035,54.79570770263672,0.0643898397684097,0.030332775786519,328.6153259277344,3
316,0.3447658121585845,0.023828137665987,361.5995788574218,0.029744230210781,0.0656637549400329,89.91610717773438,1
317,0.4881057441234588,0.1328125745058059,57.46803283691406,0.0210807491093874,0.0926498919725418,1032.5631103515625,2
318,0.1183985024690628,0.0016992196906358,104.85480499267578,0.4660905301570892,0.0041904496029019,211.1513214111328,3
319,0.0017382821533828,0.0003320314281154,65.94434356689453,3.2163369655609126,0.0006072514806874,4026.964111328125,0
320,0.4880471229553223,0.1445313245058059,91.21508026123048,0.0193834323436021,0.1007621735334396,1626.89208984375,2
321,0.3311915695667267,0.0036132831592112,388.28326416015625,0.0347555130720138,0.05619627982378,93.6014175415039,1
322,0.3182618916034698,0.0294336099177598,1211.0947265625,0.0429664254188537,0.0454571172595024,69.12545776367188,1
323,0.4864650964736937,0.4115041196346282,307.65020751953125,0.0296655781567096,0.0658380761742591,1930.2515869140625,2
324,0.1539063304662704,0.0049414089880883,111.27919769287108,0.3702287673950195,0.0052754431962966,279.3907165527344,3
325,0.3296095430850982,0.0461133047938346,337.46746826171875,0.0331485830247402,0.0589203424751758,87.9828872680664,1
326,0.1588868051767349,0.0050781276077032,138.0669403076172,0.2067363560199737,0.0094474032521247,182.51988220214844,3
327,0.4882815182209015,0.0254687629640102,197.4848022460937,0.0307395085692405,0.0635378062725067,61.43996810913086,1
328,0.0022070324048399,9.765630238689482e-05,101.5229721069336,1.872477889060974,0.001043070340529,906.1942138671876,4
329,0.000468750251457,9.765630238689482e-05,63.1649284362793,18.89257049560547,0.0001033806183841,6399.99658203125,4
330,0.0047656274400651,0.0006250003352761,275.76272583007807,1.7109477519989011,0.0011415455956012,4616.39111328125,0
331,0.3447267413139343,0.0092773484066128,689.3161010742188,0.0315609835088253,0.0618840679526329,133.43902587890625,1
332,0.4864065051078796,0.15548837184906,406.6997985839844,0.0267944503575563,0.0728924870491027,1268.486328125,2
333,0.1875001043081283,0.0130859445780515,73.9295425415039,0.1401941925287246,0.0139316469430923,58.66663360595703,3
334,0.0089062545448541,0.0032031266018748,51.943119049072266,0.8795393705368043,0.0022206250578165,2133.332275390625,0
335,0.0165039151906967,0.0030664079822599,59.00029754638672,0.4953322112560272,0.0039430609904229,1272.42529296875,0
336,0.4866799414157867,0.1209570989012718,703.2686157226562,0.0333571098744869,0.0585521534085273,795.1837768554686,2
337,0.3333595395088196,0.0093945367261767,57.738548278808594,0.0559960380196571,0.0348797142505645,17.998584747314453,4
338,0.3755666017532348,0.0565039366483688,408.3864746093751,0.0238927975296974,0.0817453414201736,127.80689239501952,1
339,0.0972070842981338,0.0670312866568565,79.0623550415039,0.1495644152164459,0.01305877789855,473.2165527343751,3
340,0.002089844783768,0.000312500167638,108.59074401855467,4.27982234954834,0.0004563567927107,4785.04443359375,0
341,0.3539064526557922,0.025488294661045,354.82061767578125,0.0323628894984722,0.0603510700166225,118.67543029785156,1
342,0.4876955747604369,0.1030078679323196,115.4461669921875,0.0212980508804321,0.0917042270302772,1498.8858642578125,2
343,0.451191633939743,0.2088087052106857,3064.1591796875,0.0509377792477607,0.0383436270058155,64.27423858642578,1
344,0.4756057262420654,0.0396679900586605,87.75512695312499,0.0303776822984218,0.0642947927117347,521.4403076171875,2
345,0.4851174354553223,0.0115039125084877,3338.608154296875,0.0534135140478611,0.0365661717951297,43.28848648071289,1
346,0.4879299402236937,0.3515822291374206,1020.9072265625,0.0247877519577741,0.078793965280056,1147.705810546875,2
347,0.3021486103534698,0.0296484529972076,5152.10791015625,0.0299192555248737,0.0652798041701316,344.20147705078125,1
348,0.4152736663818359,0.0886328592896461,92.62138366699216,0.1936104595661163,0.010087938979268,31.304656982421875,3
349,0.2880470156669616,0.010488286614418,2668.00048828125,0.0456319637596607,0.042801596224308,145.8095245361328,1
350,0.043339867144823,0.0280468892306089,52.38784027099609,0.2763301134109497,0.0070680901408195,276.8813171386719,3
351,0.006074221804738,0.0005468752933666,3785.442138671875,1.779120922088623,0.0010978045174852,4445.013671875,0
352,0.2771095335483551,0.0688867568969726,170.8946533203125,0.1134639605879783,0.0172136146575212,144.34725952148435,3
353,0.236172005534172,0.0628320649266243,370.23559570312494,0.0581010654568672,0.0336158201098442,93.15244293212888,1
354,0.4861526191234588,0.1916211992502212,602.3777465820312,0.0312840715050697,0.0624318681657314,1910.9224853515625,2
355,7.812504190951586e-05,3.906252095475793e-05,119.60040283203124,37.91719818115234,5.1510294724721455e-05,25599.986328125,4
356,0.3546681702136993,0.002363282488659,303.05130004882807,0.0285428520292043,0.0684280768036842,135.3377685546875,1
357,0.4873244762420654,0.0092968801036477,179.57228088378906,0.0223116967827081,0.0875383093953132,1676.5010986328125,2
358,0.260351687669754,0.2601563930511474,3846.578857421875,1.376582622528076,0.0014188258210197,15.3638334274292,4
359,0.4867385327816009,0.2666993737220764,195.6244506835937,0.0218176376074552,0.0895203724503517,745.7802734375,2
360,0.486992448568344,0.479668229818344,56.75720977783203,0.0243350639939308,0.080259583890438,585.2246704101562,2
361,0.387070506811142,0.3870119154453277,83.4503707885742,0.0667746290564536,0.0292495656758546,90.4228057861328,4
362,0.355800986289978,0.0410547107458114,131.34060668945312,0.0326642990112304,0.0597939752042293,98.36959838867188,1
363,0.0186523534357547,0.0104687558487057,60.88711929321289,0.4938046336174011,0.0039552645757794,1661.9886474609375,0
364,0.0235156379640102,0.018339853733778,102.8777847290039,0.3350153267383575,0.0058299633674323,85.04978942871092,4
365,0.0171484462916851,0.0062109408900141,506.67895507812494,0.4627034962177276,0.0042211171239614,1749.4296875,0
366,0.372910350561142,0.0408398658037185,136.804931640625,0.1003609597682952,0.0194610245525836,101.90116882324216,4
367,0.3763869106769562,0.0276367329061031,351.8349609375,0.0239110998809337,0.0816830992698669,146.12623596191406,1
368,0.000156250083819,7.812504190951586e-05,251.1753387451172,19.62130355834961,9.954108827514574e-05,12799.9931640625,4
369,0.2876173555850982,0.2378321588039398,171.0603485107422,0.0510808676481246,0.0382359772920608,73.013671875,1
370,0.0054492214694619,0.0014843757962808,52.96060562133789,1.7986725568771362,0.0010858704335987,1835.12451171875,0
371,0.4186330437660217,0.3744923770427704,1691.866455078125,0.0537615455687046,0.0363295078277587,59.718170166015625,1
372,0.331015795469284,0.0036523456219583,394.8978271484375,0.0294136777520179,0.0664018616080284,108.75614166259764,1
373,0.3118360936641692,0.0151953203603625,6478.35595703125,0.0352348610758781,0.0554315671324729,169.96107482910156,1
374,0.0162500087171793,0.0046679712831974,53.80119323730469,0.493986576795578,0.0039538023993372,2030.7681884765625,0
375,0.3895900547504425,0.0663281604647636,69.33537292480469,0.1102158203721046,0.0177208147943019,66.73681640625,3
376,0.1017578691244125,0.0404687710106372,62.26266479492188,0.1991079598665237,0.0098093999549746,226.02674865722656,3
377,0.4424611628055573,0.1000781804323196,64.30780792236328,0.0478946268558502,0.0407795831561088,409.07543945312494,3
378,0.2446680963039398,0.0002343751257285,89.15608978271484,0.1283821016550064,0.0152133395895361,470.0245056152344,2
379,0.487988531589508,0.0748437866568565,273.8070068359375,0.0217483863234519,0.0898054763674736,1633.235107421875,2
380,0.3860158324241638,0.2547657489776611,147.694580078125,0.0243365317583084,0.0802550315856933,88.07929229736328,1
381,0.4882033765316009,0.4711916446685791,355.3933410644531,0.0283798053860664,0.0688211172819137,622.6912841796875,2
382,0.0043359398841857,0.0001367188233416,256.33319091796875,2.868128061294556,0.0006809759070165,3690.088134765625,0
383,0.3235743939876556,0.014902351424098,389.3591003417969,0.0425633043050766,0.0458877012133598,64.90007019042969,1
384,0.4332619607448577,0.3346681594848633,1060.57373046875,0.0417552068829536,0.0467757955193519,94.63097381591795,1
385,0.0130664128810167,0.0042968774214386,67.64411163330078,0.7352672815322877,0.0026563485153019,1836.7703857421875,0
386,0.4668947756290436,0.1248047575354576,288.82342529296875,0.0691544115543365,0.0282428786158561,559.012451171875,2
387,0.0005664065247401,7.812504190951586e-05,78.78492736816406,11.398932456970217,0.0001713428646326,5296.54931640625,4
388,0.3993166089057922,0.0230468865483999,84.92942047119139,0.0814568921923637,0.0239774417132139,90.1540298461914,3
389,0.0012304694391787,0.0011718756286427,116.98319244384764,6.585695743560791,0.0002965709427371,3250.791748046875,4
390,0.0141406329348683,0.0019531259313225,71.58646392822266,0.6414552927017212,0.0030448348261415,2050.82763671875,0
391,0.4882033765316009,0.227168083190918,50.91444778442384,0.016561234369874,0.1179338172078132,1081.5164794921875,2
392,0.2484962344169616,0.1665039956569671,82.12262725830078,0.0381209217011928,0.0512350127100944,148.89561462402344,1
393,0.3553517460823059,0.0419922098517417,112.32220458984376,0.0750132948160171,0.0260370317846536,154.77621459960935,3
394,0.0629297196865081,0.0145312575623393,291.14599609375,0.1412646472454071,0.0138260023668408,158.9074249267578,1
395,0.3525392413139343,0.1602344661951065,61.76079940795898,0.050775583833456,0.038465742021799,201.39602661132807,3
396,0.4865822792053223,0.4632033705711365,3489.69287109375,0.0451298020780086,0.0432779379189014,78.09573364257811,1
397,0.0212500113993883,0.0013085944810882,72.90886688232422,0.4338333010673522,0.0045020161196589,2447.0576171875,0
398,0.0275976713746786,0.0105273490771651,212.04806518554688,0.3147595226764679,0.0062051424756646,217.4096527099609,3
399,0.3339064419269562,0.0102539118379354,368.44732666015625,0.0380335040390491,0.0513530224561691,101.8249282836914,1
400,0.0079101603478193,0.0036132831592112,69.12240600585938,1.0821043252944946,0.0018049328355118,2528.393798828125,0
401,0.487988531589508,0.4684963524341583,957.9380493164062,0.0361865051090717,0.0539736337959766,454.9287109375,2
402,0.0127734439447522,0.004453127272427,109.4446792602539,0.5558971166610718,0.0035134658683091,234.86227416992188,3
403,0.2062891721725464,0.0350781455636024,320.3548278808594,0.1333031803369522,0.0146517027169466,523.5369262695312,2
404,0.3263868987560272,0.0091210985556244,1112.456787109375,0.0533937774598598,0.0365796647965908,64.3408203125,1
405,0.2352344989776611,0.1198242828249931,109.93614959716795,0.043197214603424,0.0452141463756561,123.28123474121092,1
406,0.2511915266513824,0.0851758271455764,280.3793029785156,0.03178271651268,0.0614523850381374,139.33590698242188,1
407,0.483594000339508,0.4570314884185791,111.07923889160156,0.0548274144530296,0.0356229804456234,256.4134521484375,3
408,0.4877736866474152,0.0416601784527301,1201.2708740234375,0.0293039660900831,0.0666508227586746,1984.52685546875,2
409,0.2419141978025436,0.1686133742332458,115.17788696289062,0.0987061411142349,0.0197872500866651,541.5142822265625,3
410,0.0355078317224979,0.0153125077486038,140.12548828125,0.1559118330478668,0.0125271119177341,788.5584106445312,3
411,0.4841408729553223,0.1697071194648742,50.9443359375,0.0231513660401105,0.0843634009361267,475.0683288574218,2
412,0.0938281789422035,0.0050195339135825,50.109317779541016,0.1868837922811508,0.010451003909111,63.94667434692384,3
413,0.4571096301078796,0.0700781643390655,59.73230743408203,0.059268444776535,0.0329538844525814,124.69656372070312,3
414,0.3887501955032348,0.0068164099939167,100.6065444946289,0.030988672748208,0.0630269944667816,79.74272155761719,1
415,0.3501759767532348,0.3447072207927704,99.12809753417967,0.2066004127264022,0.0094536188989877,99.94974517822264,3
416,0.4803713560104369,0.0969141125679016,53.34436798095703,0.0349269993603229,0.0559205710887908,539.1661987304688,3
417,0.0002929689071606,0.0002343751257285,54.55687713623047,10.960663795471191,0.0001781941391527,6826.6630859375,4
418,0.0047851586714386,0.0043750023469328,4050.043212890625,3.39764142036438,0.0005748476833105,835.91796875,4
419,0.3917580246925353,0.3787892758846282,79.87504577636719,0.1201450377702713,0.0162564106285572,81.68307495117188,3
420,0.1222070977091789,0.1220899075269699,103.07257080078124,1.3302085399627683,0.0014682895271107,49.09698486328125,4
421,0.4876174628734588,0.4230861663818359,306.4490966796875,0.0259844120591878,0.075164571404457,1607.8177490234375,2
422,0.1391211748123168,0.0538281537592411,244.23745727539065,0.0497663505375385,0.0392458550632,115.00765228271484,1
423,0.4882424473762512,0.4846877455711365,87.14926147460938,0.0215681474655866,0.090555839240551,845.8912353515626,2
424,0.3484572172164917,0.1126953735947608,157.43798828125,0.0346540659666061,0.0563608258962631,80.35419464111328,1
425,0.06521487981081,0.0012304694391787,52.34398651123047,0.3494065105915069,0.0055898292921483,306.678466796875,3
426,0.4856447875499725,0.239589974284172,520.6878662109375,0.0324056446552276,0.0602710135281086,691.8637084960938,2
427,0.4856838583946228,0.0981641188263893,53.35744857788086,0.0457632131874561,0.0426790416240692,67.9454345703125,3
428,0.2528321743011474,0.0117773497477173,65.58709716796875,0.1162030398845672,0.0168079286813735,126.56616973876952,3
429,0.3309376835823059,0.0997656807303428,117.09138488769533,0.0924681201577186,0.0211221277713775,99.71665954589844,3
430,0.0139062572270631,0.0027343765832483,147.32159423828125,0.6479867696762085,0.0030141433235257,1078.651123046875,0
431,0.3176368772983551,0.022851575165987,6090.16064453125,0.0431323759257793,0.0452823713421821,113.33696746826172,1
432,0.260547012090683,0.1286719441413879,2974.29296875,0.0636261105537414,0.0306969340890646,80.59965515136719,1
433,0.4882619678974152,0.1857813447713852,174.714111328125,0.0305114928632974,0.0640129223465919,67.586669921875,1
434,0.3550978600978852,0.0109960995614528,204.8864288330078,0.0277699586004018,0.0703325495123863,107.01275634765624,1
435,0.1915430724620819,0.0004492189909797,244.11688232421875,0.3990213274955749,0.0048947883769869,109.6359176635742,4
436,0.3097462654113769,0.036875020712614,480.2421569824218,0.0326257906854152,0.0598644129931926,90.39656829833984,1
437,0.3930666148662567,0.0968750491738319,57.72372817993164,0.093562327325344,0.0208751875907182,137.38128662109375,3
438,0.3428126871585845,0.0490234643220901,218.47203063964844,0.0289581660181283,0.0674462541937828,110.84770965576172,1
439,0.06667972356081,0.0059570344164967,1797.8082275390625,0.105302058160305,0.0185477919876575,179.96475219726562,1
440,0.4864846467971802,0.3211915791034698,788.5494995117188,0.0380996204912662,0.0512638092041015,682.447021484375,2
441,0.3957423865795136,0.0181250087916851,64.61946105957031,0.0787729620933532,0.0247944463044404,171.82894897460935,3
442,0.0003710939490702,0.0002929689071606,1284.792236328125,10.67218780517578,0.0001830108230933,8084.206054687501,4
443,0.4882815182209015,0.1538867950439453,280.41265869140625,0.0218435451388359,0.0894142612814903,1949.6949462890625,2
444,0.4875588417053223,0.099941462278366,50.5712776184082,0.0489348657429218,0.0399125702679157,769.137939453125,3
445,0.2706642150878906,0.1284180432558059,246.72398376464844,0.0526355281472206,0.0371065624058246,114.5330581665039,1
446,0.0001171875628642,5.8593781432136886e-05,67.1912612915039,25.5578842163086,7.641971023986115e-05,17066.658203125,4
447,0.4861916601657867,0.3886916041374207,1647.2471923828125,0.0438468344509601,0.0445441342890262,88.44248962402342,1
448,0.4870901107788085,0.0043945335783064,145.30677795410156,0.128081202507019,0.0152490567415952,314.1102600097656,3
449,0.0801367610692977,0.0043554711155593,73.58920288085938,0.3672628402709961,0.0053180651739239,549.0614013671875,3
450,0.401875227689743,0.0509179942309856,67.50643157958984,0.3980072140693664,0.0049072527326643,69.6733627319336,4
451,0.0138281323015689,0.0044921897351741,356.87945556640625,0.4989195168018341,0.0039147073403,216.94903564453125,3
452,0.3177540898323059,0.022949231788516,3863.181884765625,0.0376067608594894,0.0519356951117515,100.7068099975586,1
453,0.0233984496444463,0.0079101603478193,144.76275634765625,0.328948825597763,0.0059374743141233,1410.349853515625,0
454,0.0138867264613509,0.0056445342488586,72.87082672119139,0.5894398093223572,0.0033135295379906,2016.31396484375,0
455,0.4876369833946228,0.4387307167053223,1113.4302978515625,0.0211948622018098,0.0921509116888046,1433.443359375,2
456,0.3151368796825409,0.0107421930879354,5379.52734375,0.0252172201871871,0.07745211571455,190.3934631347656,1
457,0.1366797536611557,0.1100586503744125,64.08294677734375,0.1067045852541923,0.0183041077107191,234.12391662597656,3
458,0.4346877336502075,0.0599414370954036,57.2932243347168,0.0775399655103683,0.0251885633915662,255.3557281494141,3
459,0.0139062572270631,0.005000002682209,50.58851623535156,0.688018798828125,0.0028387666679918,2516.8525390625,0
460,0.0899805203080177,0.0016601571114733,5992.67822265625,0.2563738822937012,0.0076182726770639,111.13516235351562,4
461,0.002519532572478,0.0006640628562308,95.14118194580078,2.670718193054199,0.0007313107489608,5953.4853515625,0
462,0.3609572350978851,0.0041992207989096,242.17300415039065,0.1361783295869827,0.0143423993140459,11.081645011901855,3
463,0.0829492658376693,0.0829102024435997,85.80911254882812,2.524237871170044,0.0007737508276477,36.16668701171875,4
464,0.0002929689071606,0.0002343751257285,212.3032073974609,7.978874206542968,0.0002447871665935,6826.6630859375,4
465,0.0322656407952308,0.0288672037422657,103.27033233642578,0.4586574137210845,0.0042583625763654,1549.635986328125,0
466,0.013281256891787,0.0066992221400141,77.33411407470702,0.6122823357582092,0.0031899136956781,2032.9400634765625,0
467,0.0930859893560409,0.0246679820120334,117.325439453125,0.1631614714860916,0.0119704781100153,784.2211303710938,3
468,0.0097265681251883,0.0029296891298145,93.59122467041016,1.2311373949050903,0.0015864394372329,2261.84619140625,0
469,0.4080080389976501,0.0870898887515068,57.253753662109375,0.0759221985936164,0.025725319981575,88.23355865478516,3
470,0.3015821874141692,0.0847266092896461,52.79238510131836,0.0529486387968063,0.0368872322142124,2294.565185546875,4
471,0.485722929239273,0.0058203157968819,141.95059204101562,0.0261715780943632,0.0746277943253517,936.748046875,2
472,0.4466408789157867,0.0311914235353469,153.62738037109375,0.02984369546175,0.0654452443122863,530.6276245117188,1
473,0.4854690134525299,0.1059375554323196,290.9971923828125,0.0237922705709934,0.0820909366011619,751.8502807617188,2
474,0.0001171875628642,7.812504190951586e-05,88.5277328491211,25.577133178710938,7.636219379492104e-05,17066.658203125,4
475,0.3459376990795135,0.0546875298023223,320.2804260253906,0.0306331645697355,0.0637583583593368,95.39289855957033,1
476,0.2513087391853332,0.1377539783716201,4435.71630859375,0.0604858510196208,0.0322906449437141,115.39590454101562,1
477,0.3230665922164917,0.0458008050918579,175.7487640380859,0.0400518327951431,0.0487652383744716,95.95545196533205,1
478,0.0179882906377315,0.0040234397165477,111.18815612792967,0.729013979434967,0.0026791340205818,2446.03564453125,3
479,0.4880080819129944,0.1191211566329002,52.7277946472168,0.0205978732556104,0.0948217883706092,868.8380737304686,2
480,0.4882815182209015,0.1289258450269699,126.8642578125,0.014402762055397,0.135607972741127,563.19970703125,2
481,0.4880276024341583,0.1741602569818496,67.07125091552734,0.0183737147599458,0.1063002273440361,735.6141357421875,2
482,0.1419336646795272,0.0623437836766243,54.78971862792969,0.1121977344155311,0.0174078866839408,493.1881408691406,3
483,0.3389455080032348,0.051757838577032,282.8412170410156,0.0338681079447269,0.0576686337590217,82.60914611816406,1
484,0.0159570407122373,0.008476567454636,90.5902633666992,0.4794051051139832,0.0040740650147199,1065.3604736328125,3
485,0.3344923555850982,0.011562505736947,192.4136199951172,0.0399201549589633,0.048925656825304,59.79209899902344,1
486,0.0720312893390655,3.906252095475793e-05,778.1099853515626,3.971635818481445,0.0004917684709653,69.41427612304688,4
487,0.4367971122264862,0.098359428346157,96.27425384521484,0.0987563505768776,0.0197772234678268,119.04840850830078,3
488,0.35589861869812,0.0011328130494803,52.19805145263672,0.1113374009728431,0.0175423230975866,61.81535720825195,3
489,0.0024023449514061,0.0017968759639188,86.61870574951172,1.5858795642852783,0.0012315729400143,2497.559814453125,4
490,0.4881447851657867,0.0917383283376693,62.98352050781249,0.0243124160915613,0.0803344547748565,1669.586669921875,2
491,0.3445118963718414,0.0002734376466833,134.86013793945312,0.1119894534349441,0.0174403134733438,26.12391662597656,4
492,0.3598244190216064,0.0043945335783064,88.71436309814453,0.1973810642957687,0.0098952064290642,72.25746154785155,3
493,0.3511329889297485,0.0097460988909006,568.0198364257812,0.0291228406131267,0.067065306007862,99.67733001708984,1
494,0.484062761068344,0.0186523534357547,14.815909385681152,0.046644028276205,0.0418730042874813,706.5199584960938,3
495,0.0150781329721212,0.0040429709479212,235.58004760742188,0.5247766375541687,0.0037218218203634,2453.884765625,0
496,0.1884962022304535,0.003105470445007,191.2657623291016,0.2098013907670974,0.0093093942850828,31.83087921142578,3
497,0.3575587868690491,0.1016797423362732,199.72399902343756,0.0355324298143386,0.0549673549830913,106.27622985839844,1
498,0.487187772989273,0.3067775070667267,880.1771240234374,0.0264031309634447,0.0739727839827537,1026.29833984375,2
499,0.4488674402236937,0.0786328539252281,54.8531379699707,0.0531061142683029,0.0367776975035667,104.70796966552734,3
500,0.1828126013278961,0.0018164071952924,62.35249710083008,0.1376954019069671,0.0141843855381011,49.230743408203125,3
501,0.3728322386741638,0.1000391170382499,52.84158706665039,0.0816325098276138,0.0239257235080003,238.71325683593756,3
502,0.4879494905471802,0.2754102945327759,1110.12744140625,0.0272106789052486,0.0717775970697403,2086.281494140625,2
503,0.287382960319519,0.0002734376466833,4324.1298828125,1.4526716470718384,0.0013445051154121,10.439032554626465,4
504,0.0405468977987766,0.0313476733863353,58.66447067260742,0.2382660210132599,0.0081972507759928,419.267578125,3
505,0.4875198006629944,0.3257228434085845,1445.4229736328125,0.0453119613230228,0.0431040823459625,92.30393981933592,1
506,0.4838088452816009,0.4537892937660217,1803.6884765625,0.0544409900903701,0.0358762070536613,76.47648620605469,1
507,0.3545314371585845,0.003222658066079,52.96672821044922,0.107303075492382,0.0182019807398319,39.48873901367188,3
508,0.002949220361188,0.000312500167638,554.536865234375,3.646167039871216,0.0005356658366508,4068.8720703125,0
509,0.4870315194129944,0.0998828634619712,13.263407707214355,0.0335878878831863,0.058149792253971,2096.37353515625,3
510,0.4860939979553223,0.3514845669269562,1202.7200927734375,0.0305367931723594,0.0639597922563552,1658.115478515625,2
511,0.0963477045297622,0.096289113163948,161.90065002441406,1.4586055278778076,0.0013390368549153,51.89537048339844,4
512,0.3175196945667267,0.0288086086511611,2461.31689453125,0.034407652914524,0.0567641593515872,185.81524658203125,1
513,0.0888086408376693,0.0834961384534835,65.26422119140625,0.3084501326084137,0.0063320556655526,157.6423187255859,3
514,0.2407227903604507,0.0513672158122062,93.8648681640625,0.0298179723322391,0.0655017122626304,141.24130249023435,1
515,0.2676954567432403,0.1052734926342964,76.11601257324217,0.0629658252000808,0.0310188978910446,806.8870849609374,2
516,0.487988531589508,0.1837696284055709,58.59920883178711,0.0234472136944532,0.0832989364862441,780.7560424804686,2
517,0.0240039192140102,0.0063867219723761,58.9336166381836,0.2791439294815063,0.0069968458265066,249.9591827392578,3
518,0.4732619822025299,0.0950391143560409,53.77819824218751,0.0638027563691139,0.0306117963045835,536.7006225585938,3
519,0.221777468919754,0.1004883348941802,67.01370239257812,0.0401927344501018,0.048594057559967,130.7617034912109,1
520,0.3137501776218414,0.0157421957701444,6566.4267578125,0.0317545123398304,0.0615072026848792,165.73695373535156,1
521,0.2723048329353332,0.0651367530226707,61.8536491394043,0.0712299868464469,0.0274199862033128,150.56655883789062,3
522,0.3391017317771912,0.0212304797023534,56.20321273803711,0.0842320770025253,0.0231873858720064,215.27462768554688,3
523,0.1679883748292922,0.1494141370058059,59.73878860473633,0.1002920791506767,0.0194743834435939,464.31784057617193,3
524,0.3462892472743988,0.0789453536272049,52.18939208984375,0.1127223223447799,0.0173269473016262,236.79626464843756,3
525,0.4874416589736937,0.1913086920976638,337.8733825683594,0.029411731287837,0.0664063319563865,1840.22021484375,2
526,0.1047852113842964,7.812504190951586e-05,429.8858337402344,1.6014128923416135,0.0012196281459182,38.17332458496094,4
527,0.102265678346157,0.0520117469131946,68.2436752319336,0.0741432756185531,0.0263425633311271,469.36569213867193,3
528,0.2467384189367294,0.0165234468877315,822.5308227539062,0.0530494712293148,0.0368169024586677,121.58625030517578,1
529,0.1202930361032486,0.0968164578080177,53.577674865722656,0.2515954375267029,0.0077629652805626,390.7125549316406,3
530,0.4812893271446228,0.4208205342292785,72.61221313476561,0.0431505106389522,0.0452630296349525,249.3302764892578,3
531,0.058750033378601,0.058632843196392,3350.808837890625,2.095985651016236,0.0009318412048742,85.10633087158203,4
532,0.487402617931366,0.4676760435104369,97.78089904785156,0.0207019411027431,0.0943445712327957,545.7500610351562,2
533,0.4585158824920654,0.0967969298362732,50.53546142578125,0.1046945080161094,0.0186555255204439,213.7330474853516,3
534,0.487011969089508,0.3017970323562622,58.17229080200195,0.0205500070005655,0.0950428321957588,1314.1361083984375,2
535,0.412617415189743,0.0774414464831352,72.35624694824217,0.0850738659501075,0.0229580514132976,310.2147216796875,3
536,0.4877150952816009,0.0996094271540641,56.07737350463867,0.0201390590518712,0.0969823449850082,857.0577392578125,2
537,0.4793362021446228,0.0929492712020873,56.39897918701172,0.0421563237905502,0.0463306531310081,198.1907501220703,3
538,0.3868752121925353,0.2112305760383605,1628.4925537109375,0.0371874384582042,0.0525212325155735,85.29882049560547,1
539,0.4147267937660217,0.2164844870567321,4171.16748046875,0.0507107079029083,0.0385150648653507,132.617431640625,1
540,0.2952150106430053,0.0317968912422657,450.92398071289057,0.0382532887160778,0.0510576628148555,91.4587631225586,1
541,0.038750022649765,0.0026953138876706,62.91589355468751,0.3241350650787353,0.0060256603173911,1548.38623046875,0
542,0.1470899283885955,0.1381641328334808,261.4109802246094,1.1501250267028809,0.0016981860389932,54.388496398925774,4
543,0.2777931094169616,0.0089062545448541,293.96047973632807,0.0551703684031963,0.0354016982018947,75.5958251953125,1
544,0.0001757813442964,0.0001171875628642,94.55821228027344,20.983184814453125,9.3080525402911e-05,17066.658203125,4
545,0.0391797088086605,0.0024414076469838,50.02223587036133,0.639373779296875,0.0030547510832548,842.272705078125,3
546,0.2245509028434753,0.2047852724790572,4271.3212890625,0.0604565851390361,0.0323062948882579,120.23999786376952,1
547,0.0002539063862059,0.0001953126047737,120.55426025390624,13.277715682983398,0.0001470980641897,7876.918945312499,4
548,0.0067578162997961,0.0012500006705522,186.0247344970703,1.3746345043182373,0.001420832471922,2959.535888671875,0
549,0.3059181272983551,0.0023046887945383,2977.8388671875,0.0433311872184276,0.0450746044516563,130.75393676757812,1
550,0.0990820825099944,0.0330859534442424,55.10360336303711,0.3805755972862244,0.0051320455968379,444.0762634277344,3
551,0.2690040469169616,0.1129297465085983,2570.695556640625,0.0676894709467887,0.0288542807102203,130.1095733642578,1
552,0.009511724114418,0.0032031266018748,204.7229766845703,0.5793179273605347,0.003371424274519,525.6670532226562,3
553,0.0339843928813934,0.0263867322355508,576.8014526367188,0.541742205619812,0.0036052730865776,1441.83837890625,0
554,0.4799221456050873,0.2182618379592895,1981.7113037109373,0.0460091531276702,0.0424505993723869,81.26318359375,1
555,0.3469728529453277,0.080800823867321,52.13519287109375,0.1732951253652572,0.0112705770879983,135.45729064941406,3
556,0.0916211456060409,0.0021093762479722,72.65538787841795,0.1491734534502029,0.0130930040031671,207.37570190429688,3
557,0.4881838560104369,0.1020313054323196,76.04557037353516,0.0863371267914772,0.0226222071796655,184.3567657470703,3
558,0.4873830676078796,0.3919923901557922,62.70439910888672,0.0208957400172948,0.0934700742363929,814.5543823242188,2
559,0.2190040200948715,0.1258008480072021,89.09809112548828,0.050228327512741,0.0388850085437297,136.98377990722656,1
560,0.2288087159395217,0.0838672295212745,72.36631011962889,0.1139779537916183,0.0171360056847333,65.55694580078125,3
561,0.2264844924211502,0.0708984732627868,59.99435043334961,0.0705316364765167,0.0276914555579423,379.71694946289057,3
562,0.4407033622264862,0.4201174080371856,107.12915802001952,0.0935862213373184,0.020869817584753,136.14599609375,3
563,0.488164335489273,0.3356251716613769,128.6633148193359,0.0219059810042381,0.0891593396663665,2003.4237060546875,2
564,0.4873439967632293,0.099218800663948,50.46555709838867,0.0139643438160419,0.1398655325174331,648.41259765625,2
565,0.2951173484325409,0.2688868641853332,1875.5480957031248,0.0790731161832809,0.0247003175318241,223.6398468017578,4
566,0.2516993582248688,0.002246094867587,147.9202423095703,0.3170486688613892,0.0061603658832609,218.51466369628903,3
567,0.0177343841642141,0.006933597382158,58.58392333984375,0.5109791159629822,0.0038223194424062,1409.69091796875,0
568,0.0009765629656612,0.0008593754610046,550.8565673828125,7.239995002746582,0.0002697689924389,4095.998046875,4
569,0.0148632889613509,0.0046484400518238,499.7687377929688,0.5907939076423645,0.0033059383276849,1278.3173828125,3
570,0.2871290743350982,0.0541601851582527,52.0801010131836,0.0674612373113632,0.0289519522339105,668.6888427734375,3
571,0.4767189919948577,0.3256642520427704,4081.927978515625,0.0526977777481079,0.0370627641677856,58.73480987548828,1
572,0.4843947887420654,0.325351744890213,189.99005126953125,0.0287541691213846,0.0679249837994575,1139.56640625,2
573,0.4828713536262512,0.0885547325015068,164.5011749267578,0.0192013047635555,0.1017185002565384,111.8310317993164,1
574,0.128945380449295,0.0046679712831974,86.4911117553711,0.1743824034929275,0.011200244538486,317.9640808105469,3
575,0.487187772989273,0.4235353767871856,104.3814468383789,0.0277191139757633,0.0704616233706474,1221.2950439453125,2
576,0.4831447899341583,0.1251758486032486,146.72882080078125,0.0532732754945755,0.0366623140871524,372.55911254882807,3
577,0.003222658066079,0.0005078127724118,64.60994720458984,2.602541446685791,0.0007504687528125,6826.66259765625,0
578,0.4863869845867157,0.4351760149002075,792.6880493164062,0.0328645072877407,0.0594296008348465,1169.850341796875,2
579,0.31585955619812,0.0149804763495922,371.8132324218751,0.0379653722047805,0.0514448918402195,60.153316497802734,1
580,0.486015886068344,0.0032617205288261,90.04713439941406,0.0215336885303258,0.0907011032104492,508.2138366699218,2
581,0.3945509791374207,0.2656251490116119,73.78662109375,0.038438256829977,0.0508118420839309,610.8209228515625,3
582,0.4882815182209015,0.4731643199920654,98.7571029663086,0.0228794198483228,0.0853664726018905,1456.127197265625,2
583,0.4880471229553223,0.361953318119049,81.25613403320312,0.0199271943420171,0.098013088107109,1256.0262451171875,2
584,0.4876955747604369,0.4659377634525299,166.4524383544922,0.0246005449444055,0.0793937519192695,2187.84033203125,2
585,0.0275781396776437,0.0238086059689521,82.90629577636719,0.560121476650238,0.0034869655501097,108.78181457519533,4
586,9.765630238689482e-05,5.8593781432136886e-05,64.0156478881836,36.73685073852539,5.316530950949527e-05,20479.98828125,4
587,0.4678713381290436,0.3047267198562622,2463.843017578125,0.0703629627823829,0.0277578402310609,36.334774017333984,1
588,9.765630238689482e-05,3.906252095475793e-05,3190.241455078125,36.98981475830078,5.280172626953572e-05,20479.98828125,4
589,0.08238285779953,0.0286914221942424,55.798526763916016,0.1553724408149719,0.0125706288963556,194.2151641845703,3
590,3.906252095475793e-05,1.9531260477378964e-05,81.34009552001953,65.07190704345703,3.001488585141488e-05,51199.97265625,4
591,0.3872658312320708,0.0729297250509262,183.46371459960932,0.0298535041511058,0.0654237493872642,103.28822326660156,1
592,0.4862698018550873,0.427773654460907,118.7667770385742,0.0196498185396194,0.0993962734937667,1122.83349609375,2
593,0.3446290791034698,0.0467773675918579,84.70988464355469,0.0684585347771644,0.028530117124319,63.83675003051758,3
594,0.4495900869369506,0.0963867679238319,124.80422973632812,0.0716563984751701,0.0272568725049495,20.018234252929688,4
595,0.4846682250499725,0.2346290349960327,574.0628051757812,0.0314233712852001,0.0621549449861049,792.2945556640626,2
596,0.4547268152236937,0.067988321185112,56.59706878662109,0.0566729046404361,0.0344630256295204,39.584205627441406,3
597,0.3971291184425353,0.0415820553898811,2458.790771484375,0.0631040334701538,0.0309510119259357,50.361454010009766,1
598,0.0057031279429793,0.000683594145812,89.64854431152342,1.6211522817611694,0.0012047751806676,3857.5322265625,0
599,0.1302735060453415,0.1302344501018524,3711.498291015625,25.53425979614257,7.649045437574385e-05,23.028472900390625,4
600,0.4881057441234588,0.3122853338718414,240.70358276367188,0.0260462369769811,0.0749871954321861,1182.120849609375,2
601,0.0174804776906967,0.0073046912439167,62.789363861083984,0.5028289556503296,0.0038842752110213,1887.8203125,0
602,0.4541408717632293,0.227636843919754,55.695625305175774,0.0558042153716087,0.0349997580051422,312.6783142089844,3
603,0.4857815206050873,0.1047461479902267,57.44483184814453,0.0446275696158409,0.0437651835381984,382.88818359375,3
604,0.3425001800060272,0.0116992248222231,63.27547454833984,0.0648687407374382,0.0301089379936456,157.66415405273435,3
605,0.4859572947025299,0.0985352098941802,434.4456176757813,0.0245793871581554,0.0794623717665672,2415.85009765625,2
606,0.3053907752037048,0.0372461155056953,73.87236022949217,0.1221384033560752,0.0159911606460809,193.19509887695312,3
607,9.765630238689482e-05,3.906252095475793e-05,108.1505661010742,56.352088928222656,3.465933696134016e-05,30719.984375,4
608,0.1760352551937103,0.1711524426937103,145.06137084960935,0.1197613626718521,0.0163085479289293,45.44544219970703,4
609,0.2180469930171966,0.1326172649860382,142.13204956054688,0.1009810492396354,0.0193415191024541,486.13372802734375,3
610,0.4839260280132293,0.1003711447119712,55.166702270507805,0.0365870669484138,0.0533830001950264,66.12580871582031,3
611,0.4603322744369506,0.3715040981769562,98.97631072998048,0.0628861859440803,0.0310581009835004,301.955810546875,3
612,0.4882033765316009,0.2930470407009125,337.42633056640625,0.029187748208642,0.0669161304831504,1532.1483154296875,2
613,0.3346681594848633,0.3074025213718414,955.0444946289062,0.1009240299463272,0.0193524584174156,38.84444808959961,4
614,0.0120898503810167,0.0053906277753412,73.4242172241211,0.7742516994476318,0.0025225977879017,2564.13427734375,0
615,0.0246289186179637,0.0013476569438353,81.11226654052734,0.4056206941604614,0.0048151542432606,2476.76318359375,0
616,0.2038477659225464,0.0542773716151714,118.78334045410156,0.0453989095985889,0.0430214814841747,117.73491668701172,1
617,0.005312502849847,0.0002539063862059,4936.04736328125,0.7275541424751282,0.002684507984668,376.4703979492188,4
618,0.484472930431366,0.2269727736711502,640.274169921875,0.0293845776468515,0.0664675682783126,1096.0364990234375,2
619,0.3518361151218414,0.0525390915572643,263.03741455078125,0.0303930770605802,0.0642625093460083,127.90045928955078,1
620,0.0288086086511611,0.0125390691682696,66.87300872802734,0.2461267709732056,0.0079354466870427,208.27107238769528,3
621,7.812504190951586e-05,3.906252095475793e-05,588.1727294921875,43.32341003417969,4.508246638579294e-05,25599.986328125,4
622,0.0175000093877315,0.0001953126047737,54.475296020507805,0.6959348917007446,0.0028064833022654,1371.4278564453125,2
623,0.0058789094910025,0.0008984379819594,4193.47265625,1.6489194631576538,0.0011844888795167,1871.0953369140625,0
624,0.2554884254932403,0.0314453281462192,6268.83349609375,0.0432766899466514,0.0451309867203235,160.47694396972656,1
625,0.392422080039978,0.3675783276557922,120.49551391601562,0.0284075066447258,0.0687539279460907,101.93106079101562,1
626,0.0066015659831464,0.0013281257124617,151.26246643066406,1.3088746070861816,0.0014922182308509,2575.146484375,0
627,0.4881057441234588,0.4125197529792785,927.5428466796876,0.0280988346785306,0.0695088058710098,1483.28515625,2
628,0.2571485638618468,0.0149609455838799,548.5498046875,0.0524083860218524,0.037267442792654,62.22084045410156,1
629,0.1280274093151092,0.1000195816159248,144.33209228515625,0.1461288928985595,0.0133657967671751,257.7572937011719,3
630,0.3900978565216064,0.0023828137200325,83.75917053222656,0.1304997652769088,0.0149666164070367,46.14226913452149,3
631,0.296367347240448,0.0494140908122062,73.1508560180664,0.1208385303616523,0.016163108870387,37.1161003112793,3
632,0.2143360525369644,1.9531260477378964e-05,55.33014297485352,0.08013267070055,0.0243736859411001,1297.0286865234375,2
633,0.3344923555850982,0.0036328143905848,391.75592041015625,0.0347489565610885,0.0562067180871963,152.4698486328125,1
634,0.3317384719848633,0.0061328159645199,2438.65625,0.0324814915657043,0.0601307712495326,132.6345977783203,1
635,0.3455470502376556,0.0114843808114528,3068.0205078125,0.0391004681587219,0.04995147138834,115.7584762573242,1
636,0.0095507865771651,0.0025000013411045,61.25066375732422,0.6668891906738281,0.0029287131037563,1047.0341796875,0
637,0.1178125664591789,0.0980664566159248,51.046142578125,0.2222318947315216,0.0087886806577444,755.437255859375,2
638,0.0137304756790399,0.0062500033527612,201.46762084960932,0.4776759445667266,0.0040888078510761,1820.7672119140625,0
639,0.3578127026557922,0.0092968801036477,492.3914794921875,0.0290792640298604,0.067165695130825,108.99557495117188,1
640,0.0258398577570915,0.0030078140553087,71.38678741455078,0.3849844336509704,0.0050732637755572,1818.8955078125,0
641,0.4705666601657867,0.4543557167053223,5860.2021484375,0.0712266340851783,0.0274213012307882,46.75214385986328,1
642,0.0250781383365392,0.002949220361188,216.34033203125,0.3809251487255096,0.0051273275166749,2073.51904296875,0
643,0.4040627181529999,0.3150196969509125,89.79634857177734,0.0271796304732561,0.0718598961830139,69.29617309570312,3
644,0.3565431535243988,0.046191431581974,317.0418395996094,0.0273063201457262,0.0715261995792388,92.555419921875,1
645,0.3141603171825409,0.0233203247189521,5960.9443359375,0.0403936840593814,0.0483522079885006,133.689697265625,1
646,0.4448635280132293,0.006347659509629,113.09814453125,0.0594091489911079,0.0328758805990219,170.8389129638672,3
647,0.1648438423871994,0.004140627104789,94.10638427734376,0.0866974741220474,0.0225280057638883,212.32215881347656,3
648,0.4881447851657867,0.2431641966104507,349.77520751953125,0.0329418443143367,0.0592900514602661,1563.060791015625,2
649,0.4880666732788085,0.3167384564876556,52.18045425415039,0.0203984454274177,0.0957489907741546,1878.8416748046875,2
650,0.0062109408900141,0.0016406258800998,61.794532775878906,1.5446149110794067,0.0012644743546843,4347.16748046875,0
651,0.3248048722743988,0.0155078209936618,6247.33447265625,0.0266639832407236,0.0732493251562118,175.4899749755859,1
652,0.0870508253574371,0.0279882960021495,4258.8603515625,1.957147240638733,0.0009979441529139,45.95016860961913,4
653,0.4879104197025299,0.2921876609325409,938.7741088867188,0.0293163359165191,0.0666221156716346,1377.302001953125,2
654,0.3813283443450928,0.1226953789591789,119.88343811035156,0.0237697549164295,0.0821686387062072,65.56029510498047,1
655,0.0002734376466833,0.0002148438652511,92.12872314453124,9.97772979736328,0.0001957485656021,7314.28173828125,4
656,0.0206054802983999,0.0053710965439677,77.5494384765625,0.3026954233646393,0.0064524449408054,339.7154541015625,3
657,0.4878713488578796,0.1902930736541748,185.5373687744141,0.0260821897536516,0.0748839750885963,1576.2352294921875,2
658,0.3672462999820708,0.1239844411611557,418.07513427734375,0.0400120355188846,0.0488135665655136,103.47279357910156,1
659,0.0160351656377315,0.0047070337459445,55.28774642944336,0.4233999252319336,0.0046129585243761,1933.2509765625,0
660,0.3506056666374206,0.2707423269748688,133.6968536376953,0.0279895085841417,0.069780595600605,145.4625701904297,1
661,0.0124414125457406,0.0040234397165477,151.24810791015625,0.84295254945755,0.0023170055355876,1687.9112548828125,0
662,0.0135742258280515,0.004453127272427,57.90018081665039,0.6750724911689758,0.0028932078275829,1989.0637207031248,0
663,0.4878127574920654,0.1306641399860382,830.8821411132812,0.0322103835642337,0.0606362670660018,1660.47314453125,2
664,0.2882423400878906,0.0056835967116057,63.641632080078125,0.0847092866897583,0.0230567585676908,86.73257446289062,3
665,0.4141213297843932,0.0920898914337158,61.67519378662109,0.0326337106525898,0.0598496980965137,272.86688232421875,3
666,0.2308399677276611,0.128222718834877,1907.2561035156248,0.1301739960908889,0.0150039689615368,60.648075103759766,4
667,0.4839650988578796,0.0335547067224979,551.4756469726562,0.0368210561573505,0.0530434921383857,690.1323852539064,2
668,0.0684375390410423,0.0168359465897083,306.4622802734375,0.1007790938019752,0.0193802881985902,263.0135498046875,1
669,0.4061135053634644,0.0735937878489494,55.67650985717773,0.0578358843922615,0.0337700471282005,115.73119354248044,3
670,0.226172000169754,0.040097676217556,51.929298400878906,0.03687584400177,0.0529647842049598,504.04116821289057,2
671,0.4836721420288085,0.3505665957927704,688.8258056640625,0.030185081064701,0.0647050067782402,225.35926818847656,4
672,0.2502149641513824,0.0009765629656612,152.48101806640625,0.3358341753482818,0.0058157206512987,59.94845199584961,3
673,0.2920509278774261,0.1739649325609207,292.30426025390625,2.142351627349853,0.0009116720757447,17.120302200317383,4
674,0.1492578983306884,0.0139062572270631,61.41623306274414,0.1975082755088806,0.0098887830972671,40.19887924194336,3
675,0.4878713488578796,0.0996484905481338,51.541282653808594,0.0246814135462045,0.0791331157088279,629.2642822265625,2
676,0.4868166744709015,0.4709963500499725,713.7329711914064,0.033355988562107,0.05855368450284,940.805908203125,2
677,0.3623048961162567,0.3457618951797485,5035.32568359375,0.0598878376185894,0.0326130129396915,96.60372161865232,1
678,0.4880666732788085,0.2390626221895217,166.09808349609375,0.0215276442468166,0.0907265618443489,1354.3231201171875,2
679,0.4364455342292785,0.0953516140580177,67.04341888427734,0.0528658255934715,0.0369451083242893,183.29893493652344,3
680,0.0471093989908695,0.0241992324590682,1718.5484619140625,0.173286035656929,0.0112711023539304,191.044677734375,1
681,0.226191520690918,0.1481446176767349,168.33102416992188,0.1026882454752922,0.0190199762582778,1078.7318115234375,2
682,0.32611346244812,0.090918019413948,58.48233795166016,0.0454506911337375,0.0429725237190723,294.3760681152344,3
683,0.316367357969284,0.0099609429016709,322.8295288085937,0.1054603829979896,0.0185199622064828,94.82646942138672,3
684,0.4861916601657867,0.468945562839508,161.0162353515625,0.0248733554035425,0.0785225182771682,1783.247314453125,2
685,0.3664259910583496,0.1197852194309234,143.50869750976562,0.063769020140171,0.0306283216923475,753.2216796875,2
686,0.4882815182209015,0.1524219512939453,558.0520629882812,0.0207632277160882,0.0940669476985931,1548.287109375,2
687,0.4876955747604369,0.1000195816159248,50.970561981201165,0.0174640901386737,0.1118361130356788,1638.317138671875,2
688,0.2067579180002212,0.0693945661187172,106.88990783691406,0.0865318551659584,0.0225711148232221,343.3967590332031,3
689,0.0136914132162928,0.0020507823210209,56.65953826904297,0.4816582798957824,0.0040550073608756,2702.423828125,0
690,0.3856447339057922,0.012695319019258,146.55650329589844,0.0856532752513885,0.0228026937693357,134.83912658691406,3
691,0.0129101630300283,0.0038085957057774,64.94251251220703,0.6379879713058472,0.0030613834969699,3718.0009765625,0
692,0.4881447851657867,0.1652930527925491,357.51483154296875,0.0278789233416318,0.0700574591755867,1157.4434814453125,2
693,0.4881057441234588,0.4652736783027649,97.60026550292967,0.0895370990037918,0.0218136366456747,346.2364501953125,3
694,0.488164335489273,0.4126564860343932,604.5926513671875,0.0235331654548645,0.0829950422048568,944.3541259765624,2
695,0.3482033014297485,0.0931641161441802,371.1700439453125,0.1478786170482635,0.0132076274603605,109.13164520263672,4
696,0.2654688954353332,0.1123438104987144,104.75836944580078,0.0311277769505977,0.0627453923225402,124.308349609375,1
697,0.4882619678974152,0.3225196897983551,1103.898681640625,0.0264855045825242,0.0737429782748222,1935.4364013671875,2
698,0.3133595287799835,0.1806055605411529,7107.77783203125,0.0294153150171041,0.0663980841636657,137.22256469726562,1
699,0.4697268009185791,0.4287697672843932,110.26619720458984,0.0525945872068405,0.0371354557573795,144.76499938964844,3
700,0.2646681070327759,0.0097851613536477,61.985454559326165,0.1995612233877182,0.0097871618345379,79.34465789794922,3
701,0.4882619678974152,0.3765040934085845,248.2806701660156,0.0263238418847322,0.0741956084966659,1034.2808837890625,2
702,0.2903712391853332,0.0267968885600566,285.3646545410156,0.1022361069917678,0.0191040597856044,154.97402954101562,3
703,9.765630238689482e-05,5.8593781432136886e-05,219.1159820556641,34.38129043579101,5.68078103242442e-05,20479.98828125,4
704,0.0070117223076522,0.0022851575631648,417.5635986328125,1.3085094690322876,0.0014926353469491,4135.93115234375,0
705,0.3347072005271912,0.0128125064074993,404.3517456054688,0.0277346968650817,0.070421814918518,164.32272338867188,1
706,0.1501172631978988,0.0290429834276437,61.75343704223633,0.2258523553609848,0.008647795766592,499.60943603515625,2
707,0.1564453989267349,0.0076953168027102,54.82817840576172,0.2180322706699371,0.0089579606428742,76.7040786743164,3
708,0.2757032811641692,0.072382852435112,181.2417907714844,0.0466476045548915,0.0418696999549865,119.69389343261716,1
709,0.3980275690555573,0.3664259910583496,1061.8885498046875,0.0303390752524137,0.0643767416477203,103.00794219970705,1
710,0.0010546881239861,7.812504190951586e-05,131.1086273193359,6.607324600219728,0.0002956001262646,5688.8857421875,4
711,0.4422658681869506,0.1679297834634781,2315.122314453125,0.0946022793650627,0.0206456836313009,18.088666915893555,4
712,0.4877736866474152,0.4583205580711365,139.75718688964844,0.0182294659316539,0.1071411967277526,1672.906982421875,2
713,0.3204298615455627,0.0068554724566638,7224.452148437501,0.0201500598341226,0.0969290360808372,436.9130859375,1
714,0.3953322470188141,0.2399805933237076,91.36648559570312,0.029442261904478,0.0663373619318008,129.0054168701172,1
715,0.4783010482788085,0.1000391170382499,50.353736877441406,0.0497249886393547,0.0392784886062145,411.87448120117193,3
716,0.4878713488578796,0.3535353541374206,395.9842224121094,0.0222126320004463,0.0879284292459487,846.5346679687501,2
717,0.3218165934085845,0.0151953203603625,6391.42529296875,0.0308976769447326,0.0632128566503524,189.5489654541016,1
718,0.3260158002376556,0.0044726585038006,5423.52978515625,0.0304977819323539,0.0640416368842125,184.04016113281247,1
719,0.4848244786262512,0.4018361568450928,744.9912719726561,0.0306261647492647,0.0637732073664665,1796.5264892578125,2
720,0.4881447851657867,0.2087891697883605,6864.6572265625,0.0311216600239276,0.0627577677369117,331.8687438964844,1
721,0.4882619678974152,0.377304881811142,69.19274139404297,0.0174164976924657,0.1121419742703437,2211.92724609375,2
722,0.4879299402236937,0.1770704090595245,75.92567443847656,0.0201964024454355,0.0967068672180175,1908.0607910156248,2
723,0.333164244890213,0.213281363248825,227.38186645507807,0.1294209659099578,0.0150912720710039,240.121810913086,3
724,0.3966603577136993,0.0844922363758087,53.47389221191406,0.1437393277883529,0.0135879889130592,133.61557006835935,3
725,0.0931445807218551,0.0768555104732513,213.00695800781247,0.1284686177968979,0.0152031574398279,322.0799255371094,3
726,0.3685939610004425,0.0651562884449958,65.47581481933594,0.0984454378485679,0.0198397170752286,84.10338592529295,3
727,0.0226757936179637,0.0053710965439677,73.98907470703125,0.3678144216537476,0.0053100865334272,529.1986694335938,3
728,0.0289062652736902,0.0105078183114528,82.76232147216797,0.3037253022193908,0.0064305639825761,968.6481323242188,0
729,0.3589455187320708,0.239843875169754,134.8085479736328,0.0259352084249258,0.0753078237175941,130.9390869140625,1
730,0.428261935710907,0.0942773967981338,54.75683975219727,0.0598204918205738,0.0326497964560985,121.4210205078125,3
731,0.0039843772538006,0.0003710939490702,107.22755432128906,2.493170738220215,0.0007833906565792,3513.723388671875,0
732,0.4851369857788085,0.047167994081974,622.5087890625,0.0278971474617719,0.0700117945671081,1125.455322265625,2
733,9.765630238689482e-05,3.906252095475793e-05,56.728565216064446,35.2180061340332,5.545816384255886e-05,20479.98828125,4
734,0.4882815182209015,0.4729104042053223,59.3178825378418,0.0181429050862789,0.1076527759432792,614.399658203125,2
735,0.0643164440989494,0.0056835967116057,62.325881958007805,0.281369000673294,0.0069415038451552,155.48123168945312,3
736,0.0146679766476154,0.0145898517221212,838.8291625976561,2.125189781188965,0.0009190362179651,545.4058227539064,4
737,0.476758062839508,0.0941602066159248,51.107131958007805,0.0330208167433738,0.0591483451426029,287.35748291015625,4
738,0.4880080819129944,0.4411721229553223,1215.877685546875,0.0338433235883712,0.0577107854187488,758.1841430664062,2
739,0.2122852653264999,0.1814454048871994,51.11589813232422,0.1154528930783271,0.0169170536100864,155.45120239257812,3
740,0.4794338643550873,0.3735548853874207,806.6691284179686,0.0369321107864379,0.0528842508792877,1249.3902587890625,2
741,0.1375195980072021,0.106621153652668,3056.21728515625,0.0638578981161117,0.0305855460464954,181.79226684570312,1
742,0.3099611103534698,0.0019140634685754,2176.54248046875,0.0490173064172267,0.0398458391427993,112.91738891601562,1
743,0.4857033789157867,0.1251953840255737,634.0916137695312,0.026839779689908,0.0727702602744102,2013.5745849609373,2
744,0.0504101850092411,0.0017187509220093,52.51103973388672,0.4968775808811188,0.0039307912811636,535.6060180664064,3
745,0.3196876645088196,0.0316601730883121,4238.79443359375,0.0426780022680759,0.0457642562687396,65.68911743164062,1
746,0.0884570777416229,0.0679492577910423,62.0274772644043,0.2377821654081345,0.0082139354199171,158.2688446044922,3
747,0.319297045469284,0.009355473332107,7318.100585937501,0.0212878491729497,0.091747872531414,450.99069213867193,1
748,0.0005078127724118,9.765630238689482e-05,67.0292739868164,11.391365051269531,0.0001714567333692,7876.918945312499,4
749,0.4826955795288085,0.1170508414506912,119.4486083984375,0.0539507009088993,0.0362021178007125,321.1133728027344,3
750,0.3786525428295136,0.0957617685198783,157.0355682373047,0.0629314109683036,0.0310357492417097,203.35266113281247,3
751,0.4758986830711365,0.0963281765580177,54.8577537536621,0.0477668605744838,0.0408887639641761,626.1837158203125,3
752,0.4252932071685791,0.3088673651218414,3878.3754882812495,0.1076881885528564,0.0181368142366409,49.37770080566406,4
753,0.0079687545076012,0.0007812504190951,160.54444885253906,0.9508293867111206,0.0020541290286928,3639.213623046875,0
754,0.4325588345527649,0.1094727143645286,60.19959259033203,0.0650599151849746,0.0300203338265419,152.5803985595703,3
755,0.4882815182209015,0.1406641453504562,591.7819213867188,0.0227072276175022,0.0860134735703468,759.8075561523436,2
756,0.0070117223076522,0.0019531259313225,227.0014190673828,1.2083446979522705,0.0016163663240149,1283.5648193359375,0
757,0.483769804239273,0.0599609687924385,429.4712524414063,0.027863061055541,0.0700974762439727,696.6123046875,2
758,0.012695319019258,0.0042578149586915,80.20170593261719,0.7505158185958862,0.0026023793034255,2599.38330078125,0
759,0.0007617191877216,3.906252095475793e-05,442.0068359375,7.19735050201416,0.0002713674330152,3938.459228515625,4
760,0.2841017246246337,0.0002539063862059,113.11495971679688,0.0731652453541755,0.0266947876662015,535.0196533203125,2
761,0.4863479137420654,0.3575001955032348,217.686767578125,0.0262953117489814,0.0742765069007873,1453.69189453125,2
762,0.0124804750084877,0.0039843772538006,57.40875244140625,0.5506597757339478,0.003546881256625,2724.25537109375,0
763,0.3652345836162567,0.0149804763495922,169.8644561767578,0.0360292345285415,0.0542092584073543,68.44915771484375,1
764,0.1489453911781311,0.1466602385044098,3240.27197265625,0.7836273908615112,0.0024924222379922,67.13870239257812,4
765,0.3313283026218414,0.3312697112560272,198.52622985839844,1.4751913547515867,0.0013239815598353,9.054463386535645,4
766,0.4882815182209015,0.1091016232967376,65.99315643310547,0.018581498414278,0.1051116436719894,497.6637268066406,2
767,0.2672852873802185,0.1547461748123168,90.30625152587888,0.0325968563556671,0.0599176995456218,145.91151428222656,1
768,0.1526953876018524,0.0627344101667404,236.53771972656247,0.0557586438953876,0.0350282117724418,130.9797210693359,1
769,0.35931658744812,0.0131054753437638,388.4674072265625,0.0305525530129671,0.0639270395040512,97.4071350097656,1
770,0.0134961009025573,0.0038085957057774,79.20022583007811,0.6518303155899048,0.0029963734559714,3037.91455078125,0
771,0.0048632840625941,0.0001953126047737,111.89974975585936,0.7604640126228333,0.0025683359708637,411.2447509765625,4
772,0.0127148507162928,0.0013867195229977,113.46514892578124,0.7151997685432434,0.0027308838907629,2438.093994140625,0
773,0.487969011068344,0.2381641864776611,381.7761840820313,0.0260100755840539,0.0750914216041565,2168.17041015625,2
774,0.2439649701118468,0.0022656260989606,52.39258575439453,0.1296908259391784,0.0150598641484975,45.08843994140625,3
775,0.1972266733646392,0.1971485465764999,132.34767150878906,1.4560093879699707,0.001341423834674,30.42184829711914,4
776,0.4880080819129944,0.1237891316413879,161.94534301757812,0.0211327541619539,0.0924218818545341,1510.220947265625,2
777,0.4875979125499725,0.4483010172843932,85.42161560058594,0.0227308254688978,0.0859240218997001,1257.183349609375,2
778,0.4881057441234588,0.0998633354902267,52.41741180419922,0.0281757898628711,0.0693192556500434,1151.389892578125,2
779,0.0112500060349702,0.0038476584013551,75.52629089355469,0.7606483697891235,0.002567711751908,3377.77587890625,0
780,0.4881838560104369,0.1408203840255737,145.21791076660156,0.0222281329333782,0.087866835296154,2251.200927734375,2
781,0.2926954627037048,0.1040039584040641,2653.31298828125,0.0603281557559967,0.0323750339448452,109.32865142822264,1
782,0.4339846074581145,0.4335353970527649,374.1912231445313,0.1273242682218551,0.0153398048132658,39.1718978881836,4
783,0.0281054843217134,0.0104101616889238,131.43719482421875,0.2981504201889038,0.0065508126281201,1850.1727294921875,0
784,0.4882815182209015,0.1384961754083633,50.22542190551758,0.0164128318428993,0.1189998462796211,1964.0308837890625,2
785,0.3238087594509125,0.0010546881239861,101.74771118164062,0.1221031546592712,0.0159956775605678,95.73551940917967,3
786,0.3380079865455627,0.2501759231090545,1210.72119140625,0.0368646755814552,0.0529810637235641,121.29891204833984,1
787,0.0148437581956386,0.0049414089880883,77.44117736816406,0.5317946672439575,0.0036727096885442,2223.15673828125,0
788,0.3294337689876556,0.0107421930879354,391.5799560546875,0.0377480126917362,0.0517412833869457,118.38494873046876,1
789,0.0267382953315973,0.000683594145812,58.02986145019531,0.5272518396377563,0.0037043462507426,186.99771118164065,4
790,0.4374807178974152,0.0980078652501106,58.2784309387207,0.0572564713656902,0.0341119840741157,132.5772705078125,3
791,0.4881252646446228,0.2034180760383605,272.8221740722656,0.0250186417251825,0.078066810965538,2163.379150390625,2
792,0.0364453308284282,0.0247070454061031,564.5079956054688,0.4308792352676392,0.0045328862033784,1756.0548095703125,0
793,0.4876174628734588,0.028925796970725,72.66036987304686,0.0226328745484352,0.0862962752580642,873.6356811523436,2
794,0.4882815182209015,0.3108595311641692,51.642105102539055,0.012006601318717,0.1626711785793304,761.8555908203125,2
795,0.020878916606307,0.0014453132171183,146.8396453857422,0.4530406892299652,0.0043111499398946,431.0568542480469,3
796,0.2421290427446365,0.0382812693715095,4822.041015625,0.0597341507673263,0.0326969139277935,128.03089904785156,1
797,0.4880276024341583,0.1649414896965026,120.6678466796875,0.0226357914507389,0.0862846001982688,2204.793212890625,2
798,0.3837111294269562,0.0938281789422035,50.81214141845703,0.0845778509974479,0.0230928007513284,75.57769012451172,3
799,0.0002734376466833,0.0002148438652511,66.9299545288086,19.680435180664062,9.924201003741472e-05,10971.4228515625,4
800,0.4565041363239288,0.1118945926427841,68.86337280273438,0.0390081144869327,0.0500698424875736,429.3498840332031,3
801,0.000156250083819,9.765630238689482e-05,84.37654113769531,20.335113525390625,9.604697697795928e-05,12799.9931640625,4
802,0.0001367188233416,5.8593781432136886e-05,50.338863372802734,20.9346981048584,9.329611930297688e-05,14628.5634765625,4
803,0.3590627014636993,0.1569336801767349,83.80960083007811,0.0582805313169956,0.0335122644901275,952.4798583984376,3
804,0.0121875070035457,0.0049804714508354,72.48907470703125,0.6711146831512451,0.0029102719854563,2051.28076171875,0
805,9.765630238689482e-05,3.906252095475793e-05,454.2505798339844,35.79777908325195,5.4559983254876e-05,20479.98828125,4
806,0.000312500167638,0.0001953126047737,4350.9453125,9.473410606384276,0.0002061692212009,6399.99658203125,4
807,0.487969011068344,0.3752540946006775,271.0565795898437,0.0291486680507659,0.067005731165409,1762.406982421875,2
808,0.0097656305879354,0.0019531259313225,72.23599243164062,0.8086444735527039,0.002415309427306,2355.19873046875,0
809,0.0038281269371509,0.0020117198582738,178.710205078125,1.688149333000183,0.0011569624766707,2089.794921875,0
810,0.182539165019989,0.0042578149586915,2985.681396484375,0.1308965384960174,0.0149211958050727,180.7831268310547,4
811,0.4882229268550873,0.1164844408631324,73.96495819091795,0.0247939955443143,0.0787744224071502,1949.9289550781248,2
812,0.2938087582588196,0.0039257835596799,155.70745849609375,0.1444286853075027,0.0135230561718344,64.66791534423828,3
813,0.4880471229553223,0.3308986127376556,808.5509033203125,0.0237428247928619,0.0822617784142494,1567.4715576171875,2
814,0.0537304989993572,0.0416406467556953,498.3130798339844,0.1453616470098495,0.0134363155812025,130.2798309326172,1
815,0.018339853733778,0.0028320327401161,65.74525451660156,0.5649833679199219,0.0034569604322314,817.8909301757811,0
816,0.3895314633846282,0.0087695363909006,89.25104522705078,0.1194921284914016,0.0163452252745628,223.34524536132807,3
817,0.0149218831211328,0.0039453147910535,211.15347290039065,0.6118916869163513,0.0031919465400278,1943.4544677734373,0
818,0.4158205389976501,0.2356055974960327,1552.2308349609375,0.0435905456542968,0.0448062643408775,91.38557434082033,1
819,0.4882815182209015,0.1261133551597595,144.31922912597656,0.0194991137832403,0.1001650691032409,1556.4791259765625,2
820,0.2996486127376556,0.0097265681251883,598.6432495117188,0.0475480034947395,0.0410766899585723,90.10553741455078,1
821,0.479179948568344,0.2591798305511474,762.5119018554686,0.0349638573825359,0.0558613538742065,828.498779296875,2
822,0.4727737009525299,0.0846289545297622,58.17229080200195,0.040589116513729,0.0481193624436855,835.494873046875,2
823,0.4880471229553223,0.1114063113927841,70.49728393554688,0.021329790353775,0.0915679112076759,1571.569580078125,2
824,0.487988531589508,0.4805080592632293,165.63436889648435,0.0230958703905344,0.0845657810568809,1280.767822265625,2
825,0.3095118701457977,0.0012109382078051,94.03944396972656,0.4041059017181397,0.0048332060687243,64.61787414550781,3
826,0.3562111258506775,0.2715626358985901,153.84255981445312,0.0226774886250495,0.0861265808343887,106.67830657958984,1
827,0.4882229268550873,0.3913674056529999,267.9874572753906,0.024691741913557,0.0791002586483955,1530.0386962890625,2
828,0.044726587831974,0.0060351593419909,63.451263427734375,0.19181889295578,0.0101821310818195,89.43226623535155,3
829,0.4875979125499725,0.1762305647134781,50.6631965637207,0.0206708703190088,0.0944864898920059,1197.7081298828125,2
830,0.4882815182209015,0.3287306427955627,736.3270874023436,0.0257591009140014,0.075823001563549,2160.638916015625,2
831,0.0175195410847663,0.0024414076469838,74.01398468017578,0.4806621968746185,0.0040634083561599,1826.5318603515625,0
832,0.0155664142221212,0.0049218777567148,71.87654876708984,0.6354814171791077,0.0030734569299966,1092.0948486328125,0
833,0.4394338428974152,0.0735547244548797,65.46540832519531,0.0336804687976837,0.0579899400472641,238.94381713867188,3
834,0.4799221456050873,0.3030470311641692,120.42525482177734,0.061982050538063,0.0315111018717289,175.0283966064453,3
835,0.0056640654802322,0.0001171875628642,3878.8198242187514,9.225626945495604,0.0002117065450875,529.6549072265625,4
836,0.0128125064074993,0.0031835953705012,110.22579956054688,0.7458745241165161,0.0026185726746916,1092.682373046875,0
837,0.479668229818344,0.0290429834276437,102.8257064819336,0.0375526025891304,0.0520105101168155,519.1088256835938,2
838,0.4866213500499725,0.0949023962020873,962.2373046875,0.0249502770602703,0.0782807469367981,1222.716552734375,2
839,0.4812111854553223,0.2921681106090545,414.1151428222656,0.04158316552639,0.046969037503004,56.1084213256836,1
840,0.000468750251457,0.0001953126047737,428.6882629394531,7.503387451171875,0.0002602992753963,6399.99658203125,4
841,0.012304694391787,0.0013281257124617,81.73226165771484,0.6793562769889832,0.0028749648481607,2438.093994140625,0
842,0.4880666732788085,0.1094141229987144,152.7648773193359,0.0255622901022434,0.0764064043760299,1950.55322265625,2
843,0.488164335489273,0.2678126394748688,171.4846954345703,0.0207337792962789,0.09420046210289,1864.1263427734373,2
844,0.063515655696392,9.765630238689482e-05,475.32739257812494,1.2833987474441528,0.0015218425542116,47.23244857788086,4
845,0.4882815182209015,0.3070314228534698,168.9593963623047,0.0191378071904182,0.1020556911826133,1546.2391357421875,2
846,0.4882229268550873,0.3346681594848633,234.00311279296875,0.0201300028711557,0.097025066614151,1499.3150634765625,2
847,0.3232423663139343,0.0130078196525573,538.1912841796875,0.0380388721823692,0.051345445215702,145.4017333984375,1
848,0.0145703200250864,0.0038476584013551,77.82624053955078,0.7129824757575989,0.0027393735945224,1509.9188232421875,0
849,0.0162695404142141,0.0083398483693599,186.07373046875,0.6151543259620667,0.0031750160269439,983.4328002929688,3
850,0.3895314633846282,0.154765710234642,88.00386810302734,0.0562391579151153,0.0347290523350238,287.52490234375,3
851,0.0045898463577032,0.0012109382078051,59.02194213867188,2.872981786727905,0.0006798256654292,871.4888916015626,4
852,0.2312501221895217,0.0040039084851741,58.62653350830078,0.127109408378601,0.0153656788170337,164.32423400878906,3
853,0.3503517508506775,0.013925788924098,359.90936279296875,0.0264059714972972,0.0739654451608657,117.0252456665039,1
854,0.4882424473762512,0.3502736389636993,160.1016082763672,0.0195808503776788,0.0997464433312416,1872.0207519531248,2
855,0.3465236127376556,0.0370703339576721,103.48777770996092,0.0844528079032898,0.0231269337236881,357.8399658203125,3
856,0.4872854053974152,0.1323828846216201,394.19732666015625,0.0407201573252677,0.0479646660387516,539.7247924804688,2
857,0.0002929689071606,5.8593781432136886e-05,76.3790283203125,29.16353416442871,6.697151547996327e-05,6826.6630859375,4
858,0.324863463640213,0.0131445387378335,552.4505004882812,0.0379885137081146,0.0514134839177131,132.36329650878906,1
859,0.4235353767871856,0.2052149474620819,92.92393493652344,0.0192008484154939,0.101720355451107,602.0748291015625,3
860,0.0459570549428463,0.0070312535390257,2021.20556640625,0.1858378201723098,0.0105098383501172,217.59445190429688,1
861,0.4881447851657867,0.3966799080371856,173.52694702148435,0.0218574311584234,0.0893573388457298,2335.372802734375,2
862,0.4882815182209015,0.1000391170382499,53.57762145996094,0.0207138750702142,0.0942908972501754,1091.5833740234375,2
863,0.0014257819857448,0.0001171875628642,133.1089630126953,3.177060842514038,0.000614759104792,1402.739013671875,4
864,0.3348830044269562,0.0149414138868451,475.6441040039063,0.0400701351463794,0.0487425476312637,59.72235107421875,1
865,0.0009765629656612,0.0009179692715406,2403.492919921875,5.235339164733888,0.0003730658208951,3071.99853515625,4
866,0.111015684902668,0.1109570935368538,200.3804168701172,2.0538649559021,0.0009509531082585,81.06962585449217,4
867,0.0099804736673831,0.0031445329077541,150.0235137939453,0.9425182938575744,0.0020722418557852,2104.108642578125,0
868,0.4773635268211365,0.0202539172023534,2529.56982421875,0.0371060743927955,0.0526364110410213,104.74198150634764,1
869,0.0079101603478193,0.0006054691039025,139.68527221679688,0.9515166282653807,0.0020526454318314,3539.751220703125,0
870,0.4875979125499725,0.1416211724281311,138.92123413085935,0.0216492917388677,0.0902166441082954,1136.1820068359375,2
871,0.4882815182209015,0.1004883348941802,53.71520614624024,0.0202289875596761,0.0965507999062537,1482.751220703125,2
872,0.3231251835823059,0.0745898857712745,55.55508804321289,0.2001703083515167,0.0097572989761829,27.85298156738281,3
873,7.812504190951586e-05,3.906252095475793e-05,2449.76611328125,40.8975715637207,4.7756526328157634e-05,25599.986328125,4
874,0.4768166542053223,0.4495510160923004,63.8628158569336,0.0657053813338279,0.0297254864126443,442.51809692382807,3
875,0.4882033765316009,0.1308594495058059,52.9460334777832,0.0196230094879865,0.0995326861739158,888.9737548828125,2
876,0.1287891268730163,0.0857617631554603,64.5913314819336,0.2654609382152557,0.0073574874550104,520.230224609375,3
877,0.4694924354553223,0.3901564478874207,153.8002471923828,0.0699733942747116,0.027912400662899,276.894775390625,2
878,0.4803322851657867,0.0991016179323196,74.27183532714844,0.1361206471920013,0.0143484575673937,151.97811889648435,3
879,0.0001367188233416,3.906252095475793e-05,56.9580192565918,22.68881797790528,8.608320058556274e-05,14628.5634765625,4
880,0.3804494142532348,0.3608205020427704,188.0257873535156,0.107363224029541,0.0181917622685432,383.7566833496094,3
881,0.3134767413139343,0.2652149796485901,7499.23291015625,0.020407335832715,0.0957065150141716,653.9559936523438,1
882,0.4550197720527649,0.0919141098856926,58.99101257324219,0.0653190463781356,0.0299013052135705,74.72203063964844,3
883,0.4866799414157867,0.0205468852072954,1003.2368774414062,0.0217172130942344,0.0899345949292182,3051.28662109375,2
884,0.2817579507827759,0.2779493629932403,611.2317504882812,0.0612538196146488,0.031885877251625,266.1859130859375,4
885,0.4035549163818359,0.0889844223856926,106.80622100830078,0.2480801194906234,0.0078729139640927,9.911910057067873,4
886,0.4879494905471802,0.4441994428634644,957.0657958984376,0.0350175350904464,0.0557758510112762,1252.1788330078125,2
887,0.0002343751257285,0.0001757813442964,2755.4755859375,14.95376205444336,0.0001306110207224,8533.3291015625,4
888,0.3864455223083496,0.107109434902668,126.96389770507812,0.0295298434793949,0.0661405846476554,111.27053833007812,1
889,0.4881252646446228,0.0198632925748825,55.72484588623047,0.0178760290145874,0.1092599853873252,790.7806396484374,2
890,0.3218556344509125,0.0420117415487766,90.57107543945312,0.5104255676269531,0.0038264680188149,21.748880386352536,4
891,0.1013867706060409,0.0422851778566837,63.558990478515625,0.1781200766563415,0.0109652047976851,907.4161987304688,3
892,0.3795119225978851,0.0019921886269003,50.95848083496094,0.072395347058773,0.0269785784184932,498.00805664062494,3
893,0.4635158777236937,0.0829492658376693,58.2365837097168,0.1088439002633094,0.0179442036896944,32.361351013183594,3
894,0.4882815182209015,0.4750393033027649,1588.835693359375,0.0355157777667045,0.054993201047182,61.43996810913086,1
895,0.4880276024341583,0.4615432024002075,65.11497497558594,0.0227665621787309,0.0857889279723167,895.441162109375,2
896,0.2707423269748688,0.0224609486758708,3090.677001953125,0.0539058186113834,0.0362321957945823,121.88710784912108,1
897,0.0006445315666496,5.8593781432136886e-05,59.571285247802734,13.438232421875,0.0001453409495297,6206.0576171875,4
898,0.482304960489273,0.4477346241474152,323.4045104980469,0.0294033475220203,0.0664254054427146,746.4157104492188,2
899,0.4211330413818359,0.0941797345876693,54.79307556152344,0.0668296068906784,0.0292254108935594,125.85096740722656,2
900,0.1975391656160354,0.0047851586714386,70.70401763916016,0.1327043026685714,0.0147178657352924,131.6194610595703,3
901,0.378281444311142,0.0165820401161909,176.78871154785156,0.0290615987032651,0.0672070160508155,87.23663330078125,1
902,0.0127539131790399,0.0127148507162928,145.89804077148435,2.2285044193267822,0.0008764289668761,705.665771484375,4
903,0.0030273452866822,0.0004492189909797,76.06383514404298,2.803480863571167,0.0006966788787394,3303.22412109375,0
904,0.0111328186467289,0.0013671882916241,769.9265747070312,1.4234834909439087,0.0013720743590965,2245.61279296875,0
905,0.3000587522983551,0.1310156881809234,3002.329345703125,0.0401874519884586,0.0486004240810871,153.30331420898435,1
906,0.0004296877305023,0.0003710939490702,162.3989715576172,8.197043418884277,0.0002382720122113,6981.814453125,4
907,0.0034375018440186,9.765630238689482e-05,102.3375778198242,2.2501299381256104,0.0008680061437189,4072.7250976562495,0
908,0.346836119890213,0.0190429780632257,307.4203491210937,0.0290137603878974,0.0673172771930694,121.0946578979492,1
909,0.3632033169269562,0.2642970085144043,184.48403930664065,0.0313060507178306,0.0623883232474327,107.37787628173828,1
910,0.4389064908027649,0.0865039527416229,52.75437545776367,0.0714782923460006,0.0273246858268976,439.7291870117188,3
911,0.0004492189909797,1.9531260477378964e-05,53.1581916809082,12.100592613220217,0.0001614074863027,8904.3427734375,4
912,0.122363343834877,0.0111523494124412,79.89850616455078,0.1647405624389648,0.0118557792156934,719.1696166992188,3
913,0.445996344089508,0.3398829996585845,73.11505889892578,0.0918436348438262,0.0212658289819955,136.7724151611328,3
914,0.0025390638038516,0.000312500167638,55.57666778564453,3.3950061798095703,0.000575293903239,3544.613525390625,0
915,0.0016210946487262,0.0015429696068167,315.00537109375,1.849637150764465,0.0010559506481513,1233.7342529296875,4
916,0.3879298865795136,0.1088086515665054,157.97463989257812,0.0281478185206651,0.0693883597850799,116.0003433227539,1
917,0.4867385327816009,0.4029884934425353,394.0939636230469,0.0246996618807315,0.0790746584534645,733.4533081054686,2
918,0.0110546937212347,0.0057226591743528,89.61516571044922,0.5771433711051941,0.0033841261174529,2804.23876953125,0
919,0.0134961009025573,0.0002929689071606,140.91604614257812,0.6239868402481079,0.0031300745904445,222.28642272949216,4
920,0.0007617191877216,0.000683594145812,236.7317657470703,6.757270336151123,0.0002890407049562,3938.459228515625,4
921,0.1003320887684822,0.0247656386345624,265.4074401855469,0.0881260484457016,0.0221628118306398,179.4042205810547,3
922,0.0267578270286321,0.0265625137835741,4686.01416015625,5.247093200683594,0.0003722300461959,112.11672973632812,4
923,0.2504298090934753,0.0896289572119712,63.176544189453125,0.0725852102041244,0.0269079990684986,103.82150268554688,4
924,0.3871095776557922,0.0839844197034835,205.78749084472656,0.0372829250991344,0.0523865967988967,82.66393280029295,1
925,0.4873830676078796,0.4437502324581145,130.22958374023435,0.0227005314081907,0.0860385671257972,958.1785278320312,2
926,0.4880666732788085,0.3101173639297485,1185.418212890625,0.0286234859377145,0.0682351812720298,2075.5361328125,2
927,0.1868751049041748,0.0033007829915732,52.51998519897461,0.3357728719711304,0.0058167995885014,74.91634368896483,3
928,0.487480729818344,0.067500039935112,67.32810974121094,0.021075814962387,0.0926718413829803,1128.249755859375,2
929,0.4859963655471802,0.2153712064027786,301.9891357421875,0.0263602565973997,0.0740933641791343,96.7085418701172,1
930,0.3465236127376556,0.0531836226582527,263.96124267578125,0.0284239333122968,0.0687141343951225,95.23160552978516,1
931,0.446972906589508,0.0588867515325546,64.97914123535156,0.0783823728561401,0.024917846545577,100.67724609375,3
932,0.4761916697025299,0.4705666601657867,312.33303833007807,0.0923905745148658,0.0211399905383586,73.49981689453125,3
933,0.4881057441234588,0.0411133021116256,65.29273223876953,0.0197754278779029,0.0987655967473983,663.7905883789064,2
934,0.4849221408367157,0.2367970049381256,671.4815673828125,0.0325832217931747,0.0599426142871379,828.9990844726561,2
935,0.367539256811142,0.0978320837020873,69.49459075927734,0.0597581043839454,0.0326838046312332,48.97436141967773,4
936,0.4651174247264862,0.0974219292402267,63.33625793457031,0.0871137157082557,0.0224203784018754,163.39959716796875,3
937,0.0301757976412773,0.0155273517593741,124.00843048095705,0.2933402061462402,0.0066582332365214,2286.6005859375,3
938,0.4859768152236937,0.4356838166713714,78.99501037597656,0.0258313324302434,0.0756105855107307,934.200927734375,2
939,0.3966213166713714,0.030878921970725,437.1785888671875,0.0596539638936519,0.0327407643198967,30.25555992126465,1
940,0.4868166744709015,0.0038867208641022,121.18610382080078,0.0475355014204978,0.0410876460373401,271.1492919921875,3
941,0.4827346205711365,0.4339064955711365,986.8668823242188,0.0406036376953124,0.0481020994484424,814.1118774414062,2
942,0.0192578230053186,0.0095312548801302,63.63446807861328,0.238712340593338,0.0081819184124469,207.70779418945312,3
943,0.4882815182209015,0.4827346205711365,218.42257690429688,0.0247049499303102,0.0790581926703452,2066.430908203125,2
944,0.0104492241516709,0.0030859392136335,153.4119110107422,0.905969738960266,0.0021558389998972,2105.41943359375,0
945,0.2386720031499862,0.0330664254724979,3191.829833984375,1.596054196357727,0.0012237156042829,25.13910293579101,4
946,0.4873244762420654,0.0409765839576721,95.38381958007812,0.0184756480157375,0.1057130843400955,1393.3221435546875,2
947,0.000156250083819,7.812504190951586e-05,886.2872924804686,21.81316375732421,8.953886572271585e-05,12799.9931640625,4
948,0.3405470550060272,0.1606641560792922,210.6830596923828,0.0391421094536781,0.0498984195291996,70.47484588623047,1
949,0.1218164712190628,0.0030859392136335,111.400634765625,0.2878757417201996,0.0067846281453967,550.0077514648438,2
950,0.245449349284172,0.0057031279429793,50.3391990661621,0.1269280612468719,0.0153876729309558,44.815765380859375,3
951,0.1840235292911529,0.0503906533122062,90.74735260009764,0.1104358360171318,0.0176856704056262,537.9746704101562,3
952,0.0164453219622373,0.0012890631332993,234.81561279296875,0.6695498824119568,0.0029170725028961,1276.9588623046875,0
953,0.4142580330371856,0.3766603469848633,285.9538269042969,0.1011554151773452,0.0193081684410572,193.1163482666016,3
954,0.4871096312999725,0.0878516063094139,11.607908248901367,0.0492511428892612,0.0396561957895755,470.12005615234375,3
955,0.33441424369812,0.0101953176781535,340.988525390625,0.0439461283385753,0.0444437712430954,74.75758361816406,1
956,0.1241406947374343,0.0606836266815662,96.4737548828125,0.0874581485986709,0.0223320871591568,410.8241882324218,3
957,0.000468750251457,0.0001757813442964,61.5996551513672,12.285404205322264,0.0001589793682796,10666.6611328125,4
958,0.487988531589508,0.1848047822713852,52.46417617797852,0.0133273238316178,0.1465501338243484,731.5745849609374,2
959,0.0007617191877216,0.0004296877305023,189.82380676269528,10.683895111083984,0.0001828102831495,5251.27880859375,4
960,0.4080080389976501,0.3808205127716064,86.66212463378906,0.059245865792036,0.032966524362564,225.4857482910156,3
961,0.0441015847027301,0.0440234616398811,124.88552856445312,5.259730339050293,0.0003713360347319,90.69969177246092,4
962,0.1391797661781311,0.0681836307048797,61.906787872314446,0.0878342166543006,0.0222364943474531,531.6864624023438,3
963,0.2096094936132431,0.1933008879423141,118.31402587890624,0.0777745619416236,0.0251126885414123,653.5963745117188,3
964,0.4826369881629944,0.096777394413948,53.95673751831056,0.072390466928482,0.0269805360585451,33.15121078491211,3
965,0.3201759457588196,0.0760937929153442,163.0586700439453,0.1257450431585312,0.0155323939397931,187.3969573974609,4
966,0.0340234562754631,0.0051367213018238,3044.50439453125,0.3518271148204803,0.0055513908155262,264.5233764648437,1
967,0.4880861937999725,0.1833399385213852,160.72555541992188,0.0202257484197616,0.096565842628479,1440.3193359375,2
968,0.0210546981543302,0.0077539104968309,86.91828155517578,0.3361053168773651,0.0058110491372644,284.9720153808594,3
969,0.0085546923801302,0.0020312510896474,174.0388641357422,1.1521902084350584,0.0016951416619122,3273.057373046875,0
970,0.4809182286262512,0.3677150309085845,315.4190979003906,0.0330077819526195,0.0591716654598712,800.5518798828125,2
971,0.0399804897606372,0.0222070440649986,1680.203369140625,0.1617535203695297,0.0120747135952115,200.0975952148437,1
972,0.2636329531669616,0.2514454424381256,109.93758392333984,0.1685515195131302,0.0115876579657197,102.41511535644533,3
973,0.3264259696006775,0.0109960995614528,2053.645263671875,0.0371631383895874,0.0525552555918693,147.047119140625,1
974,0.3903517723083496,0.0969922393560409,118.5723876953125,0.0293841548264026,0.0664688348770141,76.85375976562499,1
975,0.4867190122604369,0.4449025690555573,263.3177185058594,0.0241385400295257,0.0809133127331733,1873.7711181640625,2
976,0.4476564824581145,0.1314258575439453,63.93812561035156,0.2652510404586792,0.0073633012361824,71.48338317871094,4
977,0.2395704388618468,0.0290429834276437,124.27180480957033,1.2310168743133545,0.0015865979949012,20.870689392089844,4
978,0.4586525857448577,0.0993164628744125,57.76284408569336,0.0827139243483543,0.0236129537224769,156.9815673828125,3
979,0.4805080592632293,0.4513088464736937,634.5469970703125,0.0314247384667396,0.0621526986360549,574.3920288085938,2
980,0.1200195923447608,0.0964648947119712,154.45266723632812,0.5302068591117859,0.0036836974322795,133.3115692138672,3
981,0.3151368796825409,0.1007227078080177,75.6722412109375,0.0278608780354261,0.07010268419981,136.44863891601562,1
982,0.0150781329721212,0.0013671882916241,99.70193481445312,0.5748289227485657,0.0033977529965341,2520.205810546875,0
983,0.4882424473762512,0.0008203129400499,3791.5302734375,0.0517615303397178,0.0377330854535102,57.34855651855469,1
984,0.4880861937999725,0.3797658383846282,195.15953063964844,0.0232717581093311,0.0839269906282424,86.05037689208984,1
985,0.2761915624141692,0.0132031319662928,5860.2021484375,0.0546621568500995,0.035730917006731,112.24093627929688,1
986,0.4881838560104369,0.2220118343830109,6695.5009765625,0.0285893827676773,0.0683160349726677,381.0039978027344,1
987,0.4658401012420654,0.3511915802955627,223.0038299560547,0.0261949226260185,0.0745610073208808,111.62628173828124,4
988,0.487890899181366,0.0147070391103625,101.1702651977539,0.0212669428437948,0.0918383300304412,1664.3065185546875,2
989,0.1163477152585983,0.1162109971046447,3753.954833984375,3.0355184078216557,0.000643424806185,25.784778594970703,4
990,0.2993361055850982,0.1649219691753387,2184.9482421875,0.0512103885412216,0.0381392687559127,153.6734161376953,1
991,0.000527344061993,5.8593781432136886e-05,50.36731719970703,15.816608428955078,0.000123485806398,5688.8857421875,4
992,0.0134961009025573,0.0058203157968819,93.06344604492188,0.7139489054679872,0.0027356671635061,1926.4822998046875,0
993,0.1774024367332458,0.0200390741229057,94.02899169921876,0.1112754568457603,0.0175522286444902,62.00591278076172,3
994,0.4881057441234588,0.3813283443450928,925.3458251953124,0.0313961878418922,0.0622091777622699,1372.6533203125,2
995,0.480664312839508,0.0026562514249235,1048.9942626953125,0.0301323682069778,0.0648182928562164,1747.5814208984375,2
996,0.4882033765316009,0.3517384827136993,303.6922607421875,0.0171197280287742,0.114086277782917,1620.2264404296875,2
997,0.3095118701457977,0.0043945335783064,3410.0625,0.0507170967757701,0.0385102480649948,119.54307556152344,1
998,0.0083203166723251,0.0009570317342877,339.65411376953125,0.7967998385429382,0.0024512142408639,961.5018920898436,3
999,7.812504190951586e-05,3.906252095475793e-05,52.51164627075195,39.31971740722656,4.967294808011503e-05,25599.986328125,4
1000,0.3557033240795135,0.0020507823210209,103.16834259033205,0.07920603454113,0.0246588047593832,258.6425170898437,2
1001,0.0103515684604644,0.0018945322372019,117.1264190673828,0.5602680444717407,0.0034860556479543,386.4148864746094,3
1002,0.4880471229553223,0.1000586450099945,51.57942581176758,0.0630140006542205,0.0309950001537799,43.028633117675774,3
1003,0.4822072982788085,0.0427343994379043,183.18415832519528,0.0294668171554803,0.0662820562720298,891.732666015625,2
1004,0.4830666780471802,0.1827540099620819,108.64785003662108,0.0493134446442127,0.039606362581253,250.48301696777344,3
1005,0.4882815182209015,0.1000586450099945,51.11151885986328,0.0138201396912336,0.1413234770298004,716.7996215820312,2
1006,0.4168752133846282,0.0342578291893005,70.86026000976562,0.0733566135168075,0.026625083759427,119.93997192382812,3
1007,0.3433009684085845,0.0085742231458425,507.59771728515625,0.034323550760746,0.0569033473730087,116.51583862304688,1
1008,0.329550951719284,0.0139843821525573,2746.80712890625,0.0299286097288131,0.0652595236897468,127.44615173339844,1
1009,0.1300391256809234,0.0038476584013551,70.8796615600586,0.3250401616096496,0.006008893251419,361.4296875,3
1010,0.2647266983985901,0.2274219989776611,3548.83056640625,0.0510902032256126,0.0382290482521057,120.87938690185544,1
1011,0.0064062532037496,0.0016015633009374,97.1637496948242,1.8008805513381958,0.0010845396900549,3121.94970703125,0
1012,0.0034960955381393,0.0034375018440186,79.71222686767578,7.837048053741454,0.000249217118835,1716.2001953125,4
1013,0.369277536869049,0.1567578911781311,88.66136932373047,0.0946645587682724,0.0206320043653249,59.575786590576165,3
1014,0.450410395860672,0.4264455437660217,3731.2236328125,0.0815864279866218,0.0239393636584281,13.321184158325195,4
1015,0.3563673794269562,0.2319923192262649,246.22772216796875,0.0848883464932441,0.0230082497000694,165.55947875976562,3
1016,0.4882229268550873,0.425801008939743,101.74166107177734,0.0183824710547924,0.1062494590878486,1620.1614990234375,2
1017,0.0021289074793457,0.0015625008381903,2202.728515625,1.4005330801010132,0.0013945588143542,2348.62255859375,4
1018,0.4425588250160217,0.2945704758167267,2119.495849609375,0.0517606511712074,0.0377338752150535,61.008838653564446,1
1019,0.4759572744369506,0.0927930176258087,53.25225067138672,0.0352603644132614,0.0553914606571197,363.47799682617193,4
1020,0.487988531589508,0.3206056356430053,133.0233917236328,0.0444854125380516,0.0439049415290355,428.2887573242188,2
1021,0.1419532001018524,0.1419141441583633,5585.6103515625,2.2863757610321045,0.0008542452123947,21.13372611999512,4
1022,0.4866409003734588,0.1926563531160354,66.02079010009766,0.0200715195387601,0.0973082035779953,620.580810546875,2
1023,9.765630238689482e-05,5.8593781432136886e-05,116.60942077636716,33.52649688720703,5.825619882671162e-05,20479.98828125,4
1024,0.0043164086528122,0.0015429696068167,85.0155258178711,1.882062911987305,0.0010377581929787,4865.15576171875,0
1025,0.3964650630950928,0.0220312625169754,60.4180793762207,0.0823040306568145,0.0237306524068117,161.42657470703125,3
1026,0.241543099284172,0.0002148438652511,127.57614135742188,0.0868421867489814,0.0224905163049697,20.700239181518555,4
1027,0.2102149575948715,0.0198828224092721,110.06373596191406,0.0343791767954826,0.0568113625049591,118.92588806152344,1
1028,9.765630238689482e-05,3.906252095475793e-05,390.0276489257813,38.42005920410156,5.083610085421242e-05,20479.98828125,4
1029,0.0347070507705211,0.0043945335783064,216.24888610839844,0.2868253290653229,0.0068094627931714,1613.5050048828125,0
1030,0.2907032668590545,0.1355078816413879,66.09349822998047,0.0298424158245325,0.0654481351375579,147.9171600341797,1
1031,0.473828375339508,0.148906335234642,63.58391189575195,0.2664323449134826,0.0073306434787809,56.98265838623047,4
1032,0.4877736866474152,0.2367774695158004,76.77731323242188,0.0199587773531675,0.0978577733039856,1307.983642578125,2
1033,0.485937774181366,0.431679904460907,365.5169982910156,0.0372421741485595,0.0524441786110401,1053.6328125,2
1034,0.4882815182209015,0.0846680104732513,182.51422119140625,0.0215625613927841,0.0905797854065895,1617.9190673828125,2
1035,0.0117382872849702,0.0033984393812716,58.25984954833984,0.7092146277427673,0.0027539257425814,2555.739013671875,0
1036,0.0198437608778476,0.004238283727318,212.10577392578125,0.3278080224990845,0.0059581431560218,302.3620300292969,3
1037,0.3331056535243988,0.0272265765815973,183.006103515625,0.0755391344428062,0.0258557647466659,516.3526611328125,2
1038,0.0137890698388218,0.002089844783768,70.748291015625,0.6525876522064209,0.0029928924050182,290.0848388671875,3
1039,0.2494923174381256,0.1029688045382499,2079.6357421875,0.0532795190811157,0.036658052355051,88.17906951904298,1
1040,0.0114062558859586,0.0033593769185245,261.4266662597656,0.9126102328300476,0.0021401536650955,2279.450927734375,0
1041,0.4024611413478851,0.3090822100639343,55.52084732055664,0.0364508889615535,0.0535824038088321,889.5268554687501,3
1042,0.333164244890213,0.2747657597064972,73.38373565673827,0.0411912612617015,0.0474159345030784,294.1492004394531,3
1043,0.3320704996585845,0.0105664115399122,431.89895629882807,0.0444254912436008,0.0439640805125236,72.27381134033203,1
1044,0.1965821385383605,0.1833790093660354,70.33016204833984,0.0998836457729339,0.0195540003478527,295.04205322265625,3
1045,0.4600783586502075,0.1232617869973182,55.751312255859375,0.0656245052814483,0.0297622270882129,221.7013702392578,3
1046,0.0002148438652511,3.906252095475793e-05,1623.548828125,27.6860466003418,7.054549496388063e-05,13963.62890625,4
1047,0.4877736866474152,0.0996680185198783,52.247802734375,0.0175941288471221,0.1110101863741874,1316.1842041015625,2
1048,0.3699220716953277,0.0985156744718551,66.6107177734375,0.0433210358023643,0.0450848788022994,86.50470733642578,3
1049,0.0134179759770631,0.000156250083819,65.74105072021484,6.836785316467285,0.0002856793871615,223.58067321777344,4
1050,0.3149806261062622,0.0234570447355508,182.66395568847656,0.1257592737674713,0.0155306821689009,146.0407257080078,3
1051,0.4880861937999725,0.1474024206399917,93.84893798828124,0.026580449193716,0.0734802410006523,1069.4832763671875,2
1052,0.2430274784564972,0.0856445804238319,51.901679992675774,0.067773625254631,0.028818329796195,238.65614318847656,3
1053,0.1545704007148742,0.132851630449295,6037.93310546875,0.056596852838993,0.0345094688236713,310.53811645507807,1
1054,0.4810744822025299,0.0940234884619712,66.84007263183594,0.0521421954035759,0.0374577231705188,311.8020324707031,3
1055,0.323203295469284,0.0189843848347663,2895.638916015625,0.0297369863837957,0.065680056810379,111.38500213623044,1
1056,0.1409571021795272,0.0747461318969726,51.66258239746094,0.104245439171791,0.018735846504569,297.9629821777344,3
1057,0.4349806904792785,0.0695312842726707,55.72769165039063,0.0834633708000183,0.0234010033309459,85.06124877929686,3
1058,0.4880080819129944,0.0104687558487057,4494.07177734375,0.0472455844283104,0.0413396544754505,67.62183380126953,1
1059,0.460156500339508,0.0741992592811584,3853.5283203125,0.1376156359910964,0.0141924964264035,58.675689697265625,4
1060,0.4882815182209015,0.2641993463039398,62.456573486328125,0.0251156650483608,0.0777654945850372,612.3516845703125,2
1061,9.765630238689482e-05,3.906252095475793e-05,144.4235076904297,36.56719207763672,5.3411971748573706e-05,20479.98828125,4
1062,0.4872658848762512,0.222070425748825,1626.851806640625,0.0464018508791923,0.0420913882553577,84.14297485351561,1
1063,0.487500250339508,0.0156836025416851,840.7138061523436,0.0229788366705179,0.0849971696734428,1764.1016845703125,2
1064,0.4882619678974152,0.4833205640316009,173.62220764160156,0.0227075964212417,0.0860120058059692,2080.85009765625,2
1065,0.4882815182209015,0.0237695444375276,201.45184326171875,0.0240019187331199,0.0813741534948349,2084.86279296875,2
1066,0.0100781302899122,0.0014648445649072,85.51793670654298,0.7002213001251221,0.0027892959769815,2877.517822265625,0
1067,0.4878323078155517,0.0096289115026593,57.35317993164063,0.0205220244824886,0.0951722040772438,893.749755859375,2
1068,0.0001367188233416,7.812504190951586e-05,467.0880126953125,27.13538932800293,7.197707600425929e-05,14628.5634765625,4
1069,0.4751760363578796,0.0701172277331352,177.34982299804688,0.0170481540262699,0.1145651191473007,128.37347412109375,1
1070,0.0839844197034835,0.016074227169156,91.19718933105467,0.0740240439772605,0.0263850335031747,547.7206420898438,4
1071,0.4393947720527649,0.1367383599281311,120.18490600585936,0.0998593270778656,0.0195587892085313,154.75833129882812,3
1072,0.4138088226318359,0.1141406893730163,1318.1077880859375,0.0306886415928602,0.06364356726408,159.4939422607422,1
1073,0.0130664128810167,0.0007617191877216,54.85361099243164,0.5948411822319031,0.0032834394369274,1836.7703857421875,0
1074,0.0207031369209289,0.0074804727919399,50.67372131347656,0.3149658441543579,0.0062010763213038,338.1130065917969,3
1075,0.4882424473762512,0.4345314800739288,550.4014892578125,0.0268823839724063,0.0726546049118042,1173.5972900390625,2
1076,0.4882229268550873,0.0082031292840838,3169.255615234375,0.0461279228329658,0.0423414334654808,77.83329772949217,1
1077,0.2940821945667267,0.0019140634685754,115.88532257080078,0.0767316818237304,0.0254540182650089,10.2012300491333,4
1078,0.487480729818344,0.3526369035243988,56.40097427368164,0.0225060079246759,0.0867825597524643,748.7475585937501,2
1079,0.4673244655132293,0.3070118725299835,265.2406616210937,0.0278044529259204,0.0702452808618545,79.17411041259764,1
1080,0.4802932143211365,0.0921875461935997,55.931148529052734,0.0395303070545196,0.0494083315134048,376.8531188964844,3
1081,0.0459765866398811,0.010097661986947,88.87267303466797,0.1771868169307708,0.0110230017453432,195.75181579589844,3
1082,0.0082617234438657,0.0008593754610046,59.00825119018555,1.191696047782898,0.0016389474039897,4962.64501953125,0
1083,0.166484460234642,0.1020508334040641,99.41820526123048,0.1733807921409607,0.011264955624938,90.09849548339844,4
1084,0.487187772989273,0.0989258363842964,10.077170372009276,0.0332765355706214,0.058693803846836,1855.54736328125,3
1085,0.0001171875628642,7.812504190951586e-05,74.28298950195312,28.13641738891601,6.941630272194743e-05,17066.658203125,4
1086,0.4868752658367157,0.0247070454061031,83.50629425048828,0.0246075391769409,0.0793711617588996,817.4578247070312,2
1087,0.4881447851657867,0.3312892317771912,80.82100677490233,0.0220241583883762,0.0886807665228843,122.91435241699216,1
1088,0.2709571719169616,0.0012109382078051,92.86728668212888,0.1738367229700088,0.0112353796139359,265.72463989257807,3
1089,0.4882229268550873,0.3013283014297485,212.0348358154297,0.0218935422599315,0.0892099365592002,1870.04736328125,2
1090,0.0117968814447522,0.002363282488659,56.46746063232422,0.7065175771713257,0.0027644420042634,1864.8996582031248,0
1091,0.000312500167638,0.000156250083819,81.78900146484375,13.819832801818848,0.0001413277641404,12799.9931640625,4
1092,0.4882815182209015,0.4546486735343932,90.98876190185544,0.0174714028835296,0.1117900013923645,602.1116943359375,2
1093,0.0002148438652511,1.9531260477378964e-05,51.04559326171875,33.74802017211914,5.787380723631941e-05,13963.62890625,4
1094,0.4882815182209015,0.3005470335483551,55.99483489990234,0.0207814313471317,0.0939844250679016,630.7836303710938,2
1095,0.0153320394456386,0.0076953168027102,56.02534103393555,0.412560909986496,0.0047341529279947,260.8915710449219,3
1096,0.2528712153434753,0.1838868111371994,126.8671188354492,0.0347357504069805,0.0562279745936393,126.546630859375,1
1097,0.1605469584465026,0.0027539078146219,112.0885543823242,0.1179846599698066,0.0165540520101785,710.0726318359375,2
1098,0.4168556928634644,0.0869141072034835,116.83852386474608,0.0993662774562835,0.0196558684110641,165.52490234375,3
1099,0.4882815182209015,0.0322461128234863,156.8012542724609,0.0279249940067529,0.0699417367577552,73.72795867919923,1
1100,0.4854690134525299,0.4568557143211365,593.9107055664064,0.0292869638651609,0.0666895359754562,937.2379760742188,2
1101,0.0001953126047737,7.812504190951586e-05,2518.543212890625,17.535526275634766,0.0001113810722017,10239.994140625,4
1102,0.4882424473762512,0.1225781887769699,1072.6614990234375,0.0193306244909763,0.1010377258062362,2109.607666015625,2
1103,0.0005859378143213,0.000527344061993,81.14749145507811,9.825649261474608,0.0001987783180084,5119.9970703125,4
1104,0.4877150952816009,0.0559765920042991,958.5468139648436,0.0435008592903614,0.0448985882103443,598.710205078125,2
1105,0.488164335489273,0.2951564192771912,171.1652679443359,0.0213543083518743,0.0914624035358428,1661.3258056640625,2
1106,0.4802151024341583,0.4627346098423004,778.7860107421875,0.040483508259058,0.0482449866831302,437.3040161132813,2
1107,0.0362890809774398,0.0234570447355508,120.26622772216795,0.3615410327911377,0.0054022232070565,1350.2684326171875,0
1108,0.4877346456050873,0.3736330270767212,230.60987854003903,0.0262874234467744,0.0742986947298049,1453.6593017578125,2
1109,0.4636916518211365,0.0795117616653442,78.61766815185545,0.1818719655275344,0.0107389567419886,43.132110595703125,3
1110,0.3957033455371856,0.0193554796278476,96.6059799194336,0.0570058226585388,0.0342619344592094,869.338134765625,2
1111,0.475761979818344,0.3400392532348633,6792.53955078125,0.0362515039741992,0.0538772493600845,235.41183471679688,1
1112,0.0568945631384849,0.0049218777567148,64.56158447265625,0.3303502798080444,0.0059122927486896,105.4582290649414,3
1113,0.3608790934085845,0.0001953126047737,133.98867797851562,0.0836417227983474,0.0233510825783014,16.626066207885742,4
1114,0.2244141846895217,0.0873437970876693,67.05939483642578,0.1342056691646576,0.0145532898604869,494.62115478515625,3
1115,0.4882229268550873,0.4423049390316009,452.60397338867193,0.0180949736386537,0.1079373508691787,2062.582275390625,2
1116,0.4882033765316009,0.1347461640834808,416.4131774902344,0.0209183786064386,0.0933691635727882,1644.8062744140625,2
1117,0.0056640654802322,0.0012109382078051,78.6514892578125,1.8500393629074097,0.0010557217756286,1942.0679931640625,0
1118,0.028925796970725,0.006933597382158,65.19380950927734,0.3491312861442565,0.0055942474864423,138.2848663330078,3
1119,0.4878127574920654,0.2342774718999862,1032.764404296875,0.0468655414879322,0.0416751094162464,69.6988754272461,1
1120,0.4677150845527649,0.3079298436641692,126.27993011474608,0.0574822425842285,0.0339780300855636,49.175235748291016,4
1121,0.4850783944129944,0.2337696552276611,1015.209716796875,0.0302530862390995,0.0645598098635673,1638.910400390625,2
1122,0.4872658848762512,0.2059376090764999,52.54513931274414,0.0253104753792285,0.0771664902567863,1243.6741943359375,2
1123,0.4761916697025299,0.0090625043958425,62.748497009277344,0.2441873550415039,0.0079984525218605,71.39981842041016,4
1124,0.4852736890316009,0.4012892842292785,1030.2149658203125,0.028716430068016,0.0680145248770713,1461.03125,2
1125,0.4863088428974152,0.2135938704013824,153.4546356201172,0.0246588177978992,0.0792062580585479,1412.6824951171875,2
1126,0.486914336681366,0.078847698867321,64.13475799560547,0.0211369879543781,0.0924034714698791,913.91845703125,2
1127,0.000156250083819,9.765630238689482e-05,214.66476440429688,19.667469024658203,9.930745000019668e-05,12799.9931640625,4
1128,7.812504190951586e-05,3.906252095475793e-05,56.48794555664063,40.966068267822266,4.767667269334197e-05,25599.986328125,4
1129,0.0174218844622373,0.0061328159645199,69.42003631591797,0.6148251891136169,0.0031767163891345,1377.5777587890625,0
1130,0.0242773573845624,0.0186328217387199,81.8140869140625,0.3463764786720276,0.0056387428194284,2100.722900390625,0
1131,0.0013085944810882,0.0012304694391787,70.07844543457031,2.612727165222168,0.0007475428865291,1528.3572998046875,4
1132,0.0001171875628642,7.812504190951586e-05,64.00886535644531,28.523361206054688,6.847460463177413e-05,17066.658203125,4
1133,0.0008984379819594,0.0008593754610046,2053.5361328125,6.377772808074951,0.0003062394680455,3339.128662109375,4
1134,0.271777480840683,0.0016796884592622,175.81979370117188,0.1044897511601448,0.0186920929700136,73.58961486816406,3
1135,0.3135939240455627,0.0015039070276543,75.65917205810547,0.1915505230426788,0.0101963859051465,31.88837242126465,3
1136,0.1000000536441802,0.0042187524959445,412.0589904785156,0.5477901101112366,0.0035654522944241,229.99987792968756,3
1137,0.4042775630950928,0.0233789179474115,117.19013214111328,0.068129763007164,0.0286676250398159,618.3870239257812,2
1138,0.2450782507658004,0.2158594876527786,6770.60107421875,0.0349986068904399,0.0558058843016624,530.4428100585938,1
1139,0.0018945322372019,0.0018554697744548,385.8353576660156,6.087933540344238,0.0003208192356396,1583.5042724609375,4
1140,0.0886523947119712,0.0525976829230785,376.1784362792969,0.2044384330511093,0.0095535982400178,800.8807983398436,3
1141,0.4808400869369506,0.3795705139636993,778.5387573242188,0.0363142117857933,0.0537840351462364,1164.6282958984375,2
1142,0.4831643104553223,0.4572854042053223,76.63640594482422,0.0365703627467155,0.0534073449671268,229.73550415039065,3
1143,0.0174414161592721,0.017363291233778,59.841506958007805,6.541394233703612,0.0002985795144923,172.0043792724609,4
1144,0.4880276024341583,0.2084376066923141,82.18484497070312,0.0229575801640748,0.0850756540894508,838.0673217773436,2
1145,0.4354494512081145,0.1478711664676666,462.888671875,0.0406853817403316,0.0480055510997772,80.37672424316406,1
1146,0.273711085319519,0.0013085944810882,82.3387222290039,0.3181053102016449,0.0061398856341838,58.4557991027832,3
1147,0.4799611866474152,0.2258399575948715,4213.97802734375,0.0893711373209953,0.0218542981892824,45.837039947509766,1
1148,0.0113867251202464,0.0020312510896474,343.45037841796875,0.9892993569374084,0.0019742513541132,2019.89599609375,3
1149,0.4831838607788085,0.2328907549381256,1890.9791259765625,0.0531519688665866,0.0367459431290626,53.80974578857422,1
1150,0.4882815182209015,0.0171093847602605,101.78257751464844,0.0296061970293521,0.0659696608781814,274.4318542480469,3
1151,0.2945314049720764,0.0141015704721212,5259.0673828125,0.032991599291563,0.0592006742954254,200.3181915283203,1
1152,0.487969011068344,0.0204296987503767,205.2990875244141,0.0235809609293937,0.0828262865543365,1383.2845458984375,2
1153,0.418008029460907,0.3303322196006775,148.02862548828125,0.0248276628553867,0.078666903078556,129.1841278076172,1
1154,0.4880471229553223,0.1480664908885955,284.8782653808594,0.0256833210587501,0.0760460048913955,2206.754150390625,2
1155,0.0933008342981338,0.0811133235692977,81.59864807128906,0.2654466032981872,0.0073578865267336,246.514404296875,3
1156,0.0049804714508354,0.0002343751257285,127.07138061523436,0.7891039252281189,0.0024751173332333,401.56842041015625,4
1157,0.0055273468606173,0.0017773447325453,51.95942306518555,0.9641637802124025,0.0020257218275219,542.755859375,3
1158,0.0421289280056953,0.0184570420533418,1267.51171875,1.442272424697876,0.0013542011147364,189.8932647705078,4
1159,0.0137304756790399,0.0086718797683715,144.0986175537109,0.5593803524971008,0.0034915874712169,2549.07421875,0
1160,0.4875588417053223,0.0425195544958114,67.5960693359375,0.047425664961338,0.0411825515329837,810.1586303710938,3
1161,7.812504190951586e-05,3.906252095475793e-05,2058.4482421875,39.644317626953125,4.9266229325439774e-05,25599.986328125,4
1162,0.486914336681366,0.4210158586502075,53.32876586914063,0.0263967048376798,0.0739912986755371,314.22366333007807,2
1163,0.4868361949920654,0.0756250396370887,92.26882934570312,0.0405715703964233,0.0481400415301322,264.9761962890625,3
1164,0.0002734376466833,0.0002148438652511,103.43819427490234,13.59440803527832,0.0001436712918803,7314.28173828125,4
1165,0.3252736032009125,0.2461524754762649,222.03765869140625,0.039503876119852,0.049441248178482,107.60172271728516,1
1166,0.049609400331974,0.0020312510896474,81.97083282470702,0.2942208349704742,0.0066382964141666,241.8896331787109,3
1167,0.2529884278774261,0.0076171914115548,84.74660491943358,0.1293713897466659,0.0150970192626118,35.57474899291992,3
1168,0.1910352557897568,0.1439063251018524,174.88926696777344,0.0870153680443763,0.022445747628808,701.4412231445312,4
1169,0.4780666530132293,0.3747658133506775,217.9232635498047,0.0586255341768264,0.0333152748644351,299.1214599609375,2
1170,0.4273635149002075,0.0905859842896461,67.4892807006836,0.0761172026395797,0.0256596487015485,119.33634185791016,3
1171,0.3878712952136993,0.1045117750763893,201.29693603515625,0.0298617240041494,0.0654064640402793,100.54882049560544,1
1172,0.4851955771446228,0.1917774528264999,622.8736572265625,0.0341505408287048,0.057191539555788,636.8565673828125,2
1173,0.4177541434764862,0.294218897819519,74.48031616210938,0.0317917391657829,0.0614349283277988,234.58773803710932,4
1174,0.4877736866474152,0.0016015633009374,91.58948516845705,0.0239296574145555,0.0816197618842125,924.609130859375,2
1175,0.4809377491474152,0.0007617191877216,2171.6953125,0.0442087724804878,0.0441796481609344,64.45740509033203,1
1176,0.4881447851657867,0.4122853875160217,673.2115478515625,0.0332934409379959,0.0586641319096088,1204.5606689453125,2
1177,0.257910281419754,0.1025391146540641,114.25372314453124,0.0947639867663383,0.0206104330718517,302.4307556152344,3
1178,0.0375390835106372,0.0133398510515689,5885.83642578125,0.2181656658649444,0.0089524770155549,213.11122131347656,1
1179,0.4189260005950928,0.3333400189876556,1285.301513671875,0.046730849891901,0.0417952798306942,93.09519958496092,1
1180,0.0158203206956386,0.0043359398841857,60.03280258178711,0.4665493071079254,0.0041863205842673,2907.65283203125,0
1181,0.4504299163818359,0.2230665236711502,58.61978149414063,0.0432892106473445,0.0451180152595043,674.9107666015625,3
1182,0.4865627586841583,0.0813672319054603,1175.6217041015625,0.0275737717747688,0.0708330497145652,1781.8873291015625,2
1183,0.3926759958267212,0.0187304783612489,150.6617431640625,0.031622402369976,0.0617640390992164,129.87806701660156,1
1184,0.3470118939876556,0.0096289115026593,318.07647705078125,0.0357319936156272,0.054660502821207,106.62458801269533,1
1185,0.3250978291034698,0.3250392377376556,99.59917449951172,0.7992870211601257,0.0024435925297439,15.379985809326172,4
1186,0.4882619678974152,0.1464063227176666,153.25132751464844,0.0241566952317953,0.0808522254228591,2017.3596191406248,2
1187,0.488164335489273,0.364590048789978,75.69956970214844,0.0249825101345777,0.078179694712162,848.0750732421875,2
1188,0.1529102325439453,0.0109179746359586,53.67770767211913,0.2285604178905487,0.0085453586652874,117.71612548828124,3
1189,9.765630238689482e-05,3.906252095475793e-05,65.83018493652344,36.953086853027344,5.285420411382802e-05,20479.98828125,4
1190,0.4841799437999725,0.1006641164422035,132.8022308349609,0.0186172369867563,0.1049095094203948,125.98622131347656,1
1191,0.0167968831956386,0.0065039098262786,73.29779052734375,0.4056462943553924,0.0048148492351174,1845.5804443359373,0
1192,0.0264453273266553,0.0071484413929283,87.27346038818358,0.27029550075531,0.0072258901782333,491.58023071289057,3
1193,0.3797658383846282,0.0035156267695128,420.91506958007807,0.1810894459486008,0.0107854539528489,26.332015991210938,3
1194,0.1097266227006912,0.0213281363248825,58.10599899291992,0.0990026146173477,0.0197279620915651,118.47625732421876,1
1195,0.4878713488578796,0.4234963357448577,57.889381408691406,0.0221155360341072,0.0883143544197082,389.4469299316406,2
1196,0.2502540349960327,0.1445899158716201,4077.3334960937514,0.08845766633749,0.0220798086374998,67.93096923828125,4
1197,0.4882229268550873,0.0781055092811584,179.5259552001953,0.0235121436417102,0.0830687806010246,1923.3017578125,2
1198,0.2060157358646392,0.0473047122359275,107.63861846923828,0.0434165447950363,0.0449857823550701,111.64196014404295,1
1199,0.4402931928634644,0.0984375551342964,54.6450653076172,0.0396416597068309,0.0492696315050125,513.2943115234375,1
1200,0.0172461029142141,3.906252095475793e-05,60.99646759033203,6.500609874725342,0.0003004528116434,173.9523468017578,4
1201,0.2902345359325409,0.0189453233033418,75.0115966796875,0.0590153113007545,0.0330950990319252,79.24625396728516,3
1202,0.486504167318344,0.4458596110343932,483.9505615234375,0.0347852744162082,0.056148212403059,1399.782470703125,2
1203,0.485722929239273,0.0346093922853469,86.75390625,0.0427995398640632,0.0456342324614524,255.28958129882807,3
1204,0.0120117254555225,0.0033984393812716,196.23278808593756,0.8270149827003478,0.0023616554681211,3746.3393554687514,0
1205,0.3878517746925353,0.2509767115116119,290.5198059082031,0.0308008808642625,0.0634114146232605,72.1925277709961,1
1206,0.0124609442427754,0.003378908149898,941.314514160156,1.1637961864471436,0.001678237458691,1043.2596435546875,4
1207,0.4882815182209015,0.0440820567309856,108.6837158203125,0.0187542792409658,0.1041430458426475,1710.0791015625,2
1208,0.3072657883167267,0.0152343828231096,6498.97216796875,0.03333330899477,0.0585937723517417,159.47105407714844,1
1209,0.4878713488578796,0.4061916172504425,1211.12109375,0.0283341538161039,0.068931870162487,1904.1905517578125,2
1210,0.3336720466613769,0.2632618546485901,347.3665771484375,0.0297638028860092,0.0656208172440528,155.84164428710935,1
1211,0.4800002574920654,0.2436134070158004,700.4830322265625,0.0472169779241085,0.0413650162518024,772.916259765625,2
1212,0.4868166744709015,0.1507617980241775,378.4488220214844,0.0304894316941499,0.0640592500567436,1832.3118896484373,2
1213,7.812504190951586e-05,3.906252095475793e-05,54.79038238525391,39.59064102172852,4.933302625431679e-05,25599.986328125,4
1214,0.3872267603874207,0.0011328130494803,52.13150405883789,0.1601511538028717,0.0121954418718814,108.4635772705078,3
1215,0.2770313918590545,0.1601563394069671,127.8507614135742,0.0386011190712451,0.0505979284644126,86.63278198242188,1
1216,0.4183205366134644,0.0891797319054603,56.6032829284668,0.0308980550616979,0.0632120221853256,167.33580017089844,3
1217,0.0143164135515689,0.0062890658155083,53.150657653808594,0.5603640675544739,0.0034854607656598,2654.296142578125,0
1218,0.3593751788139343,0.0106640681624412,318.1744079589844,0.0284814182668924,0.0685752853751182,100.17386627197264,1
1219,0.4866799414157867,0.1548438370227813,531.9236450195312,0.0211446322500705,0.0923699513077736,2050.62890625,2
1220,0.4881447851657867,0.3642970621585845,58.87800979614258,0.014149535447359,0.1380350440740585,641.2031860351562,2
1221,0.0001171875628642,7.812504190951586e-05,201.77735900878903,29.02618598937988,6.728841981384903e-05,17066.658203125,4
1222,0.4882424473762512,0.1951172947883605,308.5496520996094,0.0232105553150177,0.0841486155986785,1413.2322998046875,2
1223,0.2901173532009125,0.0239648558199405,340.2945861816406,0.0358881838619709,0.0544226951897144,72.38449859619139,1
1224,0.4882815182209015,0.2721095085144043,389.4431152343751,0.026559317484498,0.0735382363200187,1157.119384765625,2
1225,0.1257227212190628,0.0548828430473804,213.25955200195312,0.1876111328601837,0.0104105249047279,906.75732421875,2
1226,0.0002539063862059,0.0001953126047737,66.42564392089844,14.700611114501951,0.0001328602083958,7876.918945312499,4
1227,0.4876369833946228,0.4008595943450928,184.7841339111328,0.0212654080241918,0.0918458551168441,1406.7841796875,2
1228,0.4025978744029999,0.1198047548532486,161.3963165283203,0.059939581900835,0.032584935426712,208.64491271972656,3
1229,0.328086107969284,0.0344140827655792,1753.4908447265625,0.0332360342144966,0.0587652176618576,152.39901733398435,1
1230,0.4792971312999725,0.4143947660923004,293.6046142578125,0.0384073629975318,0.0508530512452125,490.30130004882807,2
1231,0.440625250339508,0.1810547858476638,206.31941223144528,0.0271345116198062,0.0719794929027557,56.73755645751953,1
1232,0.1666602492332458,0.0428320541977882,57.77211380004882,0.2492642551660537,0.0078355455771088,330.0126953125,3
1233,0.3102540671825409,0.0702930092811584,189.14730834960932,0.0620213411748409,0.0314909107983112,344.8786315917969,3
1234,0.486992448568344,0.4383596181869506,54.84565353393555,0.0245876107364892,0.0794354453682899,763.8721923828125,2
1235,0.319804847240448,0.0052539091557264,6274.833984375,0.0334265381097793,0.0584303699433803,146.96463012695312,1
1236,0.000312500167638,0.0001953126047737,1551.948486328125,17.240196228027344,0.0001132890829467,9599.9951171875,4
1237,0.0092187551781535,0.0048632840625941,51.52655029296875,0.4005675315856933,0.0048758904449641,216.94903564453125,3
1238,0.0282031409442424,0.0281836092472076,61.658447265625,3.489488363265991,0.0005597175913862,141.8281707763672,4
1239,0.4574611783027649,0.0875977054238319,63.32759475708008,0.1043407618999481,0.0187186766415834,80.8811798095703,3
1240,0.36029314994812,0.0272461082786321,169.99261474609375,0.1742736250162124,0.0112072899937629,72.16345977783203,3
1241,0.0002539063862059,0.0001953126047737,2231.603271484375,10.456280708312988,0.0001867897371994,7876.918945312499,4
1242,0.486426055431366,0.040097676217556,61.30250549316406,0.0184788759797811,0.105694942176342,1437.0118408203125,2
1243,0.4864455759525299,0.0222461055964231,1509.3983154296875,0.040987778455019,0.0476515553891658,92.50778198242188,1
1244,0.0004296877305023,0.000312500167638,105.39070129394533,7.512227535247802,0.0002599929575808,4654.54296875,4
1245,0.4882619678974152,0.1601563394069671,60.114944458007805,0.0209972523152828,0.0930184349417686,1716.291748046875,2
1246,0.34710955619812,0.0440429933369159,309.5803527832031,0.0295405779033899,0.066116414964199,132.5229949951172,1
1247,0.4854885339736937,0.3746681809425353,537.9385986328125,0.0313838645815849,0.062233205884695,636.4722900390625,2
1248,0.356601744890213,0.1367188245058059,96.39793395996092,0.0327856317162513,0.0595727525651454,106.5614547729492,1
1249,0.488164335489273,0.1992969810962676,111.14785003662108,0.020408583804965,0.0957012921571731,1243.4337158203125,2
1250,0.4542189836502075,0.0995508357882499,63.096694946289055,0.0557051636278629,0.0350618846714496,176.12649536132812,3
1251,0.487480729818344,0.0522656515240669,365.1951904296875,0.0273145213723182,0.0715052634477615,861.572509765625,2
1252,0.4880471229553223,0.237636849284172,310.1208801269531,0.0247794408351182,0.0788199678063392,2389.113525390625,2
1253,0.0119921937584877,0.0052343779243528,93.5799560546875,0.6955780386924744,0.0028079177718609,3252.115478515625,0
1254,0.4845315217971802,0.1552735269069671,176.571044921875,0.0237460136413574,0.0822507366538047,1003.0307006835936,2
1255,0.0087109422311186,0.0084960982203483,4036.324951171875,2.4851651191711426,0.0007859138422645,1147.9814453125,4
1256,0.4105861485004425,0.4102736711502075,3276.828857421875,1.5513447523117063,0.0012589910766109,19.48434066772461,4
1257,0.3290822207927704,0.0335937663912773,358.2137145996094,0.0428606271743774,0.0455688275396823,82.0463638305664,1
1258,0.0084960982203483,0.0005664065247401,159.4146270751953,1.158100128173828,0.0016864924691617,941.6087036132812,3
1259,0.0128515698015689,0.0056835967116057,65.21015167236328,0.6099122166633606,0.0032023091334849,2178.72216796875,0
1260,0.3680861294269562,0.0955859869718551,174.25503540039062,0.033000361174345,0.0591851323843002,124.97074890136716,1
1261,0.0011328130494803,0.000156250083819,197.542724609375,6.934525966644287,0.0002816525229718,7062.0654296875,0
1262,0.4555275738239288,0.0676953494548797,53.84880065917969,0.0611892975866794,0.0319193117320537,90.00553131103516,3
1263,0.4882619678974152,0.3776369094848633,181.97073364257807,0.0193234849721193,0.101075679063797,1937.4844970703125,2
1264,0.3568361401557922,0.0464648678898811,361.7844543457031,0.029701417312026,0.0657582953572273,86.87461090087889,1
1265,0.0522070601582527,0.0171679779887199,18.52385711669921,0.1357203423976898,0.0143908029422163,402.2444458007813,3
1266,0.3633595705032348,0.0032617205288261,2409.90771484375,0.0649965703487396,0.0300496201962232,55.04189682006836,1
1267,0.3207228183746337,0.0077148480340838,4399.5087890625,0.0315851680934429,0.061836801469326,165.25172424316406,1
1268,0.3745705187320708,0.2588478028774261,2572.8369140625,0.2206424176692962,0.0088520050048828,53.394485473632805,4
1269,0.4841408729553223,0.0427148677408695,1837.05859375,0.0407811887562274,0.0478927567601203,113.60330200195312,1
1270,0.0001953126047737,0.0001171875628642,91.7711181640625,15.239678382873535,0.0001281605655094,10239.994140625,4
1271,0.0379297062754631,0.0023242200259119,90.58698272705078,0.4468555450439452,0.0043708211742341,553.65576171875,3
1272,0.4878713488578796,0.2999415695667267,832.278076171875,0.0238827709108591,0.0817795172333717,2123.5107421875,2
1273,0.0001757813442964,3.906252095475793e-05,52.99177932739258,21.6684513092041,9.013684757519512e-05,11377.771484375,4
1274,0.0001171875628642,5.8593781432136886e-05,81.98381805419923,37.38980484008789,5.223685730015859e-05,17066.658203125,4
1275,0.0004492189909797,5.8593781432136886e-05,67.80992126464844,15.930895805358888,0.000122599871247,6678.25732421875,4
1276,0.4882815182209015,0.4382814764976501,599.5017700195312,0.0311882179230451,0.0626235380768776,1935.35888671875,2
1277,0.0212304797023534,0.0047460962086915,117.08612823486328,0.444604605436325,0.0043929540552198,1130.4501953125,0
1278,0.408711165189743,0.377773642539978,4553.66162109375,0.0544110015034675,0.035895861685276,176.1635284423828,1
1279,0.3872658312320708,0.1432227343320846,126.97183227539062,0.039195068180561,0.0498309396207332,69.71955108642578,1
1280,0.4122072458267212,0.0239453259855508,50.12783050537109,0.0907535851001739,0.0215211063623428,109.1683883666992,3
1281,0.4879104197025299,0.4857619702816009,168.65406799316406,0.0256109870970249,0.076260931789875,1014.530517578125,2
1282,0.4194924235343932,0.0583398751914501,59.532039642333984,0.0895700454711913,0.0218056049197912,59.59583282470703,3
1283,0.352402538061142,0.0093945367261767,641.43505859375,0.0315143428742885,0.0619759559631347,102.15590667724608,1
1284,0.0684570670127868,0.051269557327032,182.8339385986328,0.2113038599491119,0.0092432154342532,1548.415771484375,3
1285,0.4878323078155517,0.4089260101318359,68.3033447265625,0.016923813149333,0.1154071316123008,727.7091064453125,2
1286,0.0150781329721212,0.0028125015087425,76.83447265625,0.505979597568512,0.0038600857369601,2254.921142578125,0
1287,0.1991602629423141,0.0437304936349391,220.46961975097656,0.1079365462064743,0.0180950909852981,15.063245773315428,4
1288,0.487969011068344,0.0741016045212745,247.77960205078125,0.021755987778306,0.0897738635540008,1983.7325439453125,2
1289,0.0096679739654064,0.0017578133847564,57.635292053222656,1.089564561843872,0.0017925747670233,1965.25146484375,0
1290,0.2741602957248688,0.0039257835596799,128.0413360595703,0.1217435151338577,0.0160429365932941,36.47500991821289,3
1291,0.3915822505950928,0.019023448228836,51.67276763916016,0.0679186284542083,0.0287567097693681,326.87896728515625,3
1292,0.0002734376466833,0.0001171875628642,66.37641143798828,10.943855285644531,0.0001784678315743,7314.28173828125,4
1293,7.812504190951586e-05,3.906252095475793e-05,103.17784118652344,38.84296798706056,5.028261512052268e-05,25599.986328125,4
1294,0.4880861937999725,0.2541407644748688,137.4098663330078,0.0197573937475681,0.098856084048748,1124.80126953125,2
1295,0.0776953548192977,0.0652539432048797,54.74678421020508,0.2749775946140289,0.0071028438396751,360.38189697265625,3
1296,0.0176562592387199,0.0054687531664967,416.5173645019531,0.5197511315345764,0.0037578127812594,1699.1141357421875,0
1297,0.1943165063858032,0.0036523456219583,90.96857452392578,0.089861623942852,0.0217348411679267,41.1699447631836,4
1298,0.1699414998292922,0.1669141501188278,1085.89794921875,2.026118040084839,0.0009639743366278,41.19064331054688,4
1299,0.4775979220867157,0.0917383283376693,62.310943603515625,0.0369265675544738,0.052892331033945,75.37721252441406,3
1300,0.0003710939490702,0.0001367188233416,163.82492065429688,8.696521759033203,0.0002245870564365,5389.470703125,4
1301,0.3247658014297485,0.0019140634685754,1373.9830322265625,0.0357005149126052,0.0547085367143154,200.14422607421875,1
1302,0.4434572756290436,0.08287113904953,15.952103614807127,0.0815908089280128,0.0239380542188882,31.57012176513672,4
1303,0.487011969089508,0.3057423532009125,2650.962890625,0.0501096583902835,0.0389771163463592,86.24018096923827,1
1304,0.4882815182209015,0.1000391170382499,56.75823974609375,0.0315655097365379,0.0618755780160427,870.3995361328125,2
1305,0.404140830039978,0.0202539172023534,1588.835693359375,0.0416656285524368,0.0468762964010238,59.38523864746094,1
1306,0.0762305110692977,0.0035937519278377,67.14728546142578,0.332400381565094,0.0058758263476192,918.2675170898436,3
1307,0.4879494905471802,0.0503906533122062,45.78096771240234,0.0186041947454214,0.104982815682888,1194.7957763671875,2
1308,0.3695119023323059,0.0141211012378335,471.8151550292969,0.0325795076787471,0.0599494166672229,97.42581939697264,1
1309,0.198632925748825,0.0102734426036477,54.79951858520508,0.0835877135396003,0.0233661774545908,55.37853240966797,3
1310,0.4356838166713714,0.0483984649181366,64.48597717285156,0.130294531583786,0.0149901853874325,114.76212310791016,3
1311,0.4867580831050873,0.0076367226429283,129.2045745849609,0.0269624311476945,0.0724386125802993,441.6978454589844,2
1312,0.4880080819129944,0.1868165135383605,229.3603515625,0.0259437188506126,0.0752834305167198,1280.716552734375,2
1313,0.3706837892532348,0.0092187551781535,60.82367706298828,0.0938249751925468,0.0208166483789682,142.97900390625,3
1314,0.0021093762479722,0.0020507823210209,3522.485595703125,6.033565998077393,0.000323710090015,2370.368896484375,4
1315,0.3026368916034698,0.2411134093999862,110.0877456665039,0.0351733155548572,0.0555287972092628,102.4329833984375,1
1316,0.4876369833946228,0.1103516221046447,69.68168640136719,0.0199070535600185,0.098111554980278,1704.1365966796875,2
1317,0.4072267711162567,0.387070506811142,5961.853515625,0.0367267467081546,0.0531799420714378,130.14862060546875,1
1318,0.0280664209276437,0.0022070324048399,187.50885009765625,0.1296691745519638,0.0150623703375458,356.29766845703125,4
1319,0.2641603052616119,0.0097851613536477,484.6347351074218,0.0415724143385887,0.0469812862575054,90.85391998291016,1
1320,0.0003320314281154,0.0001757813442964,115.92501068115234,9.073269844055176,0.000215261534322,6023.5263671875,4
1321,0.4882229268550873,0.378750205039978,572.1378784179688,0.0199027992784976,0.0981330797076225,1704.1395263671875,2
1322,0.3807814419269562,0.2450782507658004,259.7022399902344,0.0211531426757574,0.092332512140274,131.3089141845703,1
1323,0.31830096244812,0.2326563745737076,3001.622314453125,0.0257801376283168,0.0757608860731124,191.6425170898437,1
1324,0.3629689514636993,0.0098828179761767,431.6770935058594,0.0394140295684337,0.0495541989803314,85.40675354003906,1
1325,0.4882815182209015,0.0498437769711017,2392.050537109375,0.0419962927699089,0.0465066693723201,98.30394744873048,1
1326,0.1683204025030136,0.0153320394456386,80.57459259033203,0.2681182324886322,0.0072845784015953,190.11361694335932,3
1327,0.2601368725299835,0.0398242399096488,1149.31640625,0.0443449094891548,0.0440440475940704,157.60934448242188,1
1328,0.4833596348762512,0.0997266173362732,50.54532623291016,0.0368712618947029,0.052971463650465,262.74432373046875,3
1329,7.812504190951586e-05,3.906252095475793e-05,72.17779541015625,40.3615608215332,4.8390742449555546e-05,25599.986328125,4
1330,0.3682619035243988,0.009941411204636,295.1231384277344,0.03186871483922,0.0612866804003715,114.04926300048828,1
1331,9.765630238689482e-05,5.8593781432136886e-05,685.0385131835938,30.58219528198242,6.386480526998639e-05,20479.98828125,4
1332,0.0001367188233416,5.8593781432136886e-05,67.33341217041016,23.16180801391601,8.432527829427272e-05,14628.5634765625,4
1333,0.3514454960823059,0.2020899504423141,81.66350555419923,0.0912182107567787,0.0214115064591169,153.65113830566406,3
1334,0.4598439931869506,0.4103127121925353,24.292375564575195,0.0543096736073494,0.0359625518321991,456.6766052246094,3
1335,0.4868752658367157,0.3317189216613769,2989.705322265625,0.058211363852024,0.0335523560643196,49.293941497802734,1
1336,0.4877346456050873,0.3871486485004425,281.3796691894531,0.0295741222798824,0.0660412609577179,1703.7952880859375,2
1337,0.0691601932048797,0.0334375165402889,63.22496795654297,0.1319847404956817,0.0147981327027082,260.26531982421875,0
1338,0.0043554711155593,0.0013867195229977,300.472900390625,1.321513056755066,0.0014779472257941,1607.174072265625,4
1339,0.3286915719509125,0.0225000120699405,3857.622314453125,0.0295445472002029,0.066107839345932,112.56753540039062,1
1340,0.4686135351657867,0.0912695825099944,53.114933013916016,0.0289219953119754,0.0675307661294937,194.1898651123047,4
1341,0.4698244631290436,0.3353322148323059,39.79436492919922,0.0926752015948295,0.0210749395191669,244.77226257324216,3
1342,0.0205078236758708,0.004238283727318,208.07086181640625,0.4178171455860137,0.004674594849348,2291.808349609375,0
1343,0.000527344061993,0.0003906252095475,254.4069976806641,9.059717178344728,0.000215583568206,9481.4755859375,4
1344,0.0001171875628642,3.906252095475793e-05,146.57571411132812,28.191938400268555,6.927959475433454e-05,17066.658203125,4
1345,0.0183203220367431,0.0075390664860606,52.38780975341797,0.4612444937229157,0.0042344727553427,2292.5361328125,0
1346,0.0137695390731096,0.002246094867587,1229.268798828125,0.5850193500518799,0.0033385676797479,2178.72216796875,0
1347,0.0133398510515689,0.0043750023469328,70.76473236083984,0.7160809636116028,0.0027275185566395,2024.0106201171875,0
1348,0.0003906252095475,0.0003515626885928,908.224853515625,13.123046875,0.0001488317357143,7679.99609375,4
1349,0.1891797930002212,0.013281256891787,81.35614776611328,0.169998362660408,0.0114891035482287,58.14574432373047,3
1350,0.0002343751257285,0.0001757813442964,115.64376831054688,15.079325675964355,0.000129523439682,8533.3291015625,4
1351,0.4836525917053223,0.4173439741134644,712.1494140625,0.0348301120102405,0.0560761615633964,1197.1402587890625,2
1352,0.4871487021446228,0.1321289837360382,83.21302795410156,0.0252698175609111,0.0772910267114639,1221.3929443359375,2
1353,0.019316416233778,0.007207035087049,105.87295532226562,0.5695110559463501,0.0034294782672077,465.9249267578125,3
1354,0.386562705039978,0.3616212904453277,124.13714599609376,0.0506852678954601,0.0385342612862587,25.8690242767334,4
1355,0.3309376835823059,0.0327148623764514,76.31761169433594,0.0728613585233688,0.0268060024827718,63.4560546875,4
1356,0.370468944311142,0.0025585950352251,60.014835357666016,0.1153189092874526,0.0169368386268615,16.195690155029297,3
1357,0.2553907632827759,0.1945313513278961,71.4341812133789,0.0265899375081062,0.0734532922506332,148.79159545898435,1
1358,0.1430664807558059,0.0163476653397083,120.51307678222656,0.2953719198703766,0.0066124363802373,104.84635925292967,3
1359,0.4880666732788085,0.1425781995058059,239.23214721679688,0.029903320595622,0.0653152018785476,1190.4111328125,2
1360,0.371914267539978,0.010000005364418,313.6246032714844,0.0266159418970346,0.0733816176652908,110.24046325683592,1
1361,0.4882815182209015,0.0093750050291419,1129.385986328125,0.0389682874083519,0.050120573490858,65.53596496582031,1
1362,0.0139062572270631,0.0068554724566638,628.6233520507812,0.3512733280658721,0.0055601284839212,431.46044921875,3
1363,0.4877932369709015,0.1385938227176666,291.5480041503906,0.0299369450658559,0.0652412101626396,1939.3463134765625,2
1364,0.0001757813442964,5.8593781432136886e-05,83.54574584960938,29.908493041992188,6.530339305754751e-05,17066.658203125,4
1365,0.0862695798277854,0.0861523896455764,1913.9998779296875,2.5080957412719727,0.0007787297363393,46.36628723144531,4
1366,0.0561328418552875,0.0008398442296311,427.7823181152344,0.1384232640266418,0.0141097931191325,160.3339385986328,1
1367,0.2927345335483551,0.190586045384407,383.5956726074218,0.0322219990193843,0.0606148838996887,140.0586395263672,1
1368,0.479199469089508,0.449238508939743,92.69829559326172,0.0452555902302265,0.0431577935814857,158.59783935546875,3
1369,0.1852540075778961,0.1663282215595245,60.81647491455078,0.0457218065857887,0.0427176170051097,264.501708984375,3
1370,0.3255861103534698,0.0081640668213367,51.06650161743164,0.1460877954959869,0.01336953882128,181.211654663086,3
1371,0.377578318119049,0.3527150452136993,127.08324432373044,0.0597930401563644,0.0326647460460662,569.4182739257812,2
1372,0.4451174139976501,0.1681250929832458,84.54238891601561,0.0883136615157127,0.02211569622159,166.2482757568359,3
1373,0.0053515653125941,0.0010351567761972,218.59657287597656,1.6768449544906616,0.0011647621868178,1308.028564453125,0
1374,0.1805665045976638,0.1575977355241775,6729.796875,0.0527035258710384,0.0370587147772312,182.75814819335932,1
1375,0.2941212654113769,0.002949220361188,146.5616455078125,0.0937242731451988,0.0208391938358545,492.9939270019531,2
1376,0.2568360865116119,0.1810938417911529,118.36520385742188,0.0279004909098148,0.0700032263994216,144.06076049804688,1
1377,0.0006054691039025,0.0005468752933666,3788.596923828125,12.179073333740234,0.0001603673881618,4954.8359375,4
1378,0.4873830676078796,0.3660353422164917,183.1044311523437,0.0274576600641012,0.0711321011185646,2008.6868896484373,2
1379,0.397304892539978,0.1731250882148742,104.62332916259764,0.0538788549602031,0.0362501479685306,173.6701507568359,3
1380,0.4870510399341583,0.0994727090001106,136.19375610351562,0.0231527332216501,0.0843582898378372,1468.0186767578125,2
1381,0.0041210958734154,0.0002929689071606,130.9719696044922,2.712204933166504,0.0007201249245554,2911.846923828125,0
1382,0.4789846241474152,0.124921940267086,1287.977783203125,0.1317051649093628,0.0148296458646655,129.4404754638672,4
1383,0.151601642370224,0.0910742655396461,109.09297943115234,0.0729908868670463,0.0267584417015314,92.34728240966795,3
1384,0.4881252646446228,0.2369727790355682,53.71072769165039,0.0188961215317249,0.1033611670136451,1903.1999511718752,2
1385,0.4882619678974152,0.2615626454353332,817.0242919921875,0.0244007725268602,0.0800430923700332,1488.954833984375,2
1386,0.0219140741974115,9.765630238689482e-05,128.9980316162109,0.1725782006978988,0.0113173453137278,136.8983154296875,4
1387,0.0003515626885928,0.0002734376466833,1446.8001708984375,7.167266845703125,0.0002725063823163,5688.8857421875,4
1388,0.0906445831060409,0.0136523507535457,53.869976043701165,0.1305363774299621,0.0149622811004519,253.7382659912109,3
1389,0.4328127205371856,0.0853711366653442,80.49124145507811,0.0531272552907466,0.0367632359266281,39.277957916259766,4
1390,0.0260547008365392,0.0194336045533418,180.98422241210932,0.5402373075485228,0.0036153143737465,1765.516357421875,0
1391,0.3666212856769562,0.0033398454543203,93.0255889892578,0.296875387430191,0.0065789092332124,111.83202362060544,3
1392,0.4880666732788085,0.0905273929238319,409.00482177734375,0.0249840263277292,0.0781750455498695,1942.3575439453125,2
1393,0.2068165242671966,0.120644599199295,187.9344940185547,0.0512984097003936,0.03807383030653,116.04488372802734,1
1394,0.4079494476318359,0.3799611330032348,1206.2691650390625,0.0375309959053993,0.0520406737923622,63.7333869934082,1
1395,0.157207116484642,0.0055468780919909,574.2323608398438,0.0812656506896018,0.0240338165313005,197.1920928955078,1
1396,0.4880080819129944,0.4242189824581145,191.25396728515625,0.0218997485935688,0.0891847014427184,1098.3424072265625,2
1397,0.4846682250499725,0.3198243975639343,3601.00537109375,0.0488810427486896,0.0399565324187278,55.70820999145508,1
1398,0.397304892539978,0.0225781369954347,86.92481231689453,0.1520789116621017,0.0128428535535931,55.3730926513672,3
1399,0.4880861937999725,0.1805469691753387,622.9777221679688,0.0284020826220512,0.0687670707702636,672.012451171875,2
1400,0.3506447076797485,0.0443750247359275,94.31710052490232,0.0576930232346057,0.0338537171483039,111.22369384765624,3
1401,0.1238672509789466,0.0115429749712347,77.77989959716797,0.0806480720639228,0.0242179576307535,557.0479736328125,3
1402,0.4848830699920654,0.2189258933067321,1148.3450927734375,0.0314329639077186,0.0621368363499641,1431.27294921875,2
1403,0.4857619702816009,0.1532617956399917,116.78197479248044,0.0430870428681373,0.0453298240900039,259.38629150390625,3
1404,0.014902351424098,0.0001367188233416,1792.77685546875,4.471540927886962,0.0004367901710793,201.31051635742188,4
1405,0.0001367188233416,7.812504190951586e-05,414.8118896484375,22.885749816894528,8.534244261682034e-05,14628.5634765625,4
1406,0.4875783920288085,0.470429927110672,99.90696716308592,0.0277389101684093,0.0704115182161331,830.6356811523436,2
1407,9.765630238689482e-05,3.906252095475793e-05,1354.5194091796875,33.43101501464844,5.842257814947516e-05,20479.98828125,4
1408,0.069453164935112,0.0001367188233416,133.3112640380859,0.4356779158115386,0.0044829626567661,57.592769622802734,4
1409,0.2044141739606857,0.0394531451165676,109.14037322998044,0.0653422549366951,0.0298906303942203,445.1746215820313,3
1410,0.2589845061302185,0.0219921991229057,90.25120544433592,0.1157305091619491,0.0168763920664787,498.0993041992188,2
1411,0.4882815182209015,0.2691017091274261,182.61267089843756,0.0240582581609487,0.0811830535531044,1775.614990234375,2
1412,0.4877541661262512,0.0230859499424696,623.103515625,0.026636529713869,0.0733251646161079,2273.686279296875,2
1413,0.0008007816504687,0.0004492189909797,119.63551330566406,5.009243488311768,0.0003899043658748,2497.559814453125,4
1414,0.2194923013448715,0.0156640708446502,110.03396606445312,0.1309558004140854,0.0149143366143107,214.13052368164065,3
1415,0.2108594924211502,0.000312500167638,4646.1494140625,1.7762187719345093,0.0010995973134413,14.227483749389648,4
1416,0.4876565039157867,0.3314454853534698,51.148719787597656,0.0162530783563852,0.1201694086194038,709.5158081054688,2
1417,0.2260548025369644,0.0693359747529029,190.24696350097656,0.1166267544031143,0.0167467668652534,115.016357421875,3
1418,0.0003320314281154,5.8593781432136886e-05,50.58173751831056,20.52444267272949,9.516099817119536e-05,12047.052734375,4
1419,0.401386946439743,0.3927736580371856,220.38122558593756,0.093833640217781,0.0208146814256906,24.91361618041992,4
1420,0.1848633736371994,0.0001757813442964,3342.803466796875,0.0965437516570091,0.0202305018901824,43.275203704833984,4
1421,0.1344922631978988,0.0192773547023534,70.26044464111328,0.1520410478115081,0.0128460517153143,37.176860809326165,4
1422,0.4882424473762512,0.1818165034055709,207.23318481445312,0.0226619113236665,0.0861854404211044,704.5679931640625,2
1423,0.487890899181366,0.3533595502376556,99.6170425415039,0.0198611337691545,0.0983393639326095,2277.1484375,2
1424,0.2859376668930053,0.0015625008381903,1589.5950927734375,0.0562504343688488,0.0347221419215202,111.91250610351562,1
1425,0.2801954746246337,0.0044726585038006,151.96669006347656,0.4149080216884613,0.0047073606401681,110.63704681396484,3
1426,0.0156640708446502,0.0023046887945383,70.39993286132812,0.561387300491333,0.0034791072830557,2298.253173828125,0
1427,0.4882815182209015,0.0965039581060409,61.78369903564453,0.0199176277965307,0.0980600789189338,669.6956176757812,2
1428,0.4168361723423004,0.286406397819519,266.0245056152344,0.0430015549063682,0.0454198569059372,79.16779327392578,3
1429,0.0064062532037496,0.0014062507543712,71.7523422241211,1.1841590404510498,0.0016493789153173,780.4874267578125,0
1430,0.0344531424343586,0.0025390638038516,70.76545715332031,0.2208063304424285,0.0088454252108931,377.3240661621094,3
1431,0.4032814800739288,0.3459767401218414,138.8715667724609,0.0501724258065223,0.0389282219111919,84.30835723876953,4
1432,0.0041992207989096,0.000312500167638,180.99093627929688,2.180354356765747,0.0008957838290371,3333.951904296875,0
1433,0.2392774671316146,0.035410176962614,3220.70849609375,0.0326833054423332,0.0597592666745185,137.9152069091797,1
1434,0.0095898490399122,5.8593781432136886e-05,61.25703811645508,1.8863644599914555,0.00103539112024,417.1077270507813,4
1435,0.341465026140213,0.0055273468606173,51.0791015625,0.1053533777594566,0.01853883638978,73.21394348144531,3
1436,0.2640626430511474,0.0296679846942424,164.79296875,0.1683096140623092,0.0116043407469987,367.33706665039057,2
1437,0.4880666732788085,0.344687670469284,59.77539825439453,0.0175884384661912,0.1110457777976989,2206.665771484375,2
1438,0.4867971241474152,0.3957033455371856,697.1234130859375,0.0400495715439319,0.0487678386270999,776.504150390625,2
1439,0.1760547757148742,0.0063085970468819,138.89161682128906,0.188237652182579,0.0103759104385972,516.8845825195312,2
1440,0.4015236496925353,0.1667578965425491,143.1908721923828,0.0684477537870407,0.0285345762968063,714.77734375,2
1441,0.0389648638665676,0.0109375063329935,57.82527542114258,0.158643439412117,0.0123113999143242,153.98487854003906,3
1442,0.0050195339135825,0.000683594145812,52.026615142822266,1.3334404230117796,0.0014647278003394,3386.7685546875,0
1443,0.4880471229553223,0.4010744392871856,219.8517608642578,0.022645054385066,0.0862494111061096,2319.4482421875,2
1444,0.1456641405820846,0.0110546937212347,71.08927154541016,0.2389118075370788,0.0081750955432653,102.97661590576172,3
1445,0.0204492304474115,0.0119140688329935,85.88915252685545,0.2697477936744689,0.0072405594401061,293.4095764160156,3
1446,0.3702736496925353,0.0152734452858567,51.08549118041992,0.0405672565102577,0.0481453947722911,2395.525634765625,4
1447,0.4866213500499725,0.1851368248462676,399.2829895019531,0.0288535486906766,0.0676913559436798,1037.767822265625,2
1448,0.0043164086528122,0.0006445315666496,4620.6826171875,1.758945345878601,0.0011103963479399,3243.43701171875,0
1449,0.0134765701368451,0.0075781289488077,50.0811653137207,0.6364940404891968,0.0030685667879879,1855.0714111328125,0
1450,0.3642384707927704,0.183515727519989,352.0927429199219,0.0221492815762758,0.0881806090474128,109.81816101074216,1
1451,0.1692774295806884,0.0368359573185443,63.81454849243164,0.1587318778038025,0.0123045574873685,230.3910217285156,2
1452,0.4882815182209015,0.1846875995397568,63.4528694152832,0.0275294706225395,0.0709467232227325,684.0316162109375,2
1453,0.4880471229553223,0.0536523722112178,51.42753601074219,0.0174828842282295,0.1117168143391609,993.7564697265624,2
1454,0.0231836065649986,0.0167187582701444,104.7109146118164,0.4813807904720306,0.0040573412552475,172.53570556640625,3
1455,0.0208007916808128,0.0090234419330954,58.88777160644531,0.3815800249576568,0.0051185213960707,1298.0274658203125,0
1456,0.4846291542053223,0.0980273932218551,54.564937591552734,0.026470536366105,0.073784627020359,1287.58251953125,3
1457,0.0582031570374965,0.0100585995241999,55.37072753906249,0.1630844324827194,0.0119761265814304,103.08718872070312,3
1458,0.0130273504182696,0.0038671896327286,53.29924392700195,0.7267109751701355,0.0026876255869865,1919.03955078125,0
1459,0.3934377133846282,0.0372070521116256,100.8660888671875,0.0251151584088802,0.0777669101953506,137.251708984375,1
1460,0.3838869333267212,0.1153125613927841,191.87399291992188,0.0423841588199138,0.046081356704235,80.75294494628906,1
1461,0.4836916625499725,0.4089846014976501,907.758056640625,0.0360378921031951,0.0541964322328567,636.769287109375,2
1462,0.3793947398662567,0.1238867864012718,6745.8857421875,0.0213077999651432,0.0916628390550613,658.9442749023438,1
1463,7.812504190951586e-05,3.906252095475793e-05,89.43518829345702,40.08683013916016,4.872238787356764e-05,25599.986328125,4
1464,0.3581447303295135,0.000527344061993,83.41513824462889,0.0739266723394393,0.0264198631048202,106.10235595703124,3
1465,0.2098438590764999,0.0959570854902267,120.68135833740234,0.1176325380802154,0.0166036076843738,104.83985900878906,3
1466,0.4876565039157867,0.0196875110268592,1072.6553955078125,0.030843898653984,0.06332278996706,1710.22021484375,2
1467,0.3743361234664917,0.2808399796485901,386.3259277343751,0.0386458076536655,0.0505392476916313,64.1135025024414,1
1468,0.3874806761741638,0.0066015659831464,331.6939697265625,0.0217547137290239,0.0897797867655754,180.65417480468756,1
1469,0.0001367188233416,5.8593781432136886e-05,66.85833740234375,23.80474281311035,8.204778714571148e-05,14628.5634765625,4
1470,0.4881252646446228,0.2695509195327759,1095.6834716796875,0.0293874740600585,0.0664609000086784,1694.2371826171875,2
1471,0.2137501090764999,0.213242307305336,295.0811767578125,0.1661489605903625,0.0117553044110536,116.9590072631836,4
1472,0.18039071559906,0.0115234432741999,1164.966796875,0.0647332966327667,0.0301719773560762,110.87045288085936,1
1473,0.4228322505950928,0.0379687696695327,145.5207061767578,0.0757539197802543,0.025782473385334,158.4552764892578,3
1474,0.0001367188233416,7.812504190951586e-05,212.96530151367188,30.864074707031246,6.32815426797606e-05,14628.5634765625,4
1475,0.4882033765316009,0.0306640788912773,128.14691162109375,0.0183638967573642,0.1063567772507667,929.9403076171876,2
1476,0.0826172307133674,0.0022656260989606,58.920448303222656,0.5601544380187988,0.0034867655485868,278.3923034667969,3
1477,0.1442969590425491,0.1173242852091789,3503.111083984375,0.0830122679471969,0.0235281679779291,207.90458679199216,1
1478,0.3765431642532348,0.1815235316753387,130.4544677734375,0.0198785252869129,0.0982526093721389,122.16394805908205,1
1479,0.0622851885855197,0.0144336018711328,78.94535064697266,0.2135052978992462,0.0091479076072573,144.4966278076172,3
1480,0.486211210489273,0.3203321993350982,1757.2696533203125,0.045400857925415,0.0430195666849613,78.15533447265625,1
1481,0.1441797614097595,0.0454297102987766,125.38021087646484,0.0521974451839923,0.0374181382358074,104.0367965698242,1
1482,0.363125205039978,0.0512500256299972,344.39801025390625,0.0320922769606113,0.0608596727252006,77.10839080810547,1
1483,0.0112695377320051,0.0032031266018748,53.29679107666016,0.8101792335510254,0.002410733141005,2218.36962890625,0
1484,0.0182812605053186,0.0138476639986038,100.1598434448242,0.702046275138855,0.0027820477262139,2023.9304199218752,3
1485,0.4872658848762512,0.2374610602855682,91.52544403076172,0.0274570602923631,0.0711338222026825,872.2137451171875,2
1486,0.0820117592811584,0.0728320702910423,93.11344146728516,0.1824281811714172,0.0107062710449099,109.7403564453125,4
1487,0.4880471229553223,0.0999023988842964,50.675418853759766,0.0162547416985034,0.1201580539345741,971.2177124023436,2
1488,0.0749805122613906,0.0194336045533418,429.1492614746094,0.1153061613440513,0.0169386137276887,120.03118896484376,1
1489,0.4873049557209015,0.3762502074241638,52.98087310791016,0.0188403688371181,0.1036673188209533,1087.6146240234375,2
1490,0.3291798532009125,0.032363299280405,468.9968872070313,0.0316658429801464,0.0616795048117637,106.32485198974608,1
1491,0.487969011068344,0.4142189621925353,284.300537109375,0.0255928337574005,0.0763155966997146,1639.4483642578125,2
1492,0.327304869890213,0.0030664079822599,324.37762451171875,0.0308346934616565,0.06334188580513,119.1549606323242,1
1493,0.3954299092292785,0.0334570482373237,65.54588317871094,0.1435838490724563,0.0136027447879314,50.57786178588867,3
1494,0.0196484476327896,0.0195703227072954,549.3798217773438,2.9718377590179443,0.000657211523503,559.8406372070312,4
1495,0.0038476584013551,0.0010742193553596,4716.43359375,4.90922737121582,0.0003978482272941,1299.49169921875,4
1496,0.0198828224092721,0.0014843757962808,143.99993896484375,0.6369855999946593,0.0030661993660032,251.47335815429688,4
1497,0.0150586022064089,0.0049609402194619,360.9468383789063,0.5105892419815063,0.0038252363447099,664.072265625,3
1498,0.4882424473762512,0.4729689955711365,184.72760009765625,0.0200516823679208,0.0974044874310493,1489.0142822265625,2
1499,9.765630238689482e-05,3.906252095475793e-05,310.7347412109375,32.811363220214844,5.9525904362089925e-05,20479.98828125,4
1500,0.3589455187320708,0.0318554863333702,118.65758514404295,0.1376742422580718,0.0141865583136677,323.1688232421875,3
1501,0.4882815182209015,0.0467968992888927,655.8292846679688,0.0267981812357902,0.0728826895356178,1611.775146484375,2
1502,0.4880861937999725,0.3944923877716064,181.21011352539065,0.0217917673289775,0.0896266996860504,1434.1729736328125,2
1503,0.4872658848762512,0.1240430325269699,330.633056640625,0.0241026189178228,0.0810339525341987,802.4366455078125,2
1504,0.478222906589508,0.2718556225299835,67.12273406982422,0.030265474691987,0.0645333752036094,106.64482879638672,3
1505,0.4526955485343932,0.000468750251457,3461.56591796875,0.05716223269701,0.0341680459678173,119.28546905517578,4
1506,0.4882815182209015,0.0769922286272049,905.3468627929688,0.0315845422446727,0.0618378967046737,913.407470703125,2
1507,0.3882033228874207,0.0071679726243019,135.8551483154297,0.0257454589009284,0.0758632272481918,113.34266662597656,1
1508,0.4882033765316009,0.4025978744029999,191.18811035156247,0.0210131555795669,0.0929473489522934,1886.5089111328125,2
1509,0.4853518307209015,0.0643359720706939,613.2234497070312,0.0224925130605697,0.0868339613080024,1675.073486328125,2
1510,0.4839650988578796,0.3146290779113769,2627.5595703125,0.0497414916753768,0.0392654463648796,61.98794174194336,1
1511,0.0798633247613906,0.0655273795127868,52.48382186889648,0.2660270929336548,0.007341846358031,137.7353057861328,4
1512,0.4880080819129944,0.1000391170382499,51.1455078125,0.0190658904612064,0.1024410873651504,983.5902709960936,2
1513,0.3147267401218414,0.2783985733985901,4630.76123046875,0.0432951785624027,0.04511209577322,98.49814605712888,1
1514,0.4769924581050873,0.0017187509220093,106.9513931274414,0.0344080403447151,0.056763757020235,511.5384826660156,1
1515,0.3231056332588196,0.0029101578984409,68.1535415649414,0.1180049404501914,0.0165511593222618,40.23451995849609,3
1516,0.380508005619049,0.1064844354987144,73.10839080810547,0.0769945532083511,0.0253670420497655,522.9850463867188,3
1517,0.0002539063862059,0.000156250083819,580.6875,10.859386444091797,0.0001798560115275,7876.918945312499,4
1518,0.3893166184425353,0.0011132818181067,87.11135101318358,0.1181592941284179,0.0165296159684658,146.410400390625,3
1519,0.4773635268211365,0.0937891155481338,63.003692626953125,0.0293644703924655,0.0665131583809852,161.30264282226562,4
1520,0.4880861937999725,0.4346682131290436,293.4185791015625,0.0236110407859086,0.0827208757400512,1458.7587890625,2
1521,0.486504167318344,0.466035395860672,57.91309356689453,0.0245294645428657,0.0796229094266891,594.033935546875,2
1522,0.278105616569519,0.2201954275369644,109.4101333618164,0.0349830649793148,0.0558306500315666,86.29814910888672,1
1523,0.3278126716613769,0.0801367610692977,119.01004791259764,0.0901805609464645,0.0216579996049404,222.6881561279297,3
1524,0.0059570344164967,0.0013671882916241,332.47296142578125,1.6930181980133057,0.0011536348611116,1510.81884765625,0
1525,0.4032424092292785,0.1583789885044098,162.83119201660156,0.0289061870425939,0.0675674602389335,99.19591522216795,1
1526,0.0291015785187482,0.0028125015087425,85.25686645507811,0.3244101107120513,0.0060205422341823,171.81198120117188,3
1527,0.4822268187999725,0.1512305438518524,234.0815887451172,0.0303292013704776,0.064397744834423,1005.7507934570312,2
1528,0.2812110781669616,0.0597656555473804,52.68971633911133,0.1271043568849563,0.0153662748634815,67.56490325927734,3
1529,0.0082031292840838,0.0021679699420928,311.6967468261719,0.8025798797607421,0.0024335591588169,2681.9033203125,0
1530,0.361172080039978,0.0094726616516709,337.983642578125,0.0286381486803293,0.0682001262903213,113.51929473876952,1
1531,0.0045312521979212,0.0008984379819594,58.665576934814446,1.7154775857925415,0.0011385317193344,5958.61767578125,0
1532,7.812504190951586e-05,3.906252095475793e-05,205.5437774658203,37.8176383972168,5.1645896746777e-05,25599.986328125,4
1533,0.4881057441234588,0.3730275332927704,1067.4246826171875,0.0219331160187721,0.0890490338206291,1450.50537109375,2
1534,0.0118945380672812,0.0039843772538006,51.91526412963867,0.5158025622367859,0.0037865776102989,2774.382568359375,0
1535,0.483281522989273,0.1033984944224357,53.39390563964844,0.0301606226712465,0.0647574290633201,2737.534912109375,3
1536,0.4237502217292785,0.3060157895088196,73.79385375976561,0.03093290515244,0.0631404593586921,186.4305877685547,4
1537,0.2509962320327759,0.0834570750594139,4545.8759765625,0.0543888062238693,0.0359104946255683,143.4284515380859,1
1538,0.4105666279792785,0.2256641834974288,6212.19482421875,0.0333670936524868,0.0585342906415462,153.44647216796875,1
1539,0.0197851676493883,0.0018945322372019,118.48793792724608,0.4918254911899567,0.0039711794815957,960.3153686523436,0
1540,0.4882815182209015,0.1002539619803428,57.0181770324707,0.0330507010221481,0.0590948313474655,153.59991455078125,4
1541,0.0007421878981404,0.000527344061993,3649.02734375,5.037027835845947,0.0003877536510117,5389.470703125,4
1542,0.4880666732788085,0.0898633301258087,265.0358581542969,0.0232298653572797,0.0840778350830078,1628.8758544921875,2
1543,0.475781500339508,0.2450977861881256,2714.40869140625,0.065810777246952,0.0296778492629528,46.23971176147461,1
1544,0.4664650857448577,0.271289199590683,232.10499572753903,0.0255596712231636,0.0764140486717224,126.48320770263672,1
1545,0.471406489610672,0.0016406258800998,403.5807800292969,0.0478869117796421,0.0407862998545169,44.54754257202149,1
1546,0.4875198006629944,0.0270507950335741,56.6338348388672,0.0235114861279726,0.0830712020397186,707.66357421875,2
1547,0.4882033765316009,0.2282423079013824,68.85519409179688,0.0212362464517354,0.0919715389609336,1190.0777587890625,2
1548,0.0125976633280515,0.0041210958734154,61.89834976196289,0.8586552739143372,0.0022746343165636,2063.874755859375,0
1549,0.486504167318344,0.2714454531669616,116.7813491821289,0.0241085365414619,0.0810137018561363,1235.343994140625,2
1550,0.0001171875628642,7.812504190951586e-05,62.61506271362305,24.02179908752441,8.130640344461426e-05,17066.658203125,4
1551,0.3906252086162567,0.0180468838661909,55.78460311889648,0.0608737170696258,0.0320848375558853,143.35992431640625,3
1552,0.0081640668213367,0.0016406258800998,291.05670166015625,1.2249081134796145,0.0015945072518661,2204.783447265625,0
1553,0.0069726598449051,0.0004101564700249,51.232303619384766,1.234254002571106,0.0015824352158233,3155.180419921875,0
1554,0.464551031589508,0.3827541172504425,75.90341949462889,0.0396543517708778,0.0492536462843418,51.662784576416016,4
1555,0.4874612092971802,0.4751174449920654,62.725135803222656,0.0207398254424333,0.0941728726029396,1191.8897705078125,2
1556,0.3204298615455627,0.0027734390459954,127.8759994506836,0.1627800315618515,0.0119985174387693,365.1345214843751,2
1557,0.4829690158367157,0.2312110662460327,95.1314697265625,0.0260192602872848,0.0750643610954284,80.75051879882812,1
1558,0.0183789152652025,0.0045117209665477,58.35201644897461,0.5178725123405457,0.0037714417558163,924.9729614257812,3
1559,0.0001171875628642,5.8593781432136886e-05,109.04103088378906,36.75366973876953,5.314098234521225e-05,17066.658203125,4
1560,0.1620508730411529,0.0306250154972076,53.22983551025391,0.2474680095911026,0.0078924223780632,314.7159729003906,3
1561,0.3923439681529999,0.1044727116823196,109.50991821289062,0.0311643294990062,0.062671922147274,61.17081451416016,1
1562,0.4878127574920654,0.2913868725299835,183.22837829589844,0.0217275321483612,0.0898917913436889,2039.7170410156248,2
1563,0.2955470383167267,9.765630238689482e-05,69.5739974975586,0.3893125653266906,0.0050168712623417,33.8355598449707,4
1564,0.471875250339508,0.0998828634619712,52.0809440612793,0.0402063801884651,0.0485776960849762,648.4765014648438,2
1565,0.0161718837916851,0.0066015659831464,75.93258666992188,0.500235080718994,0.0039044204168021,2164.25,0
1566,0.4282033443450928,0.1357031911611557,77.85504913330078,0.0229152981191873,0.0852324962615967,128.4436492919922,1
1567,0.0032031266018748,0.0013867195229977,152.7400360107422,1.9522994756698608,0.0010004233336076,1873.1697998046875,0
1568,0.2905665636062622,0.1247852221131324,1075.317626953125,0.033002208918333,0.0591815300285816,99.80501556396484,1
1569,0.0156445391476154,0.0019726573955267,87.15374755859375,0.572006106376648,0.0034145184326916,2301.122314453125,0
1570,0.0753516033291816,0.0071679726243019,6701.52685546875,0.206592708826065,0.0094540053978562,39.81335449218751,4
1571,0.0001757813442964,9.765630238689482e-05,1216.4654541015625,18.332658767700195,0.0001065380856744,11377.771484375,4
1572,0.3296290934085845,0.0038671896327286,501.3064575195313,0.0291259698569774,0.0670576989650726,160.78677368164062,1
1573,0.0182421971112489,0.0042187524959445,110.68270111083984,0.4583491384983063,0.0042612240649759,2192.71826171875,0
1574,0.3664064407348633,0.0118750063702464,363.0070495605469,0.0246908143162727,0.0791032761335372,180.12783813476562,1
1575,0.4509572684764862,0.0829492658376693,52.161746978759766,0.0702760592103004,0.0277921594679355,39.915088653564446,3
1576,0.487988531589508,0.2889649868011474,102.45450592041016,0.0188601464033126,0.1035590693354606,649.6054077148438,2
1577,0.3689064383506775,0.0837891101837158,407.5245361328125,0.0256750173866748,0.076070912182331,130.11428833007812,1
1578,0.4618947803974152,0.1900001019239425,1610.669189453125,0.0491725578904151,0.0397197306156158,88.76480102539062,1
1579,0.4816604256629944,0.3402150273323059,248.2372283935547,0.0303495042026042,0.0643544942140579,510.7332763671875,2
1580,0.0002148438652511,9.765630238689482e-05,198.24151611328125,17.701740264892578,0.000110335262434,9309.0859375,4
1581,0.1926758885383605,0.0132226636633276,5890.42724609375,0.0801699757575988,0.0243623591959476,108.99132537841795,1
1582,0.4882815182209015,0.0285156406462192,4857.46435546875,0.059011161327362,0.0330975130200386,43.007976531982415,1
1583,0.4861135482788085,0.0085156299173831,341.2127380371094,0.0378720201551914,0.0515719428658485,78.17103576660156,1
1584,0.4785940051078796,0.0719726979732513,796.097900390625,0.0316671691834926,0.0616766810417175,1328.892578125,2
1585,0.4882815182209015,0.4264455437660217,54.05239105224609,0.0201801266521215,0.0967852175235748,1173.5032958984375,2
1586,0.0175000093877315,0.0174218844622373,3694.920166015625,4.5523362159729,0.0004290381912142,171.42848205566406,4
1587,0.2702540457248688,0.254980593919754,97.29195404052734,0.1256093233823776,0.0155492331832647,133.2079925537109,3
1588,0.4844533801078796,0.3082814216613769,649.9931640625,0.0324400290846824,0.0602071806788444,1407.772216796875,2
1589,0.1263672560453415,0.0416211150586605,2788.402099609375,0.1556607484817505,0.0125472852960228,110.78819274902344,4
1590,0.000312500167638,0.0002539063862059,93.8149871826172,10.663090705871582,0.0001831669796956,6399.99658203125,4
1591,0.1767579019069671,0.0330273620784282,1583.000732421875,0.0682582035660743,0.0286137517541646,84.86183929443358,1
1592,0.0079492228105664,0.0076562538743019,4548.1416015625,6.442995548248291,0.0003031394735444,503.19384765625,4
1593,0.0290429834276437,0.0039843772538006,145.60552978515625,0.1083177253603935,0.0180314760655164,172.1586151123047,4
1594,0.0649414435029029,0.0415234602987766,96.42748260498048,0.1917811036109924,0.0101841343566775,338.7667236328125,3
1595,0.0600390955805778,5.8593781432136886e-05,120.41600799560544,3.8540291786193848,0.0005067738820798,66.62325286865233,4
1596,0.4863479137420654,0.0159179773181676,170.2994842529297,0.0246297605335712,0.0793000161647796,1426.9620361328125,2
1597,0.4876369833946228,0.4619728922843932,90.5641632080078,0.0236687157303094,0.082519344985485,1238.6263427734375,2
1598,0.0004101564700249,9.765630238689482e-05,71.22567749023438,14.824974060058592,0.0001317456481046,7314.28173828125,4
1599,0.0008007816504687,0.0006250003352761,69.98954772949219,4.970855712890625,0.0003929155354853,2497.559814453125,4
1600,0.4745315015316009,0.3632814586162567,85.84358978271484,0.0371078699827194,0.0526337623596191,136.97720336914062,4
1601,0.3920509815216064,0.2216798067092895,145.07797241210935,0.0386634618043899,0.050516203045845,1254.9388427734375,2
1602,9.765630238689482e-05,5.8593781432136886e-05,162.10745239257812,33.42871856689453,5.8426594478078187e-05,20479.98828125,4
1603,0.2491016983985901,0.1004688069224357,72.4219970703125,0.0876681581139564,0.0222786255180835,48.173095703125,4
1604,0.3605665862560272,0.0997266173362732,151.43121337890625,0.0246727000921964,0.0791621208190918,110.93651580810544,1
1605,0.3573439419269562,0.0235156379640102,72.68533325195312,0.1280267685651779,0.0152556141838431,260.25347900390625,3
1606,0.000527344061993,5.8593781432136886e-05,95.62902069091795,12.471054077148436,0.0001566127175465,7585.180664062499,4
1607,0.4880666732788085,0.4732815027236937,80.16631317138672,0.0149597525596618,0.1305586993694305,1487.501708984375,2
1608,0.4848244786262512,0.2365235686302184,232.61436462402344,0.0277951676398515,0.0702684447169303,88.69189453125,1
1609,0.4373049139976501,0.1000586450099945,52.43698120117188,0.0816888287663459,0.0239094272255897,77.74895477294922,3
1610,0.3197072148323059,0.1691016554832458,3568.41064453125,0.0656451433897018,0.0297526773065328,46.91792678833008,4
1611,0.4132814705371856,0.3978517651557922,4020.3823242187514,0.1246642768383026,0.0156671125441789,24.19658470153808,4
1612,0.3062501549720764,0.0130664128810167,454.19155883789057,0.0379836894571781,0.0514200404286384,169.79583740234375,1
1613,0.0034179706126451,0.0011914068600162,62.45151138305664,2.3667469024658203,0.0008252367842942,3803.426513671875,0
1614,0.4877541661262512,0.4628518223762512,159.69036865234375,0.0299745816737413,0.0651593580842018,1164.5211181640625,2
1615,0.3489454984664917,0.0100585995241999,507.0993957519531,0.0373172312974929,0.0523383915424346,88.8390884399414,1
1616,0.2942774891853332,0.0209179800003767,56.304237365722656,0.0934375897049903,0.0209031105041503,356.8060913085937,3
1617,0.4825197756290436,0.2353712171316146,362.9291076660156,0.0300726220011711,0.0649469569325447,1483.876953125,2
1618,0.4800393283367157,0.2509180903434753,745.6016235351561,0.0319687128067016,0.0610949136316776,1791.5198974609375,2
1619,0.485937774181366,0.2665235698223114,925.2926025390624,0.0278186611831188,0.0702091008424758,1580.44921875,2
1620,0.388027548789978,0.0087500046938657,256.5120849609375,0.035486165434122,0.0550390519201755,95.35405731201172,1
1621,0.1604883670806884,0.0148828206583857,86.48311614990233,0.221011608839035,0.0088372202590107,12.461962699890137,4
1622,0.0935156717896461,0.0865430161356926,55.89997100830078,0.241985335946083,0.0080712717026472,139.01412963867188,3
1623,0.3854884803295136,0.0076562538743019,56.86210632324219,0.0985006541013717,0.0198285784572362,90.79389190673828,3
1624,0.0001757813442964,5.8593781432136886e-05,1235.11474609375,17.190017700195312,0.0001136197824962,11377.771484375,4
1625,0.4858596324920654,0.4000197350978851,576.7794799804688,0.0279461611062288,0.0698887407779693,1327.5439453125,2
1626,0.4502932131290436,0.092265672981739,52.566402435302734,0.0521480217576026,0.0374534428119659,632.9209594726562,3
1627,0.4868557155132293,0.2609571814537048,94.6285934448242,0.0234836265444755,0.0831698924303054,1793.1390380859375,2
1628,0.3017775118350982,0.2746095359325409,5654.033203125,0.056019153445959,0.0348652713000774,119.29318237304688,1
1629,0.2774806320667267,0.0018945322372019,2136.103515625,0.059558480978012,0.0327936001121997,122.53107452392578,1
1630,0.4882229268550873,0.3214845359325409,54.929702758789055,0.0168195720762014,0.1161225289106369,1716.4290771484375,2
1631,0.0001171875628642,3.906252095475793e-05,68.39422607421875,26.832687377929688,7.278905832208693e-05,17066.658203125,4
1632,0.4880471229553223,0.1506836712360382,934.9682006835936,0.0293315853923559,0.0665880590677261,1977.26806640625,2
1633,0.1424805521965026,0.0996680185198783,50.53649902343751,0.060366753488779,0.0323543958365917,715.8871459960938,4
1634,0.4869729280471802,0.3960744440555573,965.4638061523436,0.0248693823814392,0.0785352513194084,1386.114013671875,2
1635,0.3112111091613769,0.0150586022064089,6391.90087890625,0.0334387272596359,0.0584090612828731,186.36866760253903,1
1636,0.3866798877716064,0.3844338059425353,3205.580322265625,1.02568519115448,0.0019042163621634,7.758355617523193,4
1637,0.2761134207248688,0.0228711068630218,78.96167755126953,0.2468741536140441,0.007911411114037,181.0850067138672,3
1638,0.460644781589508,0.2431251257658004,214.4275665283203,0.0299823265522718,0.0651421248912811,80.32219696044922,1
1639,0.4865627586841583,0.4719143211841583,414.04534912109375,0.0327909775078296,0.0595631040632724,1274.24462890625,2
1640,0.1135938093066215,0.0393554903566837,86.46038055419923,0.1878868043422698,0.0103951934725046,1082.8055419921875,3
1641,0.4847072958946228,0.2792384326457977,189.98423767089844,0.0294821485877037,0.0662477314472198,1666.9854736328125,2
1642,0.0002929689071606,0.0002148438652511,281.76171875,9.62647533416748,0.0002028910821536,6826.6630859375,4
1643,0.4882815182209015,0.006347659509629,83.5145263671875,0.0219724681228399,0.0888893976807594,2039.8068847656248,2
1644,0.3000196814537048,0.010000005364418,385.6286621093751,0.0492750070989131,0.0396372005343437,86.66098022460938,1
1645,0.4882033765316009,0.375332236289978,140.93487548828125,0.0208684541285038,0.0935920402407646,1093.806396484375,2
1646,0.4880666732788085,0.099824272096157,50.439884185791016,0.0181419849395751,0.1076578870415687,1655.511474609375,2
1647,0.259863406419754,0.1454688310623168,128.99720764160156,0.0348474830389022,0.0560477599501609,107.74891662597656,1
1648,0.345566600561142,0.0102539118379354,238.26223754882807,0.0264627560973167,0.0738067328929901,109.9643325805664,1
1649,0.2983985841274261,0.0091601610183715,3320.5068359375,0.0455778017640113,0.0428528040647506,120.64400482177734,1
1650,0.4492580592632293,0.2950392067432403,979.8250732421876,0.0333804786205291,0.0585108362138271,151.3606719970703,4
1651,0.3273243904113769,0.0760156661272049,6007.56298828125,0.0359437428414821,0.0543386936187744,164.9739532470703,1
1652,0.4311135113239288,0.1442383527755737,3150.87841796875,0.2753539383411407,0.0070931226946413,18.55659866333008,4
1653,0.2779102921485901,0.276347815990448,226.82482910156247,1.2368929386138916,0.0015790583565831,14.393134117126465,4
1654,0.2443165332078933,0.0131836012005805,6116.18505859375,0.0528206042945385,0.0369765721261501,139.16372680664062,1
1655,0.0002539063862059,0.000156250083819,3158.04541015625,12.004338264465332,0.0001627016754355,7876.918945312499,4
1656,0.4077736437320708,0.0688867568969726,260.50274658203125,0.0241275895386934,0.0809501335024833,134.87875366210935,1
1657,0.0982031747698783,0.0981445834040641,96.5696792602539,2.369112491607666,0.0008244122727774,30.548910140991207,4
1658,0.0941992700099944,0.0011718756286427,76.64635467529295,0.4461566507816314,0.0043776612728834,318.47381591796875,3
1659,9.765630238689482e-05,3.906252095475793e-05,51.370582580566406,34.5162467956543,5.658570444211364e-05,20479.98828125,4
1660,0.3037697076797485,0.0100195370614528,5187.365234375,0.0314774923026561,0.0620482750236988,161.30641174316406,1
1661,0.4841213524341583,0.0990039557218551,53.80901336669922,0.0354185625910759,0.0551443360745906,206.55978393554688,4
1662,0.1838477551937103,0.0062109408900141,240.77638244628903,0.2824792861938476,0.0069142095744609,59.83211517333984,3
1663,0.3626955151557922,0.0010156255448237,5610.2744140625,0.0648104846477508,0.0301360301673412,71.68547058105469,1
1664,0.328086107969284,0.0928125530481338,95.83875274658205,0.1102954596281051,0.0177080892026424,33.52778244018555,3
1665,0.0751172304153442,0.0749805122613906,51.10875701904297,1.1168779134750366,0.0017487376462668,66.5626220703125,4
1666,0.4882815182209015,0.4854690134525299,1119.4532470703125,0.0181603878736496,0.1075489521026611,3135.486328125,2
1667,0.0126757882535457,0.0045703151263296,68.56893920898438,0.6381503343582153,0.0030606016516685,2366.716796875,0
1668,0.4139064848423004,0.2167774587869644,221.12973022460932,0.0388662777841091,0.0502521470189094,123.2162399291992,1
1669,0.4872268140316009,0.2986915707588196,56.991653442382805,0.0192310437560081,0.1015607863664627,1057.0025634765625,2
1670,0.0046875025145709,0.0026367201935499,194.12875366210932,2.532410383224488,0.0007712516817264,1919.9990234375,4
1671,0.4031447470188141,0.0022265636362135,190.71551513671875,0.052886351943016,0.0369303449988365,99.2199478149414,1
1672,0.4881838560104369,0.0203711055219173,53.89445114135742,0.0183955170214176,0.1061737611889839,999.6234130859376,2
1673,0.3717580139636993,0.3716798722743988,4669.71484375,2.2695834636688232,0.0008605668554082,16.139530181884766,4
1674,0.0002734376466833,5.8593781432136886e-05,1125.5406494140625,14.840918540954588,0.0001316041161771,10971.4228515625,4
1675,0.1080469340085983,0.0976172387599944,66.98936462402344,0.1499239951372146,0.0130274444818496,212.87045288085932,3
1676,0.3145314157009125,0.0183203220367431,52.039180755615234,0.0820018574595451,0.0238180011510848,178.04263305664062,3
1677,0.4882815182209015,0.0004296877305023,184.1664276123047,0.0277150105684995,0.0704717636108398,643.0716552734375,2
1678,0.4821877479553223,0.1080273985862732,1262.96337890625,0.0311692412942647,0.0626624524593353,1569.9278564453125,2
1679,0.3603517413139343,0.2706251442432403,83.33567810058594,0.0269446093589067,0.0724867209792137,133.20318603515625,1
1680,0.3530470728874206,0.0102539118379354,486.8255004882813,0.0362446382641792,0.0538875944912433,79.30953979492188,1
1681,0.0105273490771651,0.0022070324048399,64.98001861572266,0.9309010505676268,0.0020981037523597,2279.776123046875,0
1682,0.4882619678974152,0.240332156419754,145.68667602539062,0.0206324700266122,0.094662606716156,2306.13916015625,2
1683,0.0008789066923782,0.0007031253771856,4178.71533203125,3.9391896724700928,0.0004958192585036,3413.33154296875,4
1684,0.484082281589508,0.375136911869049,791.8121948242188,0.0541798323392868,0.0360491164028644,772.595947265625,2
1685,0.3433400392532348,0.0860742628574371,51.127151489257805,0.1482867896556854,0.0131712313741445,136.89053344726562,3
1686,0.0438476800918579,0.0052734403870999,59.82899475097656,0.2947945892810821,0.0066253771074116,410.5120239257813,3
1687,0.4863869845867157,0.421914279460907,79.38335418701172,0.0236281249672174,0.0826611965894699,904.6294555664062,2
1688,0.0060351593419909,0.002519532572478,99.72337341308592,1.3431546688079832,0.0014541327254846,4805.17529296875,0
1689,0.1273047626018524,0.0308593921363353,77.54157257080078,0.1317934691905975,0.0148195819929242,39.27582931518555,4
1690,0.2409962266683578,0.0963672399520873,77.96004486083984,0.0435842238366603,0.0448126085102558,124.4832763671875,1
1691,0.0116992248222231,0.0042578149586915,120.9816665649414,0.7153221368789673,0.0027304126415401,2307.84521484375,0
1692,0.2586329579353332,0.1473633646965026,22.334115982055664,0.0916684120893478,0.0213064551353454,297.7192077636719,3
1693,0.3107228279113769,0.0163281336426734,239.5138397216797,0.0321889072656631,0.0606773123145103,109.42227935791016,1
1694,0.0783008262515068,0.000683594145812,66.68551635742188,0.3813844323158264,0.0051211467944085,727.961669921875,3
1695,0.4823635518550873,0.1193164736032486,25.56288719177246,0.057982113212347,0.0336850769817829,381.45501708984375,3
1696,0.106621153652668,0.0886914506554603,67.60121154785156,0.106087289750576,0.0184105448424816,1181.7542724609375,3
1697,0.4865432381629944,0.0302734542638063,3538.54296875,0.0496802516281604,0.0393140353262424,86.32326507568358,1
1698,0.4638674259185791,0.2695118486881256,499.77270507812494,0.0289107449352741,0.0675573199987411,301.81036376953125,4
1699,0.2192384004592895,0.060019563883543,432.8763732910156,0.484828233718872,0.004028488881886,136.83734130859375,4
1700,0.2548634111881256,0.0011523443972691,147.61544799804688,0.0990937575697898,0.0197098832577466,15.69468116760254,4
1701,0.4427541494369506,0.0857031717896461,52.65548706054688,0.032630555331707,0.0598557218909263,246.186279296875,1
1702,0.4867971241474152,0.0048632840625941,114.6719741821289,0.0219037532806396,0.0891684368252754,115.03765869140624,1
1703,0.4875588417053223,0.233750119805336,2033.1247558593752,0.0592076703906059,0.0329877659678459,67.68413543701172,1
1704,0.013281256891787,0.002949220361188,89.48045349121092,0.5959834456443787,0.0032771497499197,2032.9400634765625,0
1705,0.0001171875628642,7.812504190951586e-05,300.3416748046875,30.40544319152832,6.42360610072501e-05,17066.658203125,4
1706,0.3216017484664917,0.0134179759770631,337.7886962890625,0.0379343219101429,0.0514869578182697,121.2679977416992,1
1707,0.3063282966613769,0.1074414625763893,58.56688690185546,0.0338121801614761,0.0577640645205974,130.578857421875,1
1708,0.4870510399341583,0.1373047679662704,546.0335083007812,0.0270464345812797,0.0722141712903976,1829.3770751953125,2
1709,0.4302932024002075,0.4239064753055573,2263.145263671875,0.0956703498959541,0.0204150937497615,13.94398021697998,4
1710,0.0003515626885928,0.0001757813442964,91.62433624267578,14.358213424682615,0.0001360284804832,11377.771484375,4
1711,0.3762111365795136,0.040097676217556,88.88074493408203,0.0221065487712621,0.0883503779768943,119.61368560791016,1
1712,0.0002343751257285,5.8593781432136886e-05,50.507450103759766,24.16742515563965,8.081647683866322e-05,8533.3291015625,4
1713,0.4882815182209015,0.1000391170382499,52.39776611328125,0.0193057358264923,0.1011680737137794,905.2155151367188,2
1714,0.0017382821533828,0.0001171875628642,86.5748519897461,4.302600383758545,0.0004539408546406,4026.964111328125,0
1715,0.481152594089508,0.1219336614012718,108.22611236572264,0.0189692489802837,0.1029624342918396,101.83879089355467,1
1716,0.3203126788139343,0.0191601663827896,2303.364990234375,0.0283116623759269,0.0689867436885833,124.87797546386716,1
1717,0.4316408634185791,0.0985156744718551,107.57310485839844,0.0225610043853521,0.0865708738565445,125.10400390625,1
1718,0.0002539063862059,9.765630238689482e-05,82.81173706054686,14.888673782348633,0.0001311819942202,7876.918945312499,4
1719,0.0111914118751883,0.0058203157968819,1713.809326171875,0.2851884067058563,0.0068485424853861,178.70846557617188,4
1720,0.3961525559425353,0.290800929069519,113.6422653198242,0.1079327911138534,0.0180957987904548,90.87408447265624,3
1721,0.0260156393051147,0.0202734488993883,360.75775146484375,1.0725995302200315,0.0018209272529929,1345.3446044921875,0
1722,0.3796291053295136,0.0218945425003767,50.98010253906249,0.1041639447212219,0.0187506154179573,308.195556640625,3
1723,0.0001757813442964,9.765630238689482e-05,61.573047637939446,24.05580139160156,8.119147969409822e-05,11377.771484375,4
1724,0.4869729280471802,0.1745899319648742,590.518310546875,0.0257611591368913,0.0758167803287506,1659.2298583984375,2
1725,0.4794729053974152,0.0913086459040641,55.60704040527344,0.0712803602218627,0.0274006258696317,406.6965942382813,3
1726,0.3932423889636993,0.032363299280405,58.43680953979492,0.0742328241467476,0.0263109020888805,528.9358520507812,3
1727,0.4177150726318359,0.0307422038167715,65.00186920166016,0.0892788544297218,0.021876685321331,136.45664978027344,3
1728,0.4866799414157867,0.399258017539978,158.9958343505859,0.0251343101263046,0.07770736515522,1812.279296875,2
1729,0.0825977027416229,0.0088281296193599,59.261985778808594,0.2026856839656829,0.009636209346354,181.6031188964844,3
1730,0.4848244786262512,0.404140830039978,947.695068359375,0.039358951151371,0.049623530358076,437.27163696289057,2
1731,0.2921681106090545,0.2148438692092895,93.03627014160156,0.0262071173638105,0.0745266005396842,123.21673583984376,1
1732,0.1365430355072021,0.0004492189909797,214.28256225585932,1.689095973968506,0.0011563135776668,21.971094131469727,4
1733,0.4798830747604369,0.3515236377716064,441.6868896484375,0.0369383208453655,0.0528754033148288,343.8337707519531,2
1734,0.0002929689071606,0.0001953126047737,5431.32568359375,12.147342681884764,0.0001607863086974,6826.6630859375,4
1735,0.3040040731430053,0.0091406302526593,3389.12158203125,0.0433852560818195,0.0450182482600212,138.15603637695312,1
1736,0.4859182238578796,0.0845312923192977,316.3482971191406,0.0346384681761264,0.0563859418034553,1352.079345703125,2
1737,0.132597729563713,0.0087890671566128,142.29998779296875,0.0628528222441673,0.0310745723545551,105.58250427246092,1
1738,0.3764259815216064,0.1145703718066215,257.26104736328125,0.0449833534657955,0.0434188395738601,58.44442367553711,1
1739,0.1084961518645286,0.0038085957057774,144.19573974609375,0.3137460649013519,0.0062251887284219,221.2060089111328,3
1740,0.1450196057558059,0.0871094241738319,68.56143188476562,0.0778206586837768,0.0250977724790573,530.9627075195312,3
1741,0.4811721444129944,0.2341798096895217,4154.35107421875,0.0489076077938079,0.0399351231753826,54.0347137451172,1
1742,0.4880666732788085,0.1000391170382499,11.11172103881836,0.0261362008750438,0.0747288167476654,1462.9149169921875,3
1743,0.4877150952816009,0.4764846265316009,84.88382720947266,0.0298411361873149,0.0654506385326385,563.853759765625,2
1744,0.0145507892593741,0.002246094867587,74.12906646728516,0.7456904649734497,0.0026192173827439,1443.220703125,0
1745,7.812504190951586e-05,3.906252095475793e-05,158.86798095703125,38.36708450317384,5.090629929327405e-05,25599.986328125,4
1746,0.484961211681366,0.0822266042232513,782.9865112304686,0.023876067250967,0.0818030908703804,1967.1676025390625,2
1747,0.0042773461900651,0.0005664065247401,102.03691864013672,2.056098699569702,0.0009499184088781,4909.58642578125,0
1748,0.4813674390316009,0.2791212499141692,178.3407440185547,0.0219641420990228,0.0889232903718948,876.669189453125,2
1749,0.4870315194129944,0.4611916542053223,955.0743408203124,0.0348692461848259,0.056012999266386,1194.9945068359375,2
1750,0.3883400559425353,0.2480079382658004,62.50677490234375,0.0530890524387359,0.0367896594107151,131.3282012939453,3
1751,0.4877346456050873,0.419472873210907,768.868896484375,0.0283091235905885,0.0689927861094474,1849.3662109375,2
1752,0.3016603291034698,0.0017578133847564,3209.78125,0.0548330023884773,0.0356194525957107,129.28448486328125,1
1753,0.2209376245737076,0.1004492715001106,133.08786010742188,0.062889814376831,0.031056361272931,67.89246368408203,3
1754,0.4872658848762512,0.1543164849281311,716.0385131835938,0.0254940092563629,0.0766117200255394,2571.491455078125,2
1755,0.3043556213378906,0.0052734403870999,4393.07666015625,0.0368328280746936,0.0530267395079135,160.99588012695312,1
1756,0.4589260220527649,0.316367357969284,62.81579208374024,0.0318075008690357,0.0614042319357395,281.091064453125,3
1757,0.4876955747604369,0.1115430295467376,175.568115234375,0.0231396611779928,0.0844057872891426,1466.0784912109375,2
1758,0.3565040826797485,0.044609397649765,105.87020874023436,0.0213635712862014,0.091422751545906,137.44583129882812,1
1759,0.3655080199241638,0.0116406315937638,129.11585998535156,0.0356633849442005,0.0547659546136856,60.1901969909668,1
1760,0.4847854077816009,0.1621875911951065,191.99548339843756,0.026869298890233,0.072690300643444,952.9989624023436,2
1761,0.4878518283367157,0.4800197780132293,67.15831756591797,0.0248599015176296,0.0785651132464408,1149.9393310546875,2
1762,0.4877346456050873,0.3320704996585845,51.56905746459961,0.0191876571625471,0.1017910987138748,910.3310546875,2
1763,0.3597853481769562,0.055703155696392,69.04790496826172,0.2413511723279952,0.0080924555659294,108.39796447753906,3
1764,0.3160157799720764,0.026289077475667,6112.3076171875,0.0255528204143047,0.076434426009655,259.480712890625,1
1765,0.014511726796627,0.0018164071952924,60.39141082763672,0.6226679086685181,0.0031367077026516,1929.4739990234373,0
1766,0.0134765701368451,0.0050976588390767,55.97630310058594,0.4745575189590454,0.0041156793013215,371.0142822265625,3
1767,0.487969011068344,0.1883594691753387,752.8786010742188,0.0232939980924129,0.0838468447327613,1830.0343017578125,2
1768,0.4870901107788085,0.3974025547504425,144.54469299316406,0.0234363544732332,0.0833378210663795,1455.5828857421875,2
1769,0.3835158348083496,0.0054882843978703,174.7748870849609,0.0297838412225246,0.0655765384435653,122.55035400390624,1
1770,0.0025585950352251,0.0025000013411045,4220.23291015625,3.787589550018311,0.0005156646948307,781.6790161132812,4
1771,0.3416017591953277,0.0002148438652511,135.33877563476562,0.6121641993522644,0.0031905192881822,23.41908264160156,4
1772,0.0042968774214386,0.000156250083819,57.54331970214844,1.4656254053115845,0.0013326233020052,3723.6342773437514,0
1773,0.461640864610672,0.1980079114437103,190.06393432617188,0.071219578385353,0.0274241063743829,229.61572265625,4
1774,0.3231447041034698,0.2565430998802185,238.52700805664065,0.0292769577354192,0.0667120665311813,114.49978637695312,1
1775,0.4784963428974152,0.0236523561179637,564.7573852539064,0.0456831343472003,0.042753666639328,440.9647216796875,2
1776,0.0106054740026593,0.0104687558487057,3337.538818359375,4.579512119293213,0.0004264922172296,188.5818634033203,4
1777,0.4876955747604369,0.0042773461900651,106.0936813354492,0.0199923757463693,0.0976933687925338,807.8810424804686,2
1778,0.0717773810029029,0.0202343855053186,60.06314468383789,0.324241578578949,0.0060236696153879,1351.400634765625,3
1779,0.0109960995614528,0.0023828137200325,198.9916839599609,0.8152711391448975,0.0023956783115863,2182.592041015625,0
1780,0.309062659740448,0.2460157573223114,4957.3115234375,0.0732253342866897,0.0266728661954402,139.1303558349609,1
1781,0.1958985477685928,0.0605273768305778,2175.3046875,0.0621918588876724,0.0314048044383525,142.93112182617188,1
1782,0.002246094867587,0.0021484387107193,101.9423828125,1.838667273521424,0.0010622508125379,890.434326171875,4
1783,0.4875979125499725,0.2832423448562622,347.9472351074219,0.0317734219133853,0.0614705495536327,1821.1727294921875,2
1784,0.1918360441923141,0.0029882828239351,250.7828826904297,0.088815152645111,0.0219909437000751,536.9168090820312,3
1785,0.3898830115795136,0.3478517532348633,4314.3291015625,0.0640875920653343,0.0304758083075284,66.6866683959961,1
1786,0.300742357969284,0.0018164071952924,4774.96875,0.0738739818334579,0.0264386162161827,76.47742462158203,1
1787,0.4882815182209015,0.33197283744812,570.8466186523438,0.024807009845972,0.0787327215075492,954.3674926757812,2
1788,0.0154296960681676,0.0020507823210209,100.36829376220705,0.6418739557266235,0.0030428466852754,712.9110107421875,0
1789,0.0838867649435997,0.0110351620241999,3260.1748046875,0.0849527716636657,0.022990645840764,226.4958038330078,1
1790,0.1324414759874344,0.0059375031851232,280.0635986328125,0.3860496580600738,0.0050592487677931,151.01010131835935,4
1791,0.0036132831592112,0.0005664065247401,94.44313049316406,2.110962152481079,0.0009252305026166,7195.671875,0
1792,0.4877541661262512,0.3166603147983551,308.8930053710937,0.0251084938645362,0.0777874216437339,1394.1448974609375,2
1793,0.4048830270767212,0.1543360203504562,731.2239379882812,0.0637808144092559,0.030622474849224,61.7462272644043,1
1794,0.3255861103534698,0.0789453536272049,179.97598266601562,0.0809379294514656,0.024131080135703,190.42581176757807,3
1795,0.1328711658716201,7.812504190951586e-05,2489.86328125,5.150713920593262,0.0003791963099502,22.57826232910156,4
1796,0.3205470442771912,0.3004103302955627,3446.10986328125,0.3424177169799804,0.0057039293460547,31.19666862487793,4
1797,0.3793165981769562,0.0161132905632257,1153.312255859375,0.0341671854257583,0.0571638047695159,100.18016815185544,1
1798,0.4820314943790436,0.0044726585038006,3712.068359375,0.0511421896517276,0.0381900109350681,51.86383056640625,1
1799,0.014902351424098,0.0001367188233416,1792.77685546875,4.471540927886962,0.0004367901710793,201.31051635742188,4
1800,0.3735548853874207,0.08921879529953,64.42915344238281,0.0875621512532234,0.0223054867237806,439.0251770019531,3
1801,0.228613406419754,0.0007226566085591,93.705322265625,0.1657012552022934,0.0117870094254612,354.3099365234375,2
1802,0.3907423913478851,0.023828137665987,178.3844451904297,0.0305475108325481,0.0639372989535331,104.928466796875,1
1803,0.3997658491134644,0.0879297330975532,58.726810455322266,0.1065403074026107,0.0183322951197624,70.04100036621094,3
1804,0.0128320381045341,0.0043164086528122,146.10763549804688,0.7769577503204346,0.0025138154160231,2337.898193359375,0
1805,0.1999024450778961,0.099941462278366,89.04890441894531,0.1412364989519119,0.0138287739828228,280.1366577148437,3
1806,0.1415039747953415,0.0007617191877216,296.4513854980469,0.1115959510207176,0.0175018310546875,233.20899963378903,4
1807,0.0472851805388927,0.0037890644744038,1430.5032958984375,0.2015079110860824,0.0096925534307956,190.33447265625,1
1808,0.0150195397436618,0.0015429696068167,71.67948913574219,0.5358437299728394,0.003644956741482,2197.137939453125,0
1809,0.0050976588390767,0.0011914068600162,86.22650146484375,1.620389103889465,0.0012053436366841,4315.70654296875,0
1810,0.3031446933746337,0.3016017377376556,98.194091796875,1.2072193622589111,0.001617872621864,13.195018768310549,4
1811,0.4874221384525299,0.382656455039978,219.8430328369141,0.0193888042122125,0.1007347106933593,1538.707275390625,2
1812,0.4864650964736937,0.0992578640580177,64.47666931152344,0.0406585782766342,0.0480373166501522,162.39602661132812,3
1813,0.4876955747604369,0.1925977617502212,55.774932861328125,0.0219017453491687,0.0891769975423812,1012.9269409179688,2
1814,0.0477734617888927,0.0401172079145908,55.164329528808594,0.4463043212890625,0.0043762205168604,334.9139709472656,3
1815,0.3247853219509125,0.0917383283376693,84.33979797363281,0.0666169673204422,0.0293187107890844,314.0535888671875,3
1816,0.2860157787799835,0.1446875780820846,59.86360168457031,0.116331048309803,0.0167893208563327,251.7343597412109,3
1817,0.2574610710144043,0.0019531259313225,5567.5263671875,0.0405707359313964,0.0481412634253501,190.32003784179688,1
1818,0.0078320354223251,0.0013085944810882,186.79644775390625,1.1793599128723145,0.0016560906078666,3319.698974609375,0
1819,0.0002929689071606,5.8593781432136886e-05,80.34152984619139,24.860122680664062,7.856461888877675e-05,10239.994140625,4
1820,0.376816600561142,0.010097661986947,261.7208557128906,0.0308682564646005,0.063273124396801,90.22956848144533,1
1821,0.3224025070667267,0.3223634660243988,1841.0975341796875,4.506253242492676,0.000433425506344,9.30513858795166,4
1822,0.2672852873802185,0.0281250141561031,89.20008850097656,0.1280775815248489,0.0152495587244629,389.0973510742188,3
1823,0.3204103410243988,0.1002539619803428,58.90627670288086,0.1627765297889709,0.0119988033547997,43.69396972656249,3
1824,0.013925788924098,0.0056445342488586,56.15245819091797,0.4519163966178894,0.0043218745850026,2944.177978515625,0
1825,0.359531432390213,0.1122266203165054,87.65403747558594,0.0260084047913551,0.0750959366559982,89.0047378540039,1
1826,0.4882033765316009,0.3330470621585845,859.6015014648436,0.0249956846237182,0.0781389027833938,1239.2376708984375,2
1827,0.0421484597027301,0.0030468767508864,93.79502105712888,0.4876837730407714,0.0040049045346677,1518.4422607421875,3
1828,0.4763088524341583,0.31830096244812,174.114013671875,0.0239280797541141,0.0816249921917915,90.27755737304688,1
1829,0.4858596324920654,0.0208007916808128,384.62808227539057,0.0335541777312755,0.0582084022462368,1099.0828857421875,2
1830,0.0153515711426734,0.0071289101615548,58.4270133972168,0.4728239178657532,0.0041307741776108,2410.1767578125,0
1831,0.0068945349194109,0.0020507823210209,92.95109558105467,1.1823621988296509,0.001651884522289,2320.6787109375,0
1832,0.4863088428974152,0.4863088428974152,110.36635589599608,0.0408833548426628,0.047773253172636,207.6869506835937,3
1833,0.4882815182209015,0.0667969137430191,551.6710815429688,0.0264216996729373,0.0739210098981857,1245.183349609375,2
1834,0.2416798174381256,0.1918751001358032,200.2338256835937,0.1230290532112121,0.0158753246068954,66.20329284667969,3
1835,0.1138281896710395,0.0036914083175361,212.3218688964844,0.3154684901237488,0.0061911894008517,439.2585144042969,2
1836,0.0027148451190441,0.0026367201935499,173.81629943847656,3.5541646480560303,0.000549531832803,1841.7257080078125,4
1837,0.4882815182209015,0.2751368582248688,56.10535430908203,0.0189025532454252,0.103325992822647,2078.71875,2
1838,0.4238283634185791,0.0475781522691249,63.909004211425774,0.1088201627135276,0.0179481878876686,58.986141204833984,3
1839,0.4878713488578796,0.4280080497264862,57.73044967651367,0.019592685624957,0.0996858328580856,715.3525390625,2
1840,0.0361328311264514,0.0032812517601996,4784.99365234375,0.2280578464269638,0.0085641760379076,304.4322814941406,1
1841,0.4870901107788085,0.1263672560453415,63.48274993896484,0.0468800440430641,0.041662398725748,338.7463684082031,3
1842,0.0086718797683715,0.0013476569438353,122.76502227783205,0.6425639390945435,0.0030395814683288,3344.142333984375,0
1843,0.3001759350299835,0.2550196647644043,2552.034423828125,0.0639355555176734,0.0305484142154455,66.62759399414062,4
1844,0.4679299294948577,0.098476618528366,60.82028198242188,0.1025698184967041,0.0190418399870395,190.1994171142578,3
1845,0.3662306666374207,0.0010351567761972,53.75614929199219,0.1310032457113266,0.0149089116603136,38.227272033691406,3
1846,0.0250781383365392,0.0001367188233416,190.3089141845703,0.1490029692649841,0.0131079768761992,159.50148010253906,4
1847,0.4882619678974152,0.4541603922843932,59.592247009277344,0.0264314822852611,0.0738935098052024,491.5393981933594,2
1848,0.1701758652925491,0.0002929689071606,79.70262908935545,0.3489570319652557,0.0055970298126339,47.01019287109375,3
1849,0.0126562565565109,0.0038671896327286,61.31479644775391,0.6599736213684082,0.0029594006482511,2923.455322265625,0
1850,9.765630238689482e-05,3.906252095475793e-05,157.46827697753906,38.78012847900391,5.0364091293886304e-05,20479.98828125,4
1851,0.0011328130494803,0.0004492189909797,2476.249755859375,4.99970245361328,0.0003906486090272,4413.791015625,4
1852,0.0002929689071606,5.8593781432136886e-05,79.21638488769531,18.46249389648437,0.0001057888366631,10239.994140625,4
1853,0.0002148438652511,0.0001171875628642,73.18346405029295,14.58564567565918,0.0001339074224233,9309.0859375,4
1854,0.4849025905132293,0.1002930253744125,67.59278869628906,0.0308323912322521,0.0633466616272926,61.86809539794922,4
1855,0.3210743963718414,0.0057421904057264,5400.43701171875,0.0304754208773374,0.0640885904431343,146.38351440429688,1
1856,0.4881838560104369,0.2243165224790572,155.3689727783203,0.0239270478487014,0.0816283077001571,1896.8262939453125,2
1857,0.129668042063713,0.0485351830720901,121.60110473632812,0.0868619680404663,0.0224853865802288,84.8320083618164,4
1858,0.4226174056529999,0.226191520690918,159.99964904785156,0.0664207115769386,0.0294054895639419,761.9184570312499,2
1859,0.16037118434906,0.0019531259313225,50.678070068359375,0.171381413936615,0.0113964127376675,791.912841796875,2
1860,0.4880080819129944,0.1153711527585983,72.85273742675781,0.019061341881752,0.1024656742811203,1473.3363037109375,2
1861,0.1732227504253387,0.1222656890749931,333.3710632324219,0.07396150380373,0.0264073684811592,103.91244506835936,1
1862,0.0160546954721212,0.0040234397165477,51.34591293334961,0.5148420333862305,0.0037936400622129,2242.334716796875,0
1863,7.812504190951586e-05,1.9531260477378964e-05,216.16281127929688,36.86180114746094,5.298509495332837e-05,25599.986328125,4
1864,0.236914187669754,0.2320704311132431,474.0337829589844,0.1715965420007705,0.0113820973783731,8.44187545776367,4
1865,0.0291992351412773,0.0167187582701444,1101.5068359375,0.6070600152015686,0.0032173488289117,993.1766967773436,0
1866,0.4732424318790436,0.3099220395088196,80.76997375488281,0.0316580981016159,0.0616942420601844,52.82704544067384,4
1867,0.1806836873292922,0.0060546905733644,66.6525650024414,0.197059005498886,0.0099113332107663,525.7807006835938,2
1868,0.0080468794330954,0.0018750010058283,2319.926513671875,1.2304170131683347,0.0015873685479164,1615.5330810546875,0
1869,0.0117773497477173,0.0049218777567148,126.01738739013672,0.927420496940613,0.0021059773862361,1613.2662353515625,0
1870,0.4881252646446228,0.1362305432558059,941.6746826171876,0.0236771311610937,0.0824902281165122,2175.671142578125,2
1871,0.0267968885600566,0.0053320340812206,78.48590850830078,0.5274927020072937,0.0037026638165116,335.85989379882807,3
1872,0.4882619678974152,0.1309375762939453,70.71771240234375,0.0167465079575777,0.1166282817721366,1550.397216796875,2
1873,0.3283986151218414,0.0096093798056244,642.5587158203125,0.0307833477854728,0.0634473115205764,97.4425582885742,1
1874,0.3495314419269562,0.0115820374339818,344.19195556640625,0.0209312662482261,0.0933113321661949,125.8828125,1
1875,0.3522853553295135,0.0039453147910535,379.39208984375,0.0284715294837951,0.0685995742678642,99.35128021240232,1
1876,0.0513086207211017,0.0508203394711017,206.61325073242188,1.8445173501968384,0.0010588821023702,58.46970748901367,4
1877,0.341172069311142,0.0791797265410423,386.46890258789057,0.0602235309779644,0.0324311703443527,52.7593002319336,1
1878,0.4877346456050873,0.1098633408546447,111.80748748779295,0.0529163405299186,0.0369093567132949,159.9230194091797,3
1879,0.3703712821006775,0.0017968759639188,1965.5499267578125,0.4308580756187439,0.0045330883003771,21.599946975708008,4
1880,0.3573048710823059,0.045898463577032,240.737045288086,0.022651957347989,0.0862232074141502,100.75429534912108,1
1881,0.4882033765316009,0.1987891644239425,181.7751617431641,0.0196043029427528,0.0996277779340744,2515.34521484375,2
1882,0.0451367422938346,0.0065820347517728,93.1032485961914,0.1991980969905852,0.0098049417138099,155.0843048095703,3
1883,0.4882033765316009,0.0075000040233135,121.7560577392578,0.020383620634675,0.0958187505602836,1224.8992919921875,2
1884,0.2752540409564972,0.1079883426427841,250.26882934570312,0.0478584915399551,0.040810402482748,83.55917358398438,1
1885,0.4880861937999725,0.0938867703080177,777.6007690429686,0.0287172887474298,0.0680123642086982,1139.14306640625,2
1886,0.4866018295288085,0.2494727969169616,76.14183044433594,0.0190170314162969,0.1027040481567382,556.9235229492188,2
1887,0.485058844089508,0.3223829865455627,286.5437927246094,0.0260032806545496,0.0751113668084144,90.71063995361328,1
1888,0.2207032442092895,0.2100196480751037,214.8637542724609,0.4152268171310425,0.0047037610784173,122.33621978759764,3
1889,0.4877150952816009,0.1791407167911529,108.12146759033205,0.0247289948165416,0.0789816081523895,1316.34228515625,2
1890,0.4082619249820708,0.3995900452136993,147.86856079101562,0.065186321735382,0.029962208122015,605.0037841796875,2
1891,0.0007421878981404,0.0006640628562308,4208.21240234375,12.510937690734863,0.000156113441335,5389.470703125,4
1892,0.4756447970867157,0.2670704424381256,136.66827392578125,0.0691813603043556,0.0282320026308298,273.3132019042969,3
1893,0.4846487045288085,0.3487501740455627,724.2811279296875,0.0338294617831707,0.0577342174947261,742.8060913085938,2
1894,0.2053907364606857,0.0033007829915732,302.1652526855469,0.1881756484508514,0.0103792948648333,730.3153076171875,2
1895,0.4148634970188141,0.1269141286611557,631.874267578125,0.0298111326992511,0.0655165165662765,127.7528610229492,1
1896,0.3646290898323059,0.009453129954636,104.0682144165039,0.0582491382956504,0.03353051841259,76.7903594970703,3
1897,0.2234180867671966,0.0441992431879043,90.239501953125,0.2957509458065033,0.0066039967350661,35.807308197021484,3
1898,0.018925791606307,0.0046875025145709,80.17042541503906,0.6956188678741455,0.0028077503666281,739.7312622070312,3
1899,0.0001171875628642,7.812504190951586e-05,80.67585754394531,27.983776092529297,6.979494355618954e-05,17066.658203125,4
1900,0.1182227209210395,7.812504190951586e-05,3793.373046875,4.651151657104492,0.0004199224640615,42.29305648803711,4
1901,0.4636525809764862,0.0988672375679016,65.31919860839844,0.0732826441526413,0.02665201947093,77.6443405151367,3
1902,0.485547125339508,0.3437501788139343,1084.4512939453125,0.0290476661175489,0.0672390460968017,1235.7193603515625,2
1903,0.4037111401557922,0.0595117509365081,96.8695602416992,0.152300402522087,0.0128242326900362,101.55776214599608,3
1904,0.4875393211841583,0.2544532716274261,158.98846435546875,0.0275692269206047,0.0708443075418472,1220.4144287109375,2
1905,0.3900392651557922,0.1026563048362732,192.90042114257807,0.0264261811971664,0.0739086270332336,120.5006866455078,1
1906,0.0395703352987766,0.0056640654802322,52.127052307128906,0.3244404792785644,0.0060199811123311,404.34329223632807,0
1907,0.1037891209125518,0.103730522096157,3218.82568359375,4.690457820892334,0.0004164043348282,28.90476417541504,4
1908,0.4060549139976501,0.0641797184944152,63.87346649169922,0.0679067894816398,0.0287619549781084,275.82476806640625,3
1909,0.1386133581399917,0.0282031409442424,227.56741333007807,0.215775117278099,0.0090516367927193,678.1453247070312,2
1910,0.3225978314876556,0.0753516033291816,220.16461181640625,0.0514428056776523,0.0379669666290283,86.79537200927734,1
1911,0.3517970740795135,0.0104492241516709,159.88160705566406,0.0285993833094835,0.0682931020855903,76.74878692626953,1
1912,0.1224414706230163,0.0294726714491844,1666.51318359375,0.0910365208983421,0.0214543007314205,171.51051330566406,1
1913,0.4450978934764862,0.0570508129894733,59.43349456787109,0.0626437440514564,0.0311783794313669,170.7489471435547,3
1914,0.0422851778566837,0.0073242224752902,69.42266082763672,0.4252656400203705,0.0045927190221846,567.5747680664064,0
1915,0.4880471229553223,0.1025586500763893,143.2821502685547,0.025143364444375,0.0776798948645591,1149.4791259765625,2
1916,0.3793361485004425,0.0004101564700249,69.294921875,0.1283305585384369,0.0152194825932383,65.90460968017578,3
1917,0.0001171875628642,5.8593781432136886e-05,231.83044433593756,31.132020950317383,6.273688632063568e-05,17066.658203125,4
1918,0.2398829460144042,0.0024023449514061,116.91069030761716,0.2106774896383285,0.0092706969007849,120.89229583740234,3
1919,0.0105078183114528,0.0006054691039025,111.89987182617188,0.8093563914299011,0.0024131843820214,3711.522216796875,0
1920,0.4819729030132293,0.009941411204636,73.64669799804686,0.0262661576271057,0.0743592530488968,659.7881469726562,2
1921,0.2988673448562622,0.0873437970876693,151.49557495117188,0.0733719319105148,0.0266194976866245,123.80074310302734,4
1922,0.3018165826797485,0.0080273477360606,91.92565155029295,0.1754126548767089,0.0111344456672668,122.59101104736328,3
1923,0.4882033765316009,0.0972266122698783,61.6484489440918,0.0211620479822158,0.0922938585281372,1632.516357421875,2
1924,0.2468165457248688,0.2460352927446365,4688.64013671875,1.1131956577301023,0.0017545223236083,16.206369400024414,4
1925,0.303007960319519,0.0155078209936618,6740.67431640625,0.0340257994830608,0.0574011616408824,181.5133819580078,1
1926,0.3787306845188141,0.2243555933237076,3813.397705078125,0.0644135326147079,0.0303217228502035,66.00996398925781,1
1927,0.4872072935104369,0.4454299211502075,191.4686889648437,0.0295700300484895,0.0660506561398506,1709.7445068359375,2
1928,0.4873830676078796,0.0338867381215095,361.8343811035156,0.0292557459324598,0.0667607188224792,1592.1767578125,2
1929,0.0108398497104644,0.0011132818181067,237.8056640625,0.7882464528083801,0.0024778111837804,2675.31396484375,0
1930,0.454804927110672,0.0320898592472076,5010.654296875,0.0489200577139854,0.0399248898029327,63.76359939575195,4
1931,0.2496681064367294,0.0012500006705522,77.0706787109375,0.1995763927698135,0.009786401875317,64.08507537841797,3
1932,0.383437693119049,0.3525783121585845,125.72370910644533,0.0562308467924594,0.0347341075539588,20.8638858795166,4
1933,0.4861721396446228,0.4517580568790436,3901.550048828125,0.0611796788871288,0.0319244153797626,47.30834579467773,1
1934,0.1978711932897568,0.060585968196392,183.6660614013672,0.0418691262602806,0.0466483682394027,717.6385498046875,1
1935,0.0003710939490702,7.812504190951586e-05,2408.47021484375,12.121577262878416,0.0001611280604265,8084.206054687501,4
1936,0.2988282740116119,0.0036328143905848,719.6141357421875,0.0473267547786235,0.0412688739597797,73.62088012695312,1
1937,0.0028710952028632,0.0004882814828306,274.19195556640625,2.4973201751708984,0.0007820893079042,4527.888671875,0
1938,0.0171875096857547,0.007519535254687,655.0482177734375,0.46830153465271,0.00417065853253,1687.271728515625,0
1939,0.2401759028434753,0.2400587201118468,98.90714263916016,0.8236123919486998,0.0023714101407676,41.63615036010742,4
1940,0.4881057441234588,0.4322853982448577,74.69927215576173,0.0226029846817255,0.0864100754261016,1051.001708984375,2
1941,0.2849611043930053,0.2372071593999862,122.496826171875,0.0759064480662345,0.0257306732237339,31.58325767517089,4
1942,0.4803322851657867,0.2278126180171966,903.2322387695312,0.033479880541563,0.0583372041583061,374.7405700683594,2
1943,0.487969011068344,0.2815821766853332,895.3168334960938,0.0218943059444427,0.0892066955566406,1653.7935791015625,2
1944,0.477226823568344,0.2304688692092895,2166.8173828125,0.0596725977957248,0.0327307097613811,71.24494934082031,1
1945,0.4075197577476501,0.0033203142229467,895.1842041015626,0.0535042956471443,0.0365040823817253,61.346717834472656,1
1946,0.0010742193553596,0.0009960943134501,83.08545684814453,4.181870937347412,0.0004670459893532,3723.6342773437514,4
1947,0.4793362021446228,0.1186328753829002,110.96644592285156,0.0742685422301292,0.026298077777028,223.22537231445312,3
1948,0.2965821921825409,0.098476618528366,62.19507598876953,0.0749551355838775,0.0260573457926511,202.30479431152344,3
1949,0.4040041267871856,0.0021875011734664,85.1839141845703,0.1255716979503631,0.0155539428815245,165.8398895263672,3
1950,0.3121095299720764,0.009453129954636,7396.74755859375,0.0276020057499408,0.0707599595189094,185.8321990966797,1
1951,0.484258085489273,0.1087500602006912,117.93900299072264,0.0298922732472419,0.0653387978672981,82.6005859375,1
1952,0.0003515626885928,3.906252095475793e-05,116.43853759765624,18.24500846862793,0.000107049869257,8533.3291015625,4
1953,0.0103515684604644,0.0037890644744038,84.93571472167967,0.7686266899108887,0.0025410619564354,2608.30029296875,0
1954,0.0234765745699405,0.0093945367261767,162.40586853027344,0.3401840925216675,0.0057413806207478,1192.67822265625,0
1955,0.0141211012378335,0.0056250030174851,52.06061935424805,0.5754390954971313,0.00339415227063,2124.480224609375,0
1956,0.3438283205032348,0.236425906419754,475.5330200195313,0.0270614959299564,0.0721733644604682,90.16127777099608,1
1957,0.2794142067432403,0.2289649695158004,1825.74658203125,0.0615084655582904,0.0317539796233177,143.15664672851562,1
1958,0.3258790671825409,0.1609180569648742,2637.29443359375,0.0498999133706092,0.0391409210860729,82.85282135009764,1
1959,0.4882229268550873,0.0938086435198783,211.46690368652344,0.0239930152893066,0.0814036726951599,2212.104248046875,2
1960,0.4877150952816009,0.1837696284055709,1021.6739501953124,0.0271724481135606,0.071878932416439,1137.95947265625,2
1961,0.0081250043585896,0.0044726585038006,51.429725646972656,0.7350373268127441,0.0026571797206997,3199.998291015625,0
1962,0.2428712248802184,0.0051953154616057,53.098663330078125,0.0914213731884956,0.0213640052825212,687.607177734375,3
1963,0.0887891128659248,0.000156250083819,171.26324462890625,0.1818098425865173,0.0107426652684807,67.57585144042969,4
1964,0.3585353493690491,0.0721289440989494,54.38317871093751,0.1388486176729202,0.0140666076913476,211.97352600097656,3
1965,0.379531443119049,0.0398828350007534,259.3015441894531,0.023588029667735,0.0828012004494667,97.48863220214844,1
1966,0.1582618057727813,0.0134961009025573,1639.642578125,0.1588541269302368,0.0122950598597526,107.4169464111328,1
1967,0.3480275273323059,0.2325782477855682,59.3509635925293,0.159231960773468,0.0122659457847476,100.56675720214844,3
1968,0.4881252646446228,0.1000000536441802,55.530067443847656,0.0334168411791324,0.0584475062787532,251.98449707031247,3
1969,0.4858596324920654,0.099824272096157,581.8202514648438,0.0341065824031829,0.0572649426758289,850.0397338867188,2
1970,0.0036132831592112,0.0035156267695128,583.3629150390625,1.086065411567688,0.0017983503639698,553.5132446289064,4
1971,0.0087109422311186,0.0040429709479212,80.44793701171875,1.3777763843536377,0.0014175936812534,688.7888793945312,4
1972,0.4546682238578796,0.0941211432218551,65.5778579711914,0.0401308424770832,0.0486687198281288,76.97920989990233,4
1973,0.0204101670533418,0.0009375005029141,133.93978881835935,0.2575551271438598,0.0075833341106772,244.97595214843756,3
1974,0.0079101603478193,0.0001953126047737,3205.580322265625,0.7030868530273438,0.0027779301162809,252.83937072753903,4
1975,0.4055666327476501,0.1244141310453414,1947.9245605468752,0.0350152105093002,0.0557792894542217,93.6960678100586,1
1976,0.1877344697713852,0.024804700165987,211.0580902099609,0.1477512121200561,0.0132190221920609,575.2805786132812,2
1977,0.0004296877305023,3.906252095475793e-05,67.73111724853516,21.0319938659668,9.286452404921872e-05,6981.814453125,4
1978,0.473359614610672,0.0178906340152025,203.0084381103516,0.0249941889196634,0.0781432911753654,82.3897933959961,1
1979,0.3790236413478851,0.0645703449845314,4038.9453125,0.0538882464170455,0.036243736743927,39.57536697387695,4
1980,0.3659767508506775,0.0040039084851741,72.16885375976561,0.1957630515098572,0.0099770035594701,128.4234619140625,3
1981,0.2311719954013824,0.0012500006705522,105.64250183105467,0.0313413403928279,0.0623178370296955,112.47036743164062,1
1982,0.4807229042053223,0.1068555265665054,757.7833862304686,0.0359700843691825,0.054298497736454,1595.5137939453125,2
1983,0.4882815182209015,0.269316554069519,58.28168869018555,0.0162768885493278,0.1199938356876373,616.4476318359375,2
1984,0.3742580115795136,0.342148631811142,110.17470550537108,0.058389101177454,0.0334502980113029,66.79883575439453,4
1985,0.0076367226429283,0.0074804727919399,4741.10986328125,6.227553367614745,0.0003136264858767,392.8386840820313,4
1986,0.3874220848083496,0.0170703213661909,1983.6273193359373,0.0433546043932437,0.0450502783060073,95.50307464599608,1
1987,0.0109960995614528,0.0031250016763806,150.5431671142578,0.7764030098915101,0.0025156086776405,2637.298828125,0
1988,0.0112304743379354,0.0029296891298145,52.42041397094727,0.7897868752479553,0.0024729778524488,2315.12939453125,0
1989,0.4838283956050873,0.0802148878574371,247.81268310546875,0.0549376718699932,0.0355517156422138,642.7899169921875,3
1990,0.0130078196525573,0.0028320327401161,54.39682388305664,0.7436581850051879,0.0026263738982379,2767.566162109375,0
1991,0.4881057441234588,0.028437515720725,306.9925231933594,0.0265912376344203,0.0734503790736198,1421.822998046875,2
1992,0.2519142031669616,0.0054101590067148,53.0775260925293,0.0730555355548858,0.0267347265034914,83.3617172241211,3
1993,0.040585957467556,0.0093164108693599,1651.865478515625,0.1345985680818557,0.0145107600837945,295.66876220703125,1
1994,0.2397657483816146,0.1554102450609207,160.7278594970703,0.0436606742441654,0.0447342172265052,112.60990905761716,1
1995,0.4882424473762512,0.0457617416977882,254.06579589843756,0.0210081283003091,0.0929704383015632,2125.992919921875,2
1996,0.2449024766683578,0.0042968774214386,72.82807922363281,0.0791735872626304,0.024668913334608,20.416290283203125,4
1997,0.0661523789167404,0.0087304729968309,76.27008819580078,0.210795372724533,0.009265499189496,136.04953002929688,3
1998,0.3573048710823059,0.0021679699420928,51.65079116821289,0.0447057224810123,0.0436886772513389,257.4831848144531,3
1999,0.4878713488578796,0.1640235185623168,75.66532135009764,0.0231722611933946,0.0842869728803634,2082.51611328125,2
2000,0.1858790069818496,0.1123242825269699,68.89418029785156,0.0529118292033672,0.0369128473103046,107.59687042236328,1
2001,0.0140234446153044,0.0069531286135315,50.83297729492188,0.5406970381736755,0.0036122377496212,2424.51123046875,0
2002,0.2642970085144043,0.0385547094047069,52.2784538269043,0.3698824942111969,0.0052803657017648,60.537952423095696,4
2003,0.0920703634619712,0.0414843969047069,666.7423095703125,0.0874134451150894,0.0223435461521148,271.5314636230469,1
2004,0.4458791315555573,0.2297462224960327,2315.236328125,0.0698974430561065,0.0279426239430904,65.04004669189453,1
2005,0.4752541482448577,0.1002930253744125,101.69286346435544,0.0666688084602356,0.0292959362268447,286.1626892089844,3
2006,0.4860939979553223,0.3258595466613769,55.49205017089844,0.022211393341422,0.0879339724779129,1530.568115234375,2
2007,0.1398438215255737,0.1282422542572021,93.52847290039062,0.2150447815656661,0.0090824160724878,693.6309204101562,3
2008,0.4881447851657867,0.2333399653434753,622.590087890625,0.0447063893079757,0.0436876900494098,960.780517578125,2
2009,0.0004296877305023,0.0001953126047737,4652.1806640625,5.986126899719238,0.0003262754180468,4654.54296875,4
2010,0.2907032668590545,0.0130468821153044,2956.84033203125,0.0392864905297756,0.0497149042785167,106.63794708251952,1
2011,0.4880080819129944,0.4514455497264862,150.76919555664062,0.0257352571934461,0.0758931115269661,1249.979248046875,2
2012,0.3867775499820708,0.0110937561839818,214.42785644531247,0.028142612427473,0.0694010928273201,116.345947265625,1
2013,0.0002148438652511,0.0001171875628642,104.9540786743164,13.50304889678955,0.0001446433598175,9309.0859375,4
2014,0.4874612092971802,0.2666798233985901,87.4791259765625,0.0232984330505132,0.0838306620717048,1204.1983642578125,2
2015,0.4808205664157867,0.4759963452816009,120.17185974121092,0.082090675830841,0.0237922426313161,164.30245971679688,3
2016,0.3091212511062622,0.2067579180002212,313.7131652832031,0.0356250964105129,0.0548245161771774,77.63943481445312,1
2017,0.3884963095188141,0.009941411204636,212.4436798095703,0.029858186841011,0.0654131472110748,79.79483795166014,1
2018,0.4523244500160217,0.0986719280481338,68.46656799316406,0.0301660187542438,0.0647457689046859,488.58734130859375,3
2019,0.4880861937999725,0.4510940015316009,224.4287109375,0.0183126609772443,0.106654554605484,2505.705078125,2
2020,0.0200195424258708,0.0055664093233644,73.18032836914062,0.4096732139587402,0.0047675198875367,649.365478515625,3
2021,0.486426055431366,0.2101563662290572,209.5724334716797,0.0288511831313371,0.0676967948675155,1138.9193115234375,2
2022,0.4872854053974152,0.0659375339746475,746.092041015625,0.0386334657669067,0.0505551509559154,1348.2857666015625,2
2023,0.4779690206050873,0.33392596244812,207.295166015625,0.034701470285654,0.0562837198376655,343.11846923828125,2
2024,0.4530275762081145,0.1241211593151092,55.707069396972656,0.0761609449982643,0.0256445929408073,112.575927734375,3
2025,0.0064843785949051,0.0009765629656612,50.90191268920898,1.6432706117630005,0.0011885602725669,3855.4194335937514,0
2026,0.0049609402194619,0.0007617191877216,67.99795532226562,1.7562018632888792,0.0011121308198198,2822.045654296875,0
2027,0.3899025619029999,0.0993164628744125,194.5362243652344,0.0328157879412174,0.0595181062817573,84.6365280151367,1
2028,0.3162111043930053,0.0134179759770631,3688.351318359375,0.0330814123153686,0.0590400360524654,135.985107421875,1
2029,0.0614453442394733,0.0614062845706939,63.140846252441406,2.0618526935577397,0.0009472668170928,48.82387924194336,4
2030,0.0090429736301302,0.000156250083819,533.6301879882812,0.9302058219909668,0.0020996697712689,774.0816650390626,0
2031,0.0641406625509262,0.0110156312584877,55.32218933105469,0.19473198056221,0.0100298188626766,374.1776123046875,3
2032,0.388027548789978,0.1229883506894111,365.7450256347656,0.0500048734247684,0.0390586629509925,82.46836853027342,1
2033,0.2105469852685928,0.0507617443799972,54.60437011718751,0.2208447754383087,0.0088438680395483,94.9906768798828,3
2034,0.1403321027755737,0.0259179826825857,1461.829345703125,0.0645503774285316,0.0302573312073946,192.40074157714844,1
2035,0.4882815182209015,0.3461134731769562,145.62586975097656,0.0188472811132669,0.1036287769675254,1390.5911865234375,2
2036,0.33978533744812,0.1771485358476638,74.70860290527342,0.1175939217209816,0.0166091043502092,241.328842163086,3
2037,0.0003906252095475,0.000312500167638,173.26490783691406,9.083296775817873,0.0002150238869944,5119.9970703125,4
2038,0.1625000834465026,0.0053515653125941,162.36093139648435,0.276902973651886,0.0070535033009946,387.6921081542969,3
2039,0.0189062599092721,0.0059765656478703,84.36134338378906,0.4606218636035919,0.0042401966638863,2433.056640625,0
2040,0.2392188757658004,0.007890629582107,86.49017333984375,0.1729545444250106,0.0112927006557583,25.081632614135746,3
2041,0.0114648500457406,0.0037304707802832,411.77172851562494,0.5331200361251831,0.0036635736469179,436.1156005859375,3
2042,0.4873830676078796,0.0046875025145709,57.83845901489258,0.0232099648565053,0.0841506272554397,1050.5084228515625,2
2043,0.3249806463718414,0.0224609486758708,4533.677734375,0.0447418130934238,0.0436534285545349,83.08187103271484,1
2044,0.4851760268211365,0.3431056439876556,520.2683715820312,0.0309310499578714,0.0631447657942771,665.7377319335938,2
2045,0.1415821015834808,0.1372852325439453,175.1016387939453,0.1945241093635559,0.0100405383855104,14.126079559326172,4
2046,0.0228125117719173,0.0017578133847564,4377.7509765625,0.3536122143268584,0.0055233584716916,394.5203552246094,1
2047,0.0151953203603625,0.0079296920448541,69.61650848388672,0.4993799030780792,0.0039110979996621,3093.0576171875,0
2048,0.1067969352006912,0.015488289296627,28.278553009033203,0.1513397842645645,0.0129055827856063,121.7263412475586,3
2049,0.4880861937999725,0.2990431189537048,90.56890106201172,0.0182963740080595,0.1067486405372619,1518.1744384765625,2
2050,0.0083203166723251,0.0021875011734664,72.22940826416014,0.6631975769996643,0.0029450117144733,600.9386596679688,3
2051,0.4841408729553223,0.0705273821949958,486.47760009765625,0.0320285409688949,0.060980912297964,1511.9566650390625,2
2052,0.3841017782688141,0.0234179813414812,242.5463104248047,0.0391618870198726,0.0498732142150402,57.276485443115234,1
2053,0.4870315194129944,0.3371876776218414,129.8396759033203,0.0485832728445529,0.0402016602456569,229.964584350586,3
2054,0.4261721074581145,0.1000195816159248,56.55813980102539,0.2982231378555298,0.0065492382273077,63.35468673706056,4
2055,7.812504190951586e-05,3.906252095475793e-05,1200.583740234375,40.01268005371094,4.881268250755966e-05,25599.986328125,4
2056,0.432343989610672,0.0965625494718551,53.91719436645508,0.0809410065412521,0.0241302214562892,238.23622131347656,3
2057,0.4843166768550873,0.3500587940216064,72.34233093261719,0.3830735087394714,0.0050985426642,41.29529571533203,4
2058,0.0155273517593741,0.0084179732948541,66.20281219482422,0.4219050109386444,0.0046293041668832,386.4148864746094,3
2059,0.0105078183114528,0.0030664079822599,73.53821563720702,0.7033869624137878,0.0027767429128289,3140.518798828125,0
2060,0.1579102426767349,0.0136914132162928,95.82542419433592,0.1807390004396438,0.0108063509687781,25.33084487915039,4
2061,0.0037890644744038,0.0001171875628642,2049.0556640625,3.1952598094940186,0.0006112576811574,4486.595703125,0
2062,0.233496218919754,0.0725976973772049,121.68810272216795,0.2042459547519684,0.0095626236870884,94.21994018554688,3
2063,0.078730508685112,0.0228125117719173,1342.0211181640625,0.1220606863498687,0.0160012785345315,139.7171173095703,1
2064,0.4877932369709015,0.196445420384407,58.03310394287109,0.0227682627737522,0.0857824459671974,1100.876220703125,2
2065,0.4881447851657867,0.2048633843660354,144.16590881347656,0.020132714882493,0.0970122516155242,1540.5264892578125,2
2066,0.3576564490795135,0.0538672171533107,220.96890258789065,0.0264140460640192,0.0739427134394645,97.85927581787108,1
2067,0.0080468794330954,0.0018164071952924,306.249755859375,0.9863632917404176,0.0019801289308816,2609.707275390625,0
2068,0.0743750408291816,0.0058203157968819,53.07771682739258,0.6032091379165649,0.0032378926407545,699.1593017578125,3
2069,0.4617775976657867,0.0656250342726707,5476.345703125,0.0847312659025192,0.0230507384985685,36.814258575439446,4
2070,0.4878518283367157,0.0310937669128179,94.98191833496092,0.0230550933629274,0.0847153514623642,1445.1109619140625,2
2071,0.0390234589576721,0.0371875204145908,347.3249816894531,0.5215708017349243,0.0037446985952556,461.2610168457031,0
2072,0.4781252443790436,0.0025390638038516,229.44454956054688,0.0396053493022918,0.0493147745728492,50.19605255126953,1
2073,0.379043161869049,0.3789650499820708,461.90188598632807,0.3783750832080841,0.0051619005389511,10.55288791656494,4
2074,0.0049609402194619,0.0001953126047737,112.24557495117188,0.759387969970703,0.0025719753466546,403.1493835449218,4
2075,0.1496289819478988,0.0115820374339818,57.74359130859375,0.0930981040000915,0.0209791604429483,207.1791076660156,3
2076,0.2710743546485901,0.0399023666977882,211.15368652343756,0.1451555341482162,0.0134554011747241,608.6890869140625,3
2077,9.765630238689482e-05,5.8593781432136886e-05,199.72245788574216,32.969417572021484,5.924053402850404e-05,20479.98828125,4
2078,0.2676759362220764,0.0101562552154064,2241.767578125,0.0988737642765045,0.0197537336498498,67.24549102783203,1
2079,0.3849220871925353,0.3742189407348633,78.3015899658203,0.0784352421760559,0.0249010547995567,163.6694793701172,3
2080,0.000156250083819,3.906252095475793e-05,64.81941986083984,24.38391494750977,8.00989510025829e-05,12799.9931640625,4
2081,0.419961154460907,0.2155665159225464,1756.760009765625,0.0584058538079261,0.0334403589367866,88.10338592529295,1
2082,0.3085353076457977,0.0628711283206939,325.7688903808594,0.1418167203664779,0.0137722389772534,90.7513656616211,3
2083,0.4876565039157867,0.3935548961162567,71.11801147460938,0.0210258513689041,0.0928918346762657,1304.1966552734375,2
2084,0.485547125339508,0.3991408348083496,53.833534240722656,0.0457102730870246,0.0427284128963947,739.3721313476561,3
2085,0.0003515626885928,5.8593781432136886e-05,103.88336181640624,18.406435012817383,0.0001061110378941,8533.3291015625,4
2086,0.0696680024266243,0.0224218871444463,1387.5758056640625,0.116807036101818,0.016720961779356,215.306869506836,1
2087,0.3887501955032348,0.3173048496246337,117.43506622314452,0.0653696507215499,0.0298782140016555,185.2089080810547,3
2088,0.4491213262081145,0.0358007997274398,131.78546142578125,0.0371407344937324,0.0525871701538562,454.22024536132807,1
2089,0.0972852110862732,0.0049804714508354,76.57488250732422,0.2375303953886032,0.0082226479426026,729.8128662109374,3
2090,0.3465040922164917,0.2818946838378906,199.66560363769528,0.0355895943939685,0.054879005998373,80.80712890625,1
2091,0.1152930334210395,0.0996484905481338,67.72379302978516,0.2247751206159592,0.0086892433464527,138.7768096923828,3
2092,0.4797463417053223,0.2598438858985901,3028.52099609375,0.061194360256195,0.0319167226552963,37.51982879638672,1
2093,0.1273828744888305,0.0964648947119712,74.08203887939453,0.1662674695253372,0.0117468992248177,259.0615234375,3
2094,0.4882619678974152,0.0087304729968309,72.70848083496092,0.0197138153016567,0.0990738049149513,1806.4073486328125,2
2095,0.016562508419156,0.0084570357576012,54.55759048461913,0.4840140342712402,0.0040352651849389,2354.7158203125,0
2096,0.4194338321685791,0.0729101970791816,54.003955841064446,0.074083425104618,0.02636394277215,19.07332992553711,3
2097,0.4882815182209015,0.4156642854213714,51.54399871826172,0.0187084600329399,0.1043983101844787,1081.3433837890625,2
2098,0.1688672751188278,0.0333984568715095,66.81037902832031,0.5288081765174866,0.0036934595555067,29.60905265808105,4
2099,0.4394533634185791,0.1100195869803428,89.59632873535155,0.0840303674340248,0.0232430268079042,420.9775390625,3
2100,0.0064257849007844,0.000312500167638,98.81209564208984,2.968264102935791,0.0006580026820302,622.4920654296875,4
2101,0.0001367188233416,5.8593781432136886e-05,185.8635406494141,21.45256805419921,9.104392665904017e-05,14628.5634765625,4
2102,0.2784376442432403,0.220800906419754,5655.77099609375,0.0621963590383529,0.0314024873077869,150.8416748046875,1
2103,0.3776759803295136,0.0088085988536477,61.81047439575195,0.1199622601270675,0.0162810925394296,34.42103958129883,3
2104,0.4251759946346282,0.0060937535017728,53.72385025024414,0.0909664928913116,0.0214708894491195,122.30229187011716,3
2105,0.3222853243350982,0.0008789066923782,3249.6767578125,1.6002019643783567,0.0012205448001623,21.719884872436523,4
2106,0.4732229113578796,0.1333008557558059,122.67018127441406,0.0242082085460424,0.0806804150342941,111.99795532226562,1
2107,0.0878125503659248,0.0877148881554603,86.21727752685545,0.4696052074432373,0.004159084521234,102.49104309082033,4
2108,0.4330275654792785,0.0096289115026593,5760.58203125,0.0372832976281642,0.0523862168192863,117.7754135131836,1
2109,0.1634180545806884,0.0960742682218551,75.82585144042967,0.107753463089466,0.0181259047240018,336.56011962890625,3
2110,0.2199805825948715,0.0775977000594139,1823.0889892578125,0.0469303987920284,0.0416175611317157,127.2839584350586,1
2111,0.0121875070035457,0.0039062518626451,416.9656372070313,0.6901950836181641,0.0028298157267272,574.358642578125,0
2112,0.4172658622264862,0.3468751907348633,6222.36572265625,0.0542542301118373,0.0359995923936367,64.70694732666016,1
2113,0.000156250083819,3.906252095475793e-05,120.7838897705078,28.5615177154541,6.8383124016691e-05,19199.990234375,4
2114,0.3411915898323059,0.0798633247613906,56.87783432006836,0.0629676133394241,0.031017804518342,249.1268920898437,3
2115,9.765630238689482e-05,5.8593781432136886e-05,2101.005615234375,31.1773738861084,6.264562398428097e-05,20479.98828125,4
2116,0.485937774181366,0.402871310710907,95.3093032836914,0.0161535274237394,0.1209094822406768,607.0736083984375,2
2117,0.0232812631875276,0.0118554746732115,98.63999938964844,0.5085341930389404,0.0038406967651098,1116.77783203125,0
2118,0.0155273517593741,0.0078710978850722,82.72455596923827,6.324260711669922,0.0003088307275902,193.2074432373047,4
2119,7.812504190951586e-05,3.906252095475793e-05,269.3405456542969,41.30564498901367,4.728472777060233e-05,25599.986328125,4
2120,0.1383008509874344,0.1320117861032486,1624.3375244140625,1.0437222719192505,0.0018713080789893,57.84490966796875,4
2121,0.3778713047504425,0.3486915826797485,3044.970703125,0.046563372015953,0.0419455468654632,158.7842254638672,1
2122,0.4246291220188141,0.057460967451334,71.10179901123047,0.1205552816390991,0.016201127320528,108.32982635498044,3
2123,0.1420899182558059,0.0053515653125941,251.0078582763672,0.2650812864303589,0.0073680244386196,675.6285400390625,3
2124,0.1877149492502212,0.0051562525331974,53.86603164672852,0.1848436594009399,0.0105663770809769,95.89007568359376,3
2125,0.4882815182209015,0.3509181439876556,58.711421966552734,0.015816418454051,0.1234862208366394,593.919677734375,2
2126,0.1032227128744125,0.0355859547853469,1228.04833984375,0.0653247237205505,0.0298987403512001,232.5069732666016,1
2127,0.4474025964736937,0.3730666041374207,158.08441162109375,0.0630528554320335,0.0309759583324193,400.0870971679688,3
2128,0.0662890970706939,0.0060937535017728,2219.512939453125,0.1293571442365646,0.0150986881926655,196.11068725585932,1
2129,0.3965431749820708,0.2514845132827759,107.11277770996092,0.0250289589166641,0.0780344456434249,143.7422332763672,1
2130,0.3044532835483551,0.0722656622529029,55.20829772949219,0.0748138204216957,0.0261063799262046,381.0108337402344,3
2131,0.385879099369049,0.0013671882916241,53.82970428466797,0.2028927654027938,0.0096263997256755,90.70198059082033,3
2132,0.0081835985183715,0.0021875011734664,84.91305541992188,1.2259343862533567,0.0015931726666167,2077.32568359375,3
2133,0.0177343841642141,0.0046093775890767,921.2893676757812,0.4659897685050964,0.0041913515888154,1748.0167236328125,0
2134,0.4873049557209015,0.0629883185029029,455.4841003417969,0.0275332443416118,0.0709374547004699,2121.87451171875,2
2135,0.3297657966613769,0.0091796927154064,825.780029296875,0.0446208789944648,0.0437714792788028,84.90874481201172,1
2136,0.0066992221400141,0.0066210972145199,62.27296829223633,14.920096397399902,0.0001309057988692,298.5421142578125,4
2137,0.0005468752933666,0.0001757813442964,4118.05712890625,8.199724197387694,0.0002381941012572,5485.71142578125,4
2138,0.3456251919269562,0.2352930903434753,2830.1865234375,0.049744389951229,0.0392633117735385,69.43938446044922,1
2139,0.4882815182209015,0.0475000254809856,87.96468353271484,0.0177483893930912,0.1100449115037918,2121.726806640625,2
2140,0.4882815182209015,0.2394532561302184,85.62312316894531,0.0270052049309015,0.07232416421175,1568.76708984375,2
2141,0.487890899181366,0.149199292063713,88.62045288085938,0.0354571230709552,0.0550841577351093,364.8356628417969,3
2142,0.4838283956050873,0.0039062518626451,112.90838623046876,0.0244009476155042,0.0800432339310646,1078.8948974609375,2
2143,0.4846877455711365,0.2569532692432403,1119.9571533203125,0.0390052273869514,0.0500736162066459,781.9467163085938,2
2144,0.0957813039422035,0.0957227051258087,246.64439392089844,2.121775865554809,0.0009205157984979,41.76180267333984,4
2145,0.0083593791350722,0.0014062507543712,137.4858856201172,0.9155176877975466,0.0021333559416234,2392.522216796875,0
2146,0.4876369833946228,0.1496094614267349,84.28369903564453,0.0518608726561069,0.0376611091196536,96.38317108154298,3
2147,0.000312500167638,0.0002148438652511,120.80663299560544,12.75792121887207,0.0001530912559246,6399.99658203125,4
2148,0.0725781619548797,0.0069726598449051,65.22136688232422,0.2698482275009155,0.007237859070301,179.1172332763672,3
2149,0.4877932369709015,0.1957618296146392,300.8727111816406,0.0255264453589916,0.0765138268470764,1447.3345947265625,2
2150,0.0001367188233416,7.812504190951586e-05,2297.68896484375,24.98106002807617,7.818427548045292e-05,14628.5634765625,4
2151,0.0017382821533828,0.0005859378143213,103.65752410888672,4.208264350891112,0.0004641169507522,1150.5611572265625,4
2152,0.0410547107458114,0.0409765839576721,69.4002685546875,2.408604860305786,0.0008108959300443,73.0732192993164,4
2153,0.3848830163478851,0.1013086512684822,276.923095703125,0.0368900932371616,0.0529444627463817,88.33853149414062,1
2154,0.4864455759525299,0.3345119059085845,81.56266784667967,0.0280890520662069,0.069533534348011,575.6039428710938,2
2155,0.3308595418930053,0.060097686946392,154.80335998535156,0.0610740520060062,0.031979776918888,1154.5684814453125,2
2156,0.0102734426036477,0.0029101578984409,241.573974609375,1.0685046911239624,0.0018279056530445,2044.10546875,0
2157,0.0535156540572643,0.0125781316310167,84.25435638427734,0.1593539118766784,0.0122565142810344,112.11672973632812,3
2158,0.0151171954348683,0.0034765643067657,68.62218475341797,0.5282741785049438,0.0036971815861761,2513.69384765625,0
2159,0.0213086046278476,0.0031835953705012,52.8034782409668,0.5605292320251465,0.0034844342153519,375.4351806640625,3
2160,0.0156640708446502,0.0039257835596799,90.86331176757812,0.5012515783309937,0.0038964960258454,2106.73193359375,0
2161,0.1167383417487144,0.0074804727919399,71.50592041015625,0.2229292392730713,0.0087611954659223,59.96316146850586,3
2162,0.2001563608646392,0.0285937655717134,82.93727111816406,0.0737003087997436,0.0265009868890047,429.66409301757807,3
2163,0.0124609442427754,0.0038281269371509,116.33797454833984,0.4348244667053223,0.0044917603954672,401.2536926269531,3
2164,0.3555665910243988,0.0740625411272049,146.8553466796875,0.0587422922253608,0.0332490392029285,30.93654060363769,4
2165,0.3564650416374206,0.0631250366568565,3539.7080078125,0.0377208441495895,0.0517783500254154,131.85023498535156,1
2166,7.812504190951586e-05,3.906252095475793e-05,485.65960693359375,40.98229217529297,4.765780613524839e-05,25599.986328125,4
2167,0.4882424473762512,0.1000195816159248,12.745378494262695,0.0262209177017211,0.0744877308607101,2740.44189453125,3
2168,0.4834182262420654,0.2571876347064972,92.52030944824216,0.0213628020137548,0.0914264917373657,614.3748779296875,2
2169,0.3345900177955627,0.1491797715425491,237.58871459960932,0.0272620320320129,0.0716424286365508,143.4591522216797,1
2170,0.486504167318344,0.3997853696346282,94.98124694824216,0.0199139770120382,0.0980782210826873,1913.6527099609373,2
2171,0.4882815182209015,0.1132227182388305,50.30354690551758,0.0213860739022493,0.0913274064660072,806.9115600585938,2
2172,0.3356642425060272,0.0571875311434268,52.038623809814446,0.090866595506668,0.0214945208281278,634.5626831054688,3
2173,0.4882424473762512,0.4581447839736937,106.77098846435544,0.0225906986743211,0.0864568948745727,1388.654296875,2
2174,0.2448829412460327,0.0003515626885928,155.3013458251953,0.1655976325273513,0.0117944031953811,12.250751495361328,4
2175,0.4777932167053223,0.3584962785243988,801.2691040039062,0.0441711023449897,0.0442171245813369,119.29846954345705,4
2176,0.040410179644823,0.0156250074505805,3799.495361328125,0.1376645416021347,0.0141875641420483,395.9398498535156,1
2177,0.154277428984642,0.0443359613418579,160.30694580078125,0.0477936752140522,0.0408659763634204,142.60025024414062,1
2178,0.3915627002716064,0.0046289088204503,59.74066162109375,0.0657495409250259,0.0297055877745151,306.4643249511719,3
2179,0.4806838631629944,0.0254101697355508,118.20133972167967,0.0373150818049907,0.0523413009941577,461.8420104980469,2
2180,0.0001171875628642,5.8593781432136886e-05,166.2111053466797,27.28836441040039,7.157358049880713e-05,17066.658203125,4
2181,0.4880080819129944,0.2840431332588196,52.229122161865234,0.0173339005559682,0.1126770600676536,610.6456298828125,2
2182,0.4869338572025299,0.2417384088039398,69.58546447753906,0.0256231687963008,0.0762250646948814,687.9784545898438,2
2183,0.010000005364418,0.000156250083819,136.19631958007812,1.5226413011550903,0.00128272222355,699.9996337890625,4
2184,0.4882815182209015,0.3337306380271912,161.45327758789062,0.0187457799911499,0.1041899919509887,778.2395629882812,2
2185,0.4882815182209015,0.4115822613239288,55.69499588012695,0.0177596509456634,0.1099749729037284,1044.4793701171875,2
2186,0.4805666506290436,0.198398545384407,253.60380554199216,0.0409469716250896,0.0476989820599556,393.2857055664063,3
2187,0.4709963500499725,0.0537695586681366,51.091575622558594,0.0226302631199359,0.0863056480884552,1539.2900390625,2
2188,0.4880861937999725,0.0246484503149986,132.8083038330078,0.0283137131482362,0.0689818784594535,1667.7381591796875,2
2189,0.4858791530132293,0.3263868987560272,801.9244995117188,0.0268174745142459,0.0728302896022796,1131.96875,2
2190,0.0486719012260436,0.0096875056624412,66.69351959228516,0.267446905374527,0.0073028658516705,636.9177856445312,0
2191,0.0797656700015068,0.0710547268390655,62.49865722656249,0.2588884830474853,0.0075442842207849,476.3954162597656,3
2192,0.4862502515316009,0.4424611628055573,1121.2996826171875,0.0325513519346714,0.0600013583898544,1382.00439453125,2
2193,0.4882815182209015,0.2377931028604507,112.65699768066406,0.0165192913264036,0.1182333901524543,1492.9912109375,2
2194,0.1819336861371994,0.0976367741823196,92.71858215332033,0.2370630353689193,0.0082388687878847,307.8044738769531,3
2195,0.0183984469622373,0.0072851600125432,54.41193771362305,0.4170571565628052,0.0046831159852445,2011.0393066406248,0
2196,0.4859182238578796,0.3397658169269562,270.8980407714844,0.0253410190343856,0.0770734399557113,2029.1480712890625,2
2197,0.4809182286262512,0.4708205759525299,203.4916534423828,0.0308807976543903,0.0632471442222595,1553.278564453125,2
2198,0.0709570720791816,0.0708984732627868,1620.9622802734375,2.276623487472534,0.0008579044952057,84.55816650390625,4
2199,0.3246290683746337,0.0184961035847663,2934.046875,0.0342996977269649,0.0569429509341716,104.73492431640624,1
2200,0.3407228291034698,0.0062695345841348,102.64028167724608,0.1526674181222915,0.0127933612093329,20.54455757141113,3
2201,0.0199804790318012,0.0090625043958425,535.5166015625,1.1223406791687012,0.0017402238445356,1151.12353515625,0
2202,0.0506640896201133,0.0186328217387199,64.24249267578125,0.1765335500240326,0.0110637433826923,296.06768798828125,3
2203,0.0259375143796205,0.0001757813442964,186.02243041992188,0.1287883967161178,0.0151653923094272,115.66259002685544,4
2204,0.388515830039978,0.0017187509220093,83.13646697998048,0.1068940386176109,0.0182716213166713,82.3647232055664,3
2205,0.388222873210907,0.2655665576457977,250.4858856201172,0.0787638202309608,0.0247972812503576,131.3678436279297,3
2206,0.0068945349194109,0.0061132847331464,2696.072021484375,6.138309001922608,0.0003181862994097,580.169677734375,4
2207,0.2226759046316146,0.2095118314027786,115.40186309814452,0.0950394943356514,0.0205506514757871,22.454158782958984,4
2208,0.3840041160583496,0.0251953266561031,235.82354736328125,0.019697155803442,0.0991574823856353,98.957275390625,1
2209,0.0030664079822599,0.0008203129400499,147.4783935546875,2.7548067569732666,0.0007089885184541,6848.40380859375,0
2210,0.0400586165487766,3.906252095475793e-05,2248.684326171875,0.198965385556221,0.0098164081573486,324.52444458007807,1
2211,0.4822854101657867,0.3202345371246337,913.5415649414062,0.0368526950478553,0.0529982857406139,1026.3631591796875,2
2212,0.4606838524341583,0.0844922363758087,70.4488296508789,0.2602318227291107,0.0075053041800856,56.437835693359375,3
2213,0.451679915189743,0.1179102212190628,119.76798248291016,0.0579832531511783,0.0336843803524971,298.8842163085937,2
2214,0.4876174628734588,0.0980859920382499,152.4360809326172,0.0256132651120424,0.0762542113661766,1298.1488037109375,2
2215,0.3319142460823059,0.0261132959276437,99.2153549194336,0.1001248359680175,0.0195068139582872,400.7059020996094,3
2216,0.1769532263278961,0.0338867381215095,96.54856872558592,0.0564113967120647,0.0346228629350662,96.07058715820312,1
2217,0.4880861937999725,0.1506641507148742,920.07861328125,0.0342093184590339,0.0570934265851974,766.2581176757811,2
2218,0.4134572446346282,0.0487304963171482,53.236576080322266,0.1039648056030273,0.018786372616887,343.4454345703125,3
2219,9.765630238689482e-05,3.906252095475793e-05,66.14674377441406,33.913753509521484,5.759097984991968e-05,20479.98828125,4
2220,0.0171093847602605,0.0091601610183715,91.80687713623048,0.5160690546035768,0.0037846211344003,2162.555908203125,0
2221,0.3511915802955627,0.1256641298532486,146.9267578125,0.0336654298007488,0.0580155812203884,105.35559844970705,1
2222,0.4872463643550873,0.2415040284395217,64.4829330444336,0.0242362264543771,0.0805869698524475,412.5223083496094,2
2223,0.4438869655132293,0.0643164440989494,1083.63916015625,0.0320217758417129,0.0609933249652385,108.13563537597656,1
2224,0.3073634505271912,0.3046876490116119,86.21063995361328,0.2817012369632721,0.0069333198480308,61.81606674194336,3
2225,0.4746877551078796,0.4520705640316009,400.39947509765625,0.0378182083368301,0.0516450516879558,440.2894287109375,2
2226,0.4882229268550873,0.3495705127716064,51.37680435180664,0.0162502899765968,0.1201899573206901,639.0523071289064,2
2227,0.2219337075948715,0.0345117375254631,70.18975067138672,0.0903634950518608,0.0216140542179346,1225.5911865234375,2
2228,0.4881252646446228,0.34271502494812,246.45220947265625,0.0305835530161857,0.063861958682537,1522.1502685546875,2
2229,0.0130078196525573,0.0048632840625941,118.45343017578124,0.6862236261367798,0.0028461955953389,1691.2904052734375,0
2230,0.0130078196525573,0.0040234397165477,76.57129669189453,0.7424381971359253,0.0026306915096938,1845.0440673828125,0
2231,0.4874612092971802,0.4328908622264862,221.63755798339844,0.025648184120655,0.076150432229042,775.4462890625,2
2232,0.0849609822034835,0.0848633274435997,65.85816955566406,0.2453709989786148,0.0079598957672715,47.08043670654297,4
2233,0.0045117209665477,0.0008203129400499,161.88153076171875,2.578249216079712,0.000757539703045,3546.318603515625,0
2234,0.3327736258506775,0.0005664065247401,149.26095581054688,0.1674945652484893,0.011660786345601,21.03532028198242,3
2235,0.355820506811142,0.077382855117321,76.47989654541014,0.0779830142855644,0.0250455420464277,53.397708892822266,3
2236,0.4877736866474152,0.2042969912290572,91.76070404052734,0.0247681830078363,0.0788559317588806,2039.8804931640625,2
2237,0.0004296877305023,0.0003515626885928,4490.25927734375,7.028049468994141,0.0002779044443741,4654.54296875,4
2238,0.1495899260044098,0.0088476613163948,51.164714813232415,0.1625337600708007,0.0120167369022965,955.9467163085936,3
2239,0.3281642496585845,0.0745898857712745,418.6500549316406,0.0371135994791984,0.0526256300508976,127.98468780517578,1
2240,0.0005468752933666,3.906252095475793e-05,1871.8522949218752,20.35013198852539,9.597608004696669e-05,5485.71142578125,4
2241,0.4875588417053223,0.0995117723941802,56.63545989990234,0.0261308662593364,0.074743703007698,783.4951782226561,2
2242,0.4810158908367157,0.0618164390325546,560.4189453125,0.027416056022048,0.0712405443191528,650.7061767578125,2
2243,0.0473242439329624,0.0025585950352251,83.06707000732422,0.3439958095550536,0.0056777605786919,1394.634033203125,3
2244,0.4864846467971802,0.0382422097027301,1152.6248779296875,0.0333604030311107,0.0585463009774684,1498.505615234375,2
2245,0.3817970752716064,0.2525977790355682,694.6285400390625,0.0289791151881217,0.0673978254199028,81.19496154785155,1
2246,0.4871487021446228,0.152324303984642,829.0196533203125,0.0341968275606632,0.0571144372224807,802.629638671875,2
2247,0.2730470299720764,0.0327929854393005,159.479736328125,0.2587724030017853,0.0075476765632629,113.53355407714844,3
2248,0.4088283479213714,0.3471681475639343,128.10804748535156,0.0586800873279571,0.0332842841744422,161.43695068359375,3
2249,0.0006640628562308,0.0003515626885928,3974.894287109375,5.951725959777832,0.0003281613171566,4517.64453125,4
2250,0.4264064729213714,0.398476779460907,3099.036376953125,0.0518348179757595,0.0376798771321773,65.66504669189453,1
2251,0.4208791255950928,0.0856055170297622,80.38407897949217,0.0600238144397735,0.0325392670929431,30.88772773742676,4
2252,0.0641601905226707,0.0561328418552875,87.57380676269531,0.2913706004619598,0.0067032370716333,77.92994689941406,3
2253,0.1102149039506912,0.1101367771625518,2817.71484375,0.1559961289167404,0.0125203328207135,81.65864562988281,4
2254,0.4178322553634644,0.1670704036951065,83.72431182861328,0.4841091632843017,0.0040344703011214,16.75313377380371,4
2255,0.398965060710907,0.1731641590595245,60.17768096923828,0.0703444704413414,0.027765130624175,363.4403381347656,3
2256,0.4882815182209015,0.1490821093320846,82.3625717163086,0.0211340822279453,0.0924155339598655,1271.8072509765625,2
2257,0.3364259600639343,0.0092187551781535,454.5055541992188,0.0336167104542255,0.0580999478697776,101.0623550415039,1
2258,0.3384181559085845,0.0011328130494803,59.85026550292969,0.127809464931488,0.0152815608307719,76.8280258178711,3
2259,0.1416992992162704,0.0028125015087425,213.9999389648437,0.0542276836931705,0.0360170863568782,127.0295639038086,1
2260,7.812504190951586e-05,3.906252095475793e-05,68.09786987304688,44.46492004394531,4.3925094360020005e-05,25599.986328125,4
2261,0.488164335489273,0.3697853684425353,63.5437889099121,0.0137845370918512,0.1416889876127243,751.7960205078125,2
2262,0.3737306594848633,0.151836022734642,7204.11669921875,0.0338954515755176,0.0576222911477088,230.1122436523437,1
2263,0.4857033789157867,0.4229299128055573,957.6190185546876,0.0352274291217327,0.0554433017969131,829.7244873046875,2
2264,0.4882815182209015,0.1687305569648742,87.10163879394531,0.0285384710878133,0.0684380531311035,559.1036987304688,2
2265,0.0102343801409006,0.0028125015087425,54.57552337646484,0.8470630049705505,0.0023057630751281,3908.3950195312495,0
2266,0.488164335489273,0.4040041267871856,61.80693817138672,0.0173176545649766,0.1127824857831001,1915.3386230468752,2
2267,0.4792190194129944,0.2300587147474288,754.7891845703125,0.0299784447997808,0.0651509091258049,1598.43408203125,2
2268,0.4870705604553223,0.2331641912460327,7290.75,0.0335574597120285,0.0582025051116943,149.8756103515625,1
2269,0.0117773497477173,0.0048632840625941,320.5113220214844,0.6986432075500488,0.0027955980040133,1952.9011230468752,0
2270,0.4875393211841583,0.4758596420288085,547.47265625,0.0233812630176544,0.0835342109203338,1033.7628173828125,2
2271,0.0755273848772049,0.0002148438652511,4419.99169921875,3.0205595493316646,0.0006466102204285,52.96092224121094,4
2272,0.1342188268899917,0.1341797560453415,407.54440307617193,1.5566169023513792,0.0012547228252515,22.35155868530273,4
2273,0.1512891501188278,0.0174804776906967,1731.77001953125,0.076301671564579,0.0255974922329187,125.58732604980467,1
2274,0.4822658896446228,0.2418555915355682,882.0873413085938,0.0432531163096427,0.0451556742191314,340.0613708496094,2
2275,0.4843557178974152,0.1784961968660354,99.27642059326172,0.021243954077363,0.0919382125139236,72.26094055175781,1
2276,0.0219726674258708,0.0112109435722231,76.90309143066406,0.3052423298358916,0.0063986093737185,273.0665283203125,3
2277,0.4859963655471802,0.3810158371925353,910.408935546875,0.0302263498306274,0.064616672694683,1539.106201171875,2
2278,0.4876565039157867,0.4269924163818359,828.6459960937501,0.0451453253626823,0.0432634130120277,323.99853515625,2
2279,0.3619142472743988,0.0071289101615548,74.86054229736328,0.0616862140595912,0.0316623896360397,165.78512573242188,3
2280,0.0537109673023223,0.030000016093254,1096.03369140625,0.1285807490348816,0.0151898711919784,167.56353759765625,1
2281,0.3763673901557922,0.0437304936349391,3804.057373046875,0.0676790848374366,0.0288585908710956,63.76747894287109,1
2282,0.0066796909086406,0.0007421878981404,60.49066925048828,1.328147530555725,0.0014705645153298,5090.0556640625,0
2283,0.0404883027076721,0.0244726687669754,67.52328491210938,0.5284861922264099,0.0036957000847905,1333.718505859375,3
2284,0.3619337975978851,0.0577734671533107,421.2650451660156,0.0263778697699308,0.0740441009402275,104.9915771484375,1
2285,0.020390635356307,0.0119336005300283,56.9825325012207,0.3988851308822632,0.0048964605666697,686.5896606445312,3
2286,0.3596290946006775,0.0731836333870887,131.84825134277344,0.0213597640395164,0.0914400070905685,127.90956115722656,1
2287,0.3866017758846282,0.092988334596157,155.4869842529297,0.0284105017781257,0.0687464997172355,129.33204650878906,1
2288,0.2270118445158004,0.0017578133847564,135.8676605224609,0.1049368381500244,0.0186123885214328,176.20225524902344,3
2289,0.1177930310368538,0.0100781302899122,74.80958557128906,0.1721591502428054,0.0113448416814208,67.91573333740233,3
2290,0.3205861151218414,0.0071289101615548,5310.5263671875,0.0298081748187542,0.0655236467719078,174.6800537109375,1
2291,7.812504190951586e-05,3.906252095475793e-05,51.24930191040039,40.98229217529297,4.765780613524839e-05,25599.986328125,4
2292,0.1073242798447608,0.0001953126047737,252.98651123046875,1.789656639099121,0.0010913407895714,37.27022552490234,4
2293,0.3667384684085845,0.055019561201334,54.07838439941406,0.2294720411300659,0.0085113905370235,54.53477478027344,3
2294,9.765630238689482e-05,3.906252095475793e-05,92.880615234375,42.446147918701165,4.601421096595004e-05,20479.98828125,4
2295,0.4852932393550873,0.1500977426767349,63.733013153076165,0.1901329904794692,0.0102724013850092,117.45475769042967,4
2296,0.2637110650539398,0.0051757842302322,130.3527679443359,0.1939541846513748,0.0100700920447707,98.5927505493164,3
2297,0.1503125876188278,0.1303906887769699,76.57912445068358,0.0946992337703704,0.0206245146691799,299.3761291503906,3
2298,0.235703244805336,0.0945703610777854,70.27501678466797,0.0549441315233707,0.0355474278330802,97.58032989501952,1
2299,0.1135547459125518,0.0019335948163643,67.0011215209961,0.1073643565177917,0.0181915387511253,246.5771026611328,3
2300,0.4732424318790436,0.4290627241134644,363.9861145019531,0.0488084778189659,0.040016271173954,443.7471923828125,2
2301,0.4603908658027649,0.0845312923192977,81.11416625976561,0.0781753063201904,0.024983899667859,132.49610900878906,3
2302,0.0980664566159248,0.0796484798192977,66.90161895751953,0.379284769296646,0.0051494995132088,418.0838317871094,3
2303,0.4846682250499725,0.0510351844131946,957.2612915039062,0.0196894407272338,0.0991960540413856,2154.05078125,2
2304,0.4882033765316009,0.3528126776218414,61.81209564208984,0.020466735586524,0.0954296514391899,1018.0183715820312,2
2305,0.1257227212190628,0.0221093874424696,164.0534515380859,1.8687678575515747,0.0010451443959027,47.72407150268555,4
2306,0.0031445329077541,1.9531260477378964e-05,93.16867065429688,17.04349899291992,0.0001145965798059,636.0245361328125,4
2307,0.024414075538516,0.0055273468606173,704.062744140625,0.2987976372241974,0.0065366229973733,204.7998962402344,1
2308,0.3312306404113769,0.0304492358118295,3957.654541015625,0.0325722470879554,0.0599629059433937,132.83795166015625,1
2309,0.4281643033027649,0.0498437769711017,68.72174072265625,0.0691262558102607,0.0282545033842325,128.4553680419922,3
2310,0.3803908228874207,0.0072460975497961,54.07421875,0.0959974974393844,0.0203454475849866,60.46413040161133,3
2311,0.4192970991134644,0.0319922044873237,69.88661193847656,0.052747469395399,0.0370278023183345,35.77415466308594,4
2312,0.000468750251457,0.0003320314281154,109.1044235229492,7.672186374664306,0.0002545722818467,4266.66455078125,4
2313,0.4721877574920654,0.1439063251018524,10.813390731811523,0.0503194034099578,0.0388144440948963,393.9111022949218,3
2314,0.4529103934764862,0.0995703637599944,57.67858505249024,0.1118087321519851,0.0174684189260005,28.70324897766113,3
2315,0.0051367213018238,0.0001367188233416,934.1029663085936,2.8580212593078613,0.0006833840161561,2530.797119140625,0
2316,0.0140234446153044,0.0073046912439167,98.88356018066406,0.4855970740318298,0.0040221135132014,2994.984619140625,0
2317,0.2119141817092895,0.1760157197713852,57.56757354736328,0.0340232737362384,0.0574055835604667,561.548095703125,1
2318,0.3879689574241638,0.2311719954013824,158.1310882568359,0.0234274845570325,0.0833694338798523,139.18638610839844,1
2319,0.1641993075609207,0.0754883214831352,58.66435241699219,0.0809007287025451,0.0241422336548566,249.6965484619141,3
2320,0.4882033765316009,0.1522071063518524,201.46743774414065,0.0286908987909555,0.0680746138095855,1687.8211669921875,2
2321,0.4874612092971802,0.4865822792053223,131.93824768066406,0.0195108652114868,0.1001039296388626,1544.73828125,2
2322,0.486699491739273,0.3113478124141692,86.46898651123047,0.0255133230239152,0.0765532925724983,610.2327880859375,2
2323,0.0016406258800998,0.0001953126047737,2709.91650390625,3.569862604141236,0.0005471153417602,3657.140869140625,4
2324,0.0003710939490702,0.000312500167638,590.0999145507812,8.517839431762694,0.0002292982971994,5389.470703125,4
2325,0.4874416589736937,0.2633009254932403,1057.609375,0.0247167982161045,0.0790206864476203,2275.14404296875,2
2326,0.1717188358306884,0.0026562514249235,311.18167114257807,0.1194711327552795,0.0163481067866086,23.29389190673828,4
2327,0.4882815182209015,0.1512500792741775,51.095497131347656,0.0176473837345838,0.11067496240139,964.607482910156,2
2328,0.0009765629656612,0.0009179692715406,191.4230499267578,4.824002265930176,0.0004048767150379,2047.9990234375,4
2329,0.350937694311142,0.0440039299428463,56.590118408203125,0.0771438032388687,0.0253180656582117,96.88329315185544,3
2330,7.812504190951586e-05,5.8593781432136886e-05,60.655052185058594,49.40272903442384,3.9534781535621726e-05,25599.986328125,4
2331,0.005000002682209,0.000156250083819,830.0987548828125,5.297797679901123,0.0003686674463097,599.9996948242188,4
2332,0.0718555077910423,0.0717578530311584,219.75714111328125,3.331418275833129,0.0005862745456397,41.75045394897461,4
2333,0.0641601905226707,0.0062500033527612,128.2507781982422,0.304441750049591,0.0064154276624321,171.4458770751953,3
2334,0.4879299402236937,0.1263867914676666,54.91606903076172,0.0437788069248199,0.0446133203804492,1114.9141845703125,3
2335,0.4735354185104369,0.3481251895427704,55.20442199707031,0.195870503783226,0.0099715357646346,95.02985382080078,4
2336,0.3884767591953277,0.0114453183487057,197.4958648681641,0.0322660207748413,0.0605320371687412,123.55951690673828,1
2337,0.3639259636402129,0.1483399271965026,137.23599243164062,0.0694980174303054,0.0281034037470817,294.0158386230469,3
2338,0.4706447720527649,0.1045313030481338,58.55574798583984,0.0507030189037322,0.0385208986699581,314.46221923828125,3
2339,0.282519668340683,0.1108789667487144,113.54576110839844,0.0301853977143764,0.0647041499614715,120.34560394287108,1
2340,0.1792383790016174,0.1050781831145286,232.2777557373047,0.1738375872373581,0.0112353265285491,111.58324432373044,3
2341,0.2266016900539398,0.0050781276077032,693.70068359375,0.1473088860511779,0.0132587132975459,207.41239929199216,1
2342,0.008437504991889,0.0014453132171183,173.00262451171875,3.044891357421875,0.0006414434174075,829.629150390625,4
2343,0.3913869261741638,0.0082031292840838,60.81746292114258,0.1032865718007087,0.0189098175615072,38.325244903564446,3
2344,7.812504190951586e-05,3.906252095475793e-05,1122.98681640625,39.259815216064446,4.974873809260316e-05,25599.986328125,4
2345,0.0167578216642141,0.0091406302526593,68.69414520263672,0.7825904488563538,0.0024957209825515,835.4307861328125,0
2346,0.3929885029792785,0.354843944311142,78.15445709228516,0.0804349482059478,0.0242820605635643,99.23954772949216,3
2347,0.2960353195667267,0.0089062545448541,3014.62548828125,0.051782164722681,0.0377181395888328,124.9850845336914,1
2348,0.4875588417053223,0.1487891376018524,1131.69482421875,0.027595117688179,0.0707781240344047,1815.16552734375,2
2349,0.3899220824241638,0.0598437823355197,175.0956878662109,0.0242084860801696,0.0806793347001075,128.23074340820312,1
2350,0.0191601663827896,0.0090820360928773,133.4382781982422,0.3103390336036682,0.0062935180030763,208.76644897460932,3
2351,0.055585965514183,0.0505469031631946,3442.93359375,0.2310206145048141,0.0084543311968445,143.9212188720703,4
2352,0.020000010728836,0.0075781289488077,59.08120727539063,0.5454162359237671,0.0035809879191219,1499.9991455078125,0
2353,0.1304492950439453,0.130156323313713,3531.83154296875,3.1587069034576416,0.0006183307850733,45.99488067626953,4
2354,0.322715014219284,0.0874609872698783,116.97763061523436,0.0775010287761688,0.025201303884387,672.419921875,2
2355,0.4878323078155517,0.0736328512430191,62.89404678344727,0.0190874524414539,0.1023256778717041,1131.536376953125,2
2356,0.3151173591613769,0.0963672399520873,201.9945373535156,0.0349861234426498,0.0558256581425666,98.37604522705078,1
2357,0.3062501549720764,0.2329884022474288,133.90554809570312,0.064726822078228,0.0301749482750892,238.3672332763672,3
2358,0.3287111222743988,0.0304492358118295,3949.034912109375,0.0330732129514217,0.0590545795857906,161.2357940673828,1
2359,0.3591603636741638,0.3580861389636993,294.86981201171875,1.1672800779342651,0.0016732293879613,16.705629348754883,4
2360,0.3310743868350982,0.2502149641513824,157.34609985351562,0.0403298139572143,0.0484287962317466,81.55266571044922,1
2361,0.4882033765316009,0.3589650392532348,229.3288726806641,0.0261629167944192,0.0746523141860961,1411.297119140625,2
2362,0.4522072672843932,0.0996680185198783,68.02922058105469,0.0667926743626594,0.0292416606098413,90.66638946533205,3
2363,7.812504190951586e-05,3.906252095475793e-05,203.95341491699216,38.18652725219727,5.114699524710886e-05,25599.986328125,4
2364,0.487890899181366,0.441601812839508,173.32244873046875,0.0247759595513343,0.0788315683603286,885.4438476562499,2
2365,0.4882424473762512,0.3369923830032348,59.33694839477539,0.0196725223213434,0.0992819815874099,833.6022338867188,2
2366,0.487988531589508,0.0785937905311584,77.1802978515625,0.0223368816077709,0.0874397382140159,768.460693359375,2
2367,0.0624219067394733,0.052578154951334,164.74111938476562,0.5113479495048523,0.0038195606321096,881.1009521484374,3
2368,0.4882033765316009,0.2008204162120819,56.75928115844727,0.0152199808508157,0.1283259242773056,571.483154296875,2
2369,0.0073437541723251,0.0020703135523945,206.9228057861328,1.4429932832717896,0.0013535239268094,1497.8714599609375,3
2370,0.4464260339736937,0.06521487981081,66.10062408447266,0.0754620060324668,0.0258824471384286,51.520294189453125,3
2371,0.0073437541723251,0.0024804701097309,114.32408142089844,1.0446780920028689,0.0018695959588512,3812.763671875,0
2372,0.4878713488578796,0.4597658812999725,127.62076568603516,0.0206093527376651,0.0947688743472099,1225.7330322265625,2
2373,0.0023046887945383,0.0010351567761972,3903.421630859375,3.570800304412842,0.0005469715106301,3037.286376953125,4
2374,0.4882229268550873,0.0370898619294166,52.49116134643555,0.0193339399993419,0.1010207831859588,981.1091918945312,2
2375,0.0286914221942424,0.0126562565565109,55.825416564941406,0.2909086048603058,0.0067138872109353,209.12173461914065,3
2376,0.0962500497698783,0.0524219013750553,55.28697967529297,0.1224704682826995,0.0159477386623621,197.40249633789065,3
2377,0.4881447851657867,0.3834963142871856,1175.44140625,0.0250719990581274,0.0779002830386161,1356.155029296875,2
2378,0.4880471229553223,0.0733789429068565,227.92822265625,0.0281518418341875,0.0693785026669502,1895.3088378906248,2
2379,0.4278908669948577,0.3278322219848633,6655.390625,0.0316068083047866,0.0617943182587623,222.01922607421875,1
2380,0.4831252694129944,0.2386720031499862,5869.8759765625,0.0408038459718227,0.0478663519024848,105.56268310546876,1
2381,0.0473047122359275,0.0471093989908695,264.3528747558594,6.815645217895508,0.0002865651331376,63.41862869262695,4
2382,0.4875393211841583,0.4357424080371856,212.66549682617188,0.0204279348254203,0.0956098586320877,2065.474365234375,2
2383,0.424355685710907,0.3851564526557922,5205.04833984375,0.0524914599955081,0.0372084900736808,58.912841796875,1
2384,0.0064257849007844,0.0018945322372019,60.12027359008789,1.3578693866729736,0.0014383759116753,2645.59130859375,0
2385,0.0044140648096799,5.8593781432136886e-05,69.90216827392578,5.5208587646484375,0.000353772251401,1359.2913818359375,4
2386,0.2609767019748688,0.0595703460276126,84.17063140869139,0.1435678601264953,0.0136042376980185,390.8394775390625,3
2387,0.4872658848762512,0.3534376919269562,74.58541870117188,0.0204118099063634,0.0956854447722435,556.16455078125,2
2388,0.3479298651218414,0.0548047162592411,277.5999755859375,0.0281460154801607,0.0693922936916351,112.091552734375,1
2389,0.4837111830711365,0.1944532245397568,136.8793487548828,0.0597736984491348,0.0326753817498683,163.3206024169922,3
2390,0.0296484529972076,0.0067382850684225,94.14556121826172,0.488696813583374,0.0039965971373021,573.3857421875,0
2391,0.0001757813442964,0.0001171875628642,126.66297149658205,18.435384750366207,0.0001059444257407,11377.771484375,4
2392,0.3213673532009125,0.0070117223076522,7249.65185546875,0.0241685099899768,0.0808126255869865,304.94696044921875,1
2393,0.1382032036781311,0.1197656914591789,6252.2119140625,0.0711556300520896,0.0274486411362886,108.53583526611328,1
2394,0.4868947863578796,0.4107424020767212,942.127990722656,0.0243639796972274,0.0801641643047332,677.7645263671875,2
2395,0.3850197494029999,0.0194921977818012,359.45608520507807,0.0454574711620807,0.0429659262299537,90.90442657470705,1
2396,0.0007421878981404,0.0006640628562308,123.78284454345705,4.296849250793457,0.0004545483971014,2694.7353515625,4
2397,0.3881056904792785,0.3881056904792785,274.60321044921875,0.0798398628830909,0.024462966248393,188.0930938720703,2
2398,0.4881447851657867,0.1065039634704589,59.986175537109375,0.0208321493119001,0.0937552228569984,1014.0433959960936,2
2399,0.3183595538139343,0.1691797822713852,2842.043701171875,0.0478262156248092,0.0408379696309566,87.95087432861328,1
2400,0.4867580831050873,0.0026367201935499,173.6132354736328,0.057778101414442,0.0338040478527545,575.2344360351562,2
2401,0.488164335489273,0.0272851716727018,135.78512573242188,0.0265733338892459,0.0734994858503341,739.5050659179686,2
2402,0.1321680396795272,0.0076757855713367,91.00819396972656,0.2083476334810256,0.0093743409961462,196.71926879882807,3
2403,0.4809768199920654,0.334140807390213,577.8206176757812,0.0231268890202045,0.0844529122114181,1715.2593994140625,2
2404,0.2723048329353332,0.000156250083819,442.7819213867188,0.4566825032234192,0.0042767780832946,11.017065048217772,4
2405,0.4092971086502075,0.0015625008381903,2091.938720703125,0.0491926558315753,0.0397035144269466,61.080322265625,1
2406,0.4866604208946228,0.3931252062320708,1230.271728515625,0.031660534441471,0.0616897605359554,838.366943359375,2
2407,0.4044142663478851,0.3172853291034698,61.50181579589844,0.0287707541137933,0.0678857862949371,89.01763153076173,1
2408,0.4879299402236937,0.1001172438263893,74.71630096435545,0.0322826877236366,0.0605005845427513,98.3747787475586,3
2409,0.2659376561641692,0.020000010728836,53.83610916137695,0.0883314609527588,0.0221112761646509,225.6167907714844,3
2410,0.3617970645427704,0.0096289115026593,228.52996826171875,0.1040935292840004,0.0187631901353597,154.78289794921875,3
2411,0.2993751466274261,0.009511724114418,486.20532226562494,0.0400753356516361,0.0487361885607242,113.56988525390624,1
2412,0.4882815182209015,0.4376369416713714,204.15203857421875,0.0227698776870965,0.085776574909687,1591.295166015625,2
2413,0.3641603589057922,0.0131054753437638,425.0201721191406,0.0296734496951103,0.0658208057284355,96.1115036010742,1
2414,0.3218751847743988,0.0066406284458935,2530.345703125,0.39415043592453,0.0049552931450307,49.70870971679688,4
2415,0.4882619678974152,0.2694728076457977,50.81085586547852,0.0216654110699892,0.0901494696736335,1314.867919921875,2
2416,0.4881838560104369,0.3393751680850982,111.04861450195312,0.0167272090911865,0.1167636811733245,1325.3203125,2
2417,0.0114453183487057,0.0023242200259119,422.4657897949218,0.7985431551933287,0.002445860998705,2533.787109375,0
2418,0.2268360555171966,0.0001367188233416,58.16981506347656,0.1605927646160125,0.012161960825324,30.85929107666016,4
2419,7.812504190951586e-05,3.906252095475793e-05,65.92338562011719,39.61397171020508,4.930396971758455e-05,25599.986328125,4
2420,0.4881057441234588,0.275683730840683,96.01010131835936,0.0209219679236412,0.0933530181646347,1372.6533203125,2
2421,0.0128125064074993,0.0077343792654573,304.3080139160156,0.5881940722465515,0.0033205444924533,2029.2673339843752,0
2422,0.4854690134525299,0.3328517377376556,582.0052490234375,0.0262713767588138,0.0743439868092536,1888.89501953125,2
2423,0.0010742193553596,0.0003710939490702,62.36189651489258,4.436345100402832,0.0004402557678986,3723.6342773437514,4
2424,0.4872854053974152,0.4012892842292785,116.62984466552734,0.0181870497763156,0.1073906272649765,582.8206787109375,2
2425,0.487500250339508,0.4353713393211365,59.13566970825195,0.0204003844410181,0.095739260315895,877.9482421875,2
2426,0.483574479818344,0.1166406869888305,347.3428955078125,0.0287406090646982,0.0679574906826019,688.6219482421875,2
2427,0.4882229268550873,0.1583594530820846,73.98018646240233,0.0212170220911502,0.092054396867752,1865.9509277343752,2
2428,0.0573047176003456,0.0449414290487766,72.5335922241211,0.232759028673172,0.0083911875262856,349.01141357421875,3
2429,0.4856447875499725,0.1512696146965026,10.061120986938477,0.0495263151824474,0.0394359305500984,360.3456726074218,3
2430,0.0005664065247401,0.0005078127724118,93.2352600097656,6.3226518630981445,0.0003089093079324,3531.03271484375,4
2431,0.013437507674098,0.0038281269371509,78.79732513427734,0.602721631526947,0.0032405098900198,2381.39404296875,0
2432,0.3846486508846282,0.0172265712171793,197.711654663086,0.0251216441392898,0.0777468532323837,111.79032897949216,1
2433,0.0130468821153044,0.0008007816504687,58.1021842956543,0.829537332057953,0.0023544791620224,2299.39990234375,3
2434,0.4878127574920654,0.1060742735862732,165.64764404296875,0.0228525977581739,0.0854656994342803,1236.1300048828125,2
2435,0.0098632862791419,0.002949220361188,275.3055114746094,1.0826674699783323,0.0018039935966953,3244.354736328125,3
2436,0.0709766000509262,0.0078515671193599,50.105224609375,0.1398927420377731,0.0139616159722208,154.98065185546875,3
2437,0.3320509493350982,0.315097838640213,1807.9615478515625,0.0643817037343978,0.0303366761654615,99.38233947753906,1
2438,0.0009570317342877,5.8593781432136886e-05,1658.7425537109375,5.14362335205078,0.0003797179670073,3134.6923828125,4
2439,0.4702541530132293,0.4112892746925353,136.73794555664062,0.0293080434203147,0.0666413158178329,68.04830932617188,1
2440,0.0031835953705012,0.0005859378143213,3974.912841796875,2.156558990478516,0.0009056680137291,1570.5513916015625,0
2441,0.4828908741474152,0.2261134088039398,162.75192260742188,0.0447478666901588,0.0436473526060581,316.8417663574219,3
2442,0.3850783407688141,0.0714648813009262,59.03026580810546,0.0731072127819061,0.0267159268260002,98.68122100830078,3
2443,0.4749807119369506,0.4648049473762512,255.70301818847656,0.0357740223407745,0.0545962303876876,469.4927368164063,2
2444,0.487676054239273,0.4432033598423004,832.1563720703125,0.023752586916089,0.0822278335690498,2089.501708984375,2
2445,0.2987110912799835,0.0644922256469726,103.93102264404295,0.1405031979084015,0.0139009868726134,264.4696044921875,3
2446,0.0143164135515689,0.0075976601801812,248.89025878906247,0.5775350332260132,0.0033818301744759,2165.3466796875,0
2447,0.4882815182209015,0.0914453640580177,235.0872344970703,0.0238028075546026,0.0820545330643653,1581.05517578125,2
2448,0.3025392293930053,0.096171922981739,62.91184997558594,0.0941514149308204,0.020744564011693,155.3517608642578,3
2449,0.0483203381299972,0.0129492254927754,55.993965148925774,0.1647197753190994,0.0118572684004902,124.1713180541992,3
2450,0.4872463643550873,0.2299024611711502,60.28103256225586,0.0242589749395847,0.0805114284157753,560.29150390625,2
2451,0.0053320340812206,0.0045117209665477,213.530502319336,1.9331984519958496,0.0010103080421686,1875.4569091796875,4
2452,0.1868165135383605,0.1058984920382499,55.70900344848633,0.0910552367568016,0.0214499570429325,235.5252227783203,3
2453,0.164531335234642,0.0284570474177598,85.64726257324217,0.2817686200141907,0.006931681651622,237.03691101074216,3
2454,0.4775393307209015,0.0925977081060409,52.14800262451172,0.0321753621101379,0.060702621936798,194.74835205078125,3
2455,0.1833008825778961,0.15792977809906,3750.8793945312495,0.1057144924998283,0.0184755027294158,49.09960174560546,1
2456,0.4285158514976501,0.0553711242973804,98.29608917236328,0.0274002328515052,0.0712815076112747,114.34815979003906,1
2457,0.0129687571898102,0.0043750023469328,85.2481918334961,0.5393710136413574,0.0036211186088621,1002.4090576171876,3
2458,0.316367357969284,0.0130468821153044,351.8602294921875,0.034482255578041,0.0566414706408977,123.2744140625,1
2459,0.3225587606430053,0.0765625387430191,101.21944427490234,0.160296231508255,0.0121844941750168,161.2109375,3
2460,0.0002929689071606,0.000156250083819,93.48680114746092,12.754593849182127,0.0001531311718281,6826.6630859375,4
2461,0.2979298532009125,0.0241797007620334,3719.484375,0.0770733803510665,0.025341035798192,53.70391845703125,1
2462,0.0001367188233416,3.906252095475793e-05,61.622337341308594,23.64493751525879,8.260228059953079e-05,14628.5634765625,4
2463,0.4877150952816009,0.4499807059764862,58.04169464111328,0.0244605559855699,0.0798480063676834,1560.337158203125,2
2464,0.0033593769185245,0.0008398442296311,525.4813232421875,2.237202405929565,0.0008730213157832,5358.13671875,0
2465,0.0135351633653044,0.0025000013411045,88.9561767578125,0.5012236833572388,0.0038967169821262,2216.448974609375,0
2466,0.445039302110672,0.0891016125679016,52.90729141235352,0.1157550364732742,0.0168730374425649,137.06654357910156,3
2467,0.4881057441234588,0.255644679069519,52.36483001708984,0.0156068913638591,0.1251454800367355,764.1786499023436,2
2468,0.0002734376466833,3.906252095475793e-05,219.61285400390625,24.302955627441406,8.036578219616786e-05,10971.4228515625,4
2469,0.4868361949920654,0.233496218919754,59.12752532958984,0.0241139680147171,0.0809957459568977,445.7351379394531,2
2470,0.485937774181366,0.209629014134407,268.92529296875,0.0289808735251426,0.0673937126994133,1150.35302734375,2
2471,9.765630238689482e-05,3.906252095475793e-05,1253.8275146484375,34.87333679199219,5.600629083346576e-05,20479.98828125,4
2472,0.3840041160583496,0.0483789332211017,88.59709930419923,0.172748252749443,0.0113061917945742,28.645526885986328,3
2473,0.487969011068344,0.4304494559764862,53.07987976074219,0.0212637744843959,0.0918521285057067,1213.1917724609375,2
2474,0.3313087821006775,0.0965039581060409,51.332324981689446,0.0960347056388854,0.0203377660363912,455.7681884765625,3
2475,0.4863674342632293,0.3675587773323059,438.0559692382813,0.0318183302879333,0.0613837577402591,1404.2880859375,2
2476,0.0317382998764514,0.0022656260989606,163.2242889404297,0.209111750125885,0.0093401120975613,220.5537109375,3
2477,0.0692578479647636,9.765630238689482e-05,114.47547149658205,3.1526036262512207,0.000619527301751,43.31639099121094,4
2478,0.4870705604553223,0.2550196647644043,108.47084045410156,0.0535184442996978,0.0364945083856582,147.82252502441406,3
2479,0.4882815182209015,0.0017773447325453,172.8068695068359,0.016584051772952,0.1177717894315719,1630.2071533203125,2
2480,0.3487111330032348,0.3412306606769562,136.804931640625,0.1185514628887176,0.0164749324321746,37.280139923095696,4
2481,0.4878713488578796,0.3912306725978851,530.2999877929688,0.026899354532361,0.0726089403033256,1170.3905029296875,2
2482,0.4870901107788085,0.0093359425663948,327.8289489746094,0.0255870725959539,0.0763324424624443,1139.4195556640625,2
2483,0.0141015704721212,0.0040039084851741,243.88926696777344,0.5061888098716736,0.0038584962021559,780.054931640625,3
2484,0.0235742311924696,0.0126367257907986,100.0926513671875,0.432347983121872,0.0045174825936555,1654.3487548828125,0
2485,0.1816407293081283,0.0204101670533418,69.27254486083984,0.0729133486747741,0.0267869420349597,286.2794189453125,3
2486,0.0602539367973804,0.0008984379819594,1980.77783203125,0.1332676112651824,0.014655701816082,215.75354003906247,1
2487,0.0105664115399122,0.000312500167638,204.66180419921875,0.3754874169826508,0.0052015725523233,283.91851806640625,4
2488,0.0113671934232115,0.0055468780919909,69.5030288696289,0.786372184753418,0.0024837157689034,3342.95361328125,0
2489,0.4873830676078796,0.4674221277236937,262.4248046875,0.0299412813037633,0.0652317628264427,63.60499954223633,1
2490,0.4817580580711365,0.2139649540185928,753.7586669921875,0.0324789434671402,0.0601353645324707,1137.50048828125,2
2491,0.4739455580711365,0.0065429722890257,3676.781005859375,0.063542939722538,0.0307372622191906,48.52878189086913,1
2492,0.4851565062999725,0.3944728672504425,382.9390869140625,0.0375059619545936,0.0520754046738147,822.4150390625,2
2493,0.4852541685104369,0.1898438483476638,54.25241088867188,0.0606231726706028,0.0322174727916717,226.68533325195312,3
2494,0.464043229818344,0.1000391170382499,61.21284103393555,0.0489642545580864,0.0398890525102615,495.6434631347656,3
2495,0.0001171875628642,5.8593781432136886e-05,110.20770263671876,27.476045608520508,7.108467980287969e-05,17066.658203125,4
2496,0.4880861937999725,0.0102734426036477,251.76986694335932,0.0260032098740339,0.0751109719276428,1790.6673583984375,2
2497,0.474336177110672,0.301718920469284,71.1796875,0.0405051819980144,0.048219371587038,320.4478454589844,3
2498,0.16818368434906,0.0965625494718551,59.49504089355469,0.1246301680803298,0.0156714022159576,112.97171783447264,3
2499,7.812504190951586e-05,3.906252095475793e-05,400.34866333007807,41.76814270019531,4.676114622270688e-05,25599.986328125,4
2500,0.2016993314027786,0.1526172757148742,93.32069396972656,0.0411090292036533,0.047510989010334,114.03112030029295,1
2501,0.0419140867888927,0.009902348741889,67.49931335449219,0.1590335369110107,0.0122811878100037,167.0082855224609,3
2502,0.4880666732788085,0.3504689335823059,311.63824462890625,0.0224198829382658,0.0871152356266975,2278.377197265625,2
2503,0.4881838560104369,0.2197266817092895,58.14017868041992,0.0152061711996793,0.1284430772066116,669.82958984375,2
2504,0.4882815182209015,0.4032814800739288,50.34610748291016,0.0214542299509048,0.0910370647907257,1671.1671142578125,2
2505,0.4803518056869506,0.4358400702476501,1072.187255859375,0.0385832227766513,0.050621073693037,285.2076416015625,2
2506,0.0006640628562308,0.0003515626885928,3974.894287109375,5.951725959777832,0.0003281613171566,4517.64453125,4
2507,0.4880276024341583,0.240078255534172,216.5267639160156,0.026018064469099,0.0750676542520523,1516.3076171875,2
2508,0.1931250989437103,0.0341992378234863,70.31464385986328,0.4016647636890411,0.0048625753261148,62.13589096069336,3
2509,0.4810744822025299,0.1658008694648742,404.0354919433594,0.0310626588761806,0.0628770515322685,261.9136962890625,2
2510,0.4875588417053223,0.3857033252716064,1097.94091796875,0.0345175340771675,0.056583471596241,516.8607177734375,2
2511,0.2443946599960327,0.1926954090595245,84.74168395996092,0.1257701367139816,0.0155293121933937,102.29356384277344,3
2512,0.3727736473083496,0.1053711473941802,201.6996307373047,0.0365122035145759,0.0534923896193504,75.11260223388672,1
2513,0.4881057441234588,0.3323439359664917,111.07012176513672,0.0380240641534328,0.0513656660914421,1274.3140869140625,3
2514,0.2731446921825409,0.0165039151906967,6063.83056640625,0.0379604287445545,0.0514518432319164,157.42572021484375,1
2515,0.3102931380271912,0.0232421997934579,4652.94091796875,0.0376238524913787,0.0519118383526802,122.46484375,1
2516,0.2303516864776611,0.1580860167741775,420.7790222167969,0.0939176976680755,0.0207961779087781,47.75307083129882,4
2517,0.4864455759525299,0.1533399224281311,86.62256622314453,0.0642379075288772,0.03040461987257,281.63479614257807,4
2518,0.4881838560104369,0.2873438894748688,1074.552978515625,0.0285763349384069,0.0683477595448494,1872.2454833984373,2
2519,0.3838478624820708,0.377480685710907,240.65512084960932,0.6476309299468994,0.0030157750006765,26.051988601684567,4
2520,0.4794729053974152,0.3959572315216064,535.4530029296875,0.0337748602032661,0.0578279122710228,1691.440673828125,2
2521,0.3716212809085845,0.0010546881239861,62.83096694946289,0.2327522933483124,0.0083914315328001,153.3819580078125,3
2522,9.765630238689482e-05,5.8593781432136886e-05,62.58501815795898,33.24388122558594,5.875144415767864e-05,20479.98828125,4
2523,0.2670899927616119,0.0503711216151714,254.64512634277344,0.0386152528226375,0.0505791790783405,108.57763671875,1
2524,0.4465432167053223,0.4027931988239288,4870.02978515625,0.069090649485588,0.0282690487802028,55.98562240600586,1
2525,0.0547851845622062,0.0016992196906358,90.78117370605467,0.1633801013231277,0.0119544733315706,91.26554870605467,1
2526,0.1821094751358032,0.0179296974092721,51.3720817565918,0.1314042061567306,0.0148634230718016,65.8944320678711,3
2527,0.3633790910243988,0.0911914557218551,64.26641845703125,0.0546279437839984,0.0357532203197479,569.6530151367188,3
2528,0.2570899724960327,0.0040039084851741,76.54746246337889,0.2626367509365082,0.0074366172775626,163.3669281005859,3
2529,0.4833010435104369,0.311484545469284,576.26904296875,0.0274743996560573,0.0710888281464576,777.9830322265626,2
2530,0.486211210489273,0.4019533395767212,56.927730560302734,0.0229118820279836,0.0852453038096427,415.4573059082031,2
2531,0.0105468807741999,0.0009960943134501,63.72877502441406,0.8687613606452941,0.00224817590788,3602.9609375,0
2532,0.0981250554323196,0.015097664669156,79.12596893310547,1.2210077047348022,0.001599601120688,101.91077423095705,4
2533,0.4882033765316009,0.1215820983052253,310.6944274902344,0.0322101674973964,0.0606369823217392,1155.2562255859375,2
2534,0.3231447041034698,0.0266601704061031,5318.49755859375,0.0396176539361476,0.0492993853986263,154.7294464111328,1
2535,0.4882033765316009,0.1408399194478988,365.7953186035156,0.0288201998919248,0.0677690729498863,1415.3936767578125,2
2536,0.3062111139297485,0.1585157066583633,188.1510162353516,0.0308166313916444,0.0633790045976638,140.42599487304688,1
2537,0.0001171875628642,7.812504190951586e-05,77.73624420166014,29.92923355102539,6.525813660118729e-05,17066.658203125,4
2538,0.487988531589508,0.4813674390316009,137.35989379882812,0.0175073929131031,0.1115599498152732,803.2975463867188,2
2539,0.3466798663139343,0.0737500414252281,62.529144287109375,0.2581135034561156,0.0075669260695576,43.26758193969727,3
2540,0.3538087904453277,0.2553126513957977,91.38585662841795,0.0325321406126022,0.0600364841520786,107.40264892578124,1
2541,0.4835354089736937,0.1000195816159248,52.50182723999024,0.0355490148067474,0.0549420043826103,237.83160400390625,4
2542,0.484082281589508,0.4590822756290436,6116.18505859375,0.0730425342917442,0.0267394334077835,47.5125846862793,1
2543,0.0001367188233416,5.8593781432136886e-05,100.81629943847656,35.26910781860352,5.537780816666782e-05,14628.5634765625,4
2544,0.4848635494709015,0.391933798789978,1029.887451171875,0.0390282496809959,0.0500437691807746,874.4728393554686,2
2545,0.000156250083819,9.765630238689482e-05,103.37734222412108,23.509767532348636,8.307721873279662e-05,12799.9931640625,4
2546,0.3562306463718414,0.0143750077113509,77.6017074584961,0.1910515129566193,0.0102230310440063,58.95056915283203,3
2547,0.3017775118350982,0.1919141709804535,150.29127502441406,0.3137212097644805,0.0062256637029349,96.0972900390625,3
2548,0.3872853517532348,0.1300781965255737,353.4888610839844,0.0388959683477878,0.0502142272889614,87.79056549072266,1
2549,0.0366992391645908,0.0041601583361625,86.02892303466797,0.2272587269544601,0.0085942801088094,163.4911346435547,3
2550,0.0086132856085896,0.0038085957057774,89.7119140625,1.0743093490600584,0.0018180292099714,3134.6923828125,0
2551,0.4284572601318359,0.3844728767871856,56.206424713134766,0.0657626539468765,0.0296997334808111,210.05595397949216,3
2552,0.4882619678974152,0.1797071248292922,54.95759963989258,0.0174001958221197,0.1122478023171424,1191.9830322265625,2
2553,0.4882815182209015,0.0198437608778476,58.49976348876953,0.0205061882734298,0.0952457934617996,862.2075195312499,2
2554,0.0001171875628642,7.812504190951586e-05,4836.892578125,23.944129943847656,8.157013508025555e-05,17066.658203125,4
2555,0.3675001859664917,0.0192382913082838,89.99141693115233,0.062822051346302,0.0310898255556821,220.40805053710932,3
2556,0.2341016829013824,0.0008007816504687,440.53823852539057,0.1026441901922226,0.0190281420946121,38.44483184814453,4
2557,0.3030861020088196,0.0019531259313225,2983.900634765625,0.0416353121399879,0.0469101853668689,141.87387084960935,1
2558,0.054121121764183,0.0482812747359275,74.59175872802734,0.4388027787208556,0.0044510313309729,129.3395233154297,3
2559,0.1782032251358032,0.178144633769989,2250.490234375,1.3188601732254028,0.0014809188432991,28.05785369873047,4
2560,0.4867580831050873,0.2031836956739425,63.1426887512207,0.0141953658312559,0.1375879645347595,667.6828002929688,2
2561,0.4862502515316009,0.0801172330975532,11.547066688537596,0.0272669531404972,0.0716300308704376,2447.299560546875,3
2562,0.3186720311641692,0.1960743218660354,128.9363555908203,0.0627969354391098,0.0311022903770208,15.690112113952637,4
2563,0.4882815182209015,0.4407814741134644,61.19704818725586,0.0174300353974103,0.1120557263493538,833.5355224609374,2
2564,0.0559179969131946,0.0010742193553596,1707.66943359375,0.1819440573453903,0.0107347480952739,250.3666229248047,4
2565,0.232754036784172,0.0998633354902267,58.04033660888672,0.2457185387611389,0.0079486332833766,98.81675720214844,4
2566,0.4876955747604369,0.3301759660243988,249.9725646972656,0.0267962757498025,0.0728878900408744,102.5229721069336,1
2567,0.4762111902236937,0.3543165922164917,51.88523864746094,0.0230198372155427,0.0848454609513282,321.2860107421875,4
2568,0.3787111341953277,0.2931837439537048,363.5147399902344,0.0275500118732452,0.0708931162953376,124.10514068603516,1
2569,0.4175392985343932,0.1517774313688278,58.34572219848633,0.3468121588230133,0.0056316400878131,28.73980903625488,4
2570,0.0179882906377315,0.0057031279429793,1266.3367919921875,0.5045060515403748,0.0038713605608791,2112.4853515625,0
2571,0.2545704543590545,0.0778125450015068,99.59891510009764,0.0723322182893752,0.0270022433251142,993.8309936523436,2
2572,7.812504190951586e-05,3.906252095475793e-05,3711.498291015625,40.98229217529297,4.765780613524839e-05,25599.986328125,4
2573,0.485937774181366,0.1784180700778961,59.24547576904297,0.0202796347439289,0.0963101089000702,1146.2373046875,2
2574,0.4880276024341583,0.3082228302955627,262.5541076660156,0.0221517290920019,0.0881702527403831,2137.17431640625,2
2575,0.488164335489273,0.3182423710823059,760.6289672851561,0.0253350567072629,0.0770914331078529,1982.9388427734373,2
2576,0.3847658336162567,0.0161718837916851,50.55678176879882,0.0407915115356445,0.0478806309401989,98.76136779785156,3
2577,0.4882619678974152,0.1000195816159248,50.00373458862305,0.0188343990594148,0.103699691593647,899.1074829101561,2
2578,0.0237695444375276,0.0234570447355508,81.84510040283203,1.636740803718567,0.0011933018686249,168.28256225585935,4
2579,0.4780080616474152,0.0957813039422035,107.11932373046876,0.1706266552209854,0.0114468047395348,39.74828338623047,3
2580,0.013378913514316,0.0013085944810882,78.68829345703125,0.8065599203109741,0.0024215497542172,2242.33447265625,0
2581,0.0059179719537496,0.0020703135523945,255.75083923339844,1.730925440788269,0.0011283714557066,3210.559326171875,0
2582,0.4808010458946228,0.3151759505271912,3499.7158203125,0.0805438607931137,0.0242491830140352,43.67710876464844,1
2583,0.4840041697025299,0.0971094295382499,51.15620803833008,0.0317223146557807,0.0615695379674434,223.1385803222656,4
2584,0.018437510356307,0.0009179692715406,89.73634338378906,0.5845445394515991,0.003341278526932,488.1353149414063,3
2585,0.3045704662799835,0.0018554697744548,4263.9375,0.0552786625921726,0.0353324078023433,108.34931182861328,1
2586,0.2089844942092895,0.1502735167741775,95.37216949462888,0.0482852570712566,0.0404496975243091,119.6260986328125,1
2587,0.4881057441234588,0.464062750339508,343.32916259765625,0.028327701613307,0.0689472109079361,1184.169677734375,2
2588,0.0155273517593741,0.0010156255448237,76.20999908447266,0.5783480405807495,0.0033770778682082,2382.891845703125,0
2589,0.3159181475639343,0.3112501800060272,144.6357879638672,0.3766171634197235,0.0051859905943274,120.28432464599608,3
2590,0.3849611580371856,0.1463282108306884,158.23497009277344,0.0315480753779411,0.0619095377624034,85.72293090820312,1
2591,0.0032031266018748,0.0010742193553596,65.8258285522461,2.65627384185791,0.0007352876127697,2185.36474609375,0
2592,0.4595705568790436,0.0341797061264514,65.28034210205078,0.2960219383239746,0.0065979310311377,56.574554443359375,4
2593,0.4832229018211365,0.0240820441395044,81.67776489257811,0.0202480163425207,0.0964602157473564,527.706787109375,2
2594,0.4882815182209015,0.4691994786262512,1059.9375,0.0193965844810009,0.1006943210959434,2220.03076171875,2
2595,0.0749805122613906,0.0077343792654573,241.86651611328125,0.2680588662624359,0.007286159787327,200.051986694336,3
2596,0.0123242251574993,0.0040820334106683,190.16954040527344,0.6715402603149414,0.0029084275010973,2271.947998046875,0
2597,0.3730275332927704,0.1654493063688278,130.80751037597656,0.0312017183750867,0.0625965893268585,112.59222412109376,1
2598,0.393398642539978,0.0185937602072954,145.4526824951172,0.080636978149414,0.0242209527641534,536.3516235351562,3
2599,0.0559765920042991,0.0457226820290088,66.15562438964844,0.2031632512807846,0.009613586589694,71.45844268798828,4
2600,0.4882229268550873,0.3225783109664917,93.84276580810548,0.0148551100865006,0.1314779222011566,680.0172119140625,2
2601,0.1032227128744125,0.0935156717896461,199.07107543945312,0.4128375947475433,0.0047309761866927,523.1406860351562,3
2602,0.4876565039157867,0.0308984536677598,98.08572387695312,0.0190979726612567,0.1022692769765853,816.1482543945312,2
2603,0.4881252646446228,0.315390795469284,79.21684265136719,0.0153700020164251,0.1270742863416671,1497.56640625,2
2604,0.2272071540355682,0.0076562538743019,65.34839630126953,0.1187852099537849,0.0164424795657396,598.5726928710938,2
2605,0.4784377515316009,0.0948633328080177,111.09230041503906,0.0263516679406166,0.0741176754236221,100.32653045654295,1
2606,0.34125018119812,0.0025390638038516,331.5431213378906,0.0336839221417903,0.0579841993749141,117.21605682373044,1
2607,0.4882033765316009,0.1562696099281311,66.81096649169922,0.017097495496273,0.1142347082495689,1642.7579345703125,2
2608,0.4872463643550873,0.4549611806869506,634.056396484375,0.0316197872161865,0.0617696046829223,1360.7078857421875,2
2609,0.4822463393211365,0.4751760363578796,6268.83349609375,0.0774436146020889,0.025219852104783,31.10443496704101,1
2610,0.0138086015358567,0.0075976601801812,57.9933967590332,0.6814000010490417,0.0028663433622568,2244.9775390625,0
2611,0.0065429722890257,0.0021093762479722,178.89903259277344,1.5265235900878906,0.0012794604990631,764.1787109375,0
2612,0.0002734376466833,0.0002343751257285,78.3115005493164,11.243513107299805,0.000173711363459,7314.28173828125,4
2613,0.4882815182209015,0.0065429722890257,410.0582275390625,0.019816705957055,0.0985596552491188,1595.39111328125,2
2614,0.486504167318344,0.229101687669754,840.7474975585938,0.0371490120887756,0.0525754541158676,670.0867309570312,2
2615,0.3510353565216064,0.0595703460276126,81.79681396484375,0.0932073444128036,0.0209545958787202,202.2588348388672,3
2616,0.4882815182209015,0.0189453233033418,175.66197204589844,0.0255307350307703,0.0765008777379989,1335.2952880859375,2
2617,0.4790627658367157,0.2513477802276611,476.6360168457031,0.03099000826478,0.0630241781473159,1930.853515625,2
2618,0.4881057441234588,0.2130860537290572,129.1367034912109,0.0203105602413415,0.0961627960205078,796.9584350585938,4
2619,0.4821682274341583,0.1001758351922035,67.64163970947266,0.0372658409178257,0.0524106323719024,80.88463592529295,4
2620,0.0582812801003456,0.0210351683199405,58.67146682739258,0.1559251397848129,0.0125260511413216,3208.577392578125,3
2621,0.0130078196525573,0.0055664093233644,64.85779571533203,0.8066761493682861,0.0024212030693888,1921.9208984375,0
2622,0.4879494905471802,0.4820119738578796,52.207195281982415,0.0229022800922393,0.0852803587913513,1446.87109375,2
2623,0.4843752682209015,0.2650782763957977,453.0238037109375,0.0208006408065557,0.0938974246382713,1036.386474609375,2
2624,0.4576955437660217,0.2212501168251037,212.48068237304688,0.0200679954141378,0.0973253846168518,126.72179412841795,1
2625,0.0139648513868451,0.0022851575631648,419.7863464355469,0.5786188244819641,0.0033754992764443,2434.68408203125,0
2626,0.0055468780919909,0.0005664065247401,1849.0778808593752,1.713406324386597,0.0011399089125916,2884.50537109375,0
2627,0.1343946009874344,0.0158398523926734,52.12866973876953,0.14727883040905,0.0132614215835928,372.0387573242188,3
2628,0.4863479137420654,0.4003713130950928,68.64382934570312,0.0233928635716438,0.0834920108318328,592.168701171875,4
2629,0.339023619890213,0.1705079078674316,225.32766723632807,0.0344795361161232,0.05664599314332,123.88516998291016,1
2630,0.3375197052955627,0.1941993236541748,7426.03173828125,0.0225657969713211,0.0865528509020805,429.60455322265625,1
2631,0.0001953126047737,0.0001171875628642,234.1947631835937,18.124412536621094,0.0001077621855074,10239.994140625,4
2632,0.0110937561839818,0.0050390651449561,61.43685150146484,0.8389235734939574,0.0023281322792172,1892.9566650390625,0
2633,0.341660350561142,0.0015625008381903,90.96353149414062,0.1889042556285858,0.0103391725569963,143.4172821044922,3
2634,0.0982617735862732,0.0059570344164967,65.7634506225586,0.1296653002500534,0.0150628574192523,183.18415832519528,3
2635,0.1066016182303428,0.1000391170382499,53.0252799987793,0.2160396724939346,0.0090405950322747,84.42648315429686,3
2636,9.765630238689482e-05,3.906252095475793e-05,118.94003295898436,31.94750595092773,6.113548442954198e-05,20479.98828125,4
2637,0.3147267401218414,0.1621875911951065,7183.2333984375,0.0231556165963411,0.0843476951122283,200.17364501953125,1
2638,0.486523687839508,0.0365429893136024,131.92970275878906,0.0289941634982824,0.0673626810312271,709.1124267578125,2
2639,0.4882815182209015,0.0260156393051147,263.2320861816406,0.0307845827192068,0.0634449943900108,98.30394744873048,1
2640,0.3302150070667267,0.0087500046938657,7280.403320312499,0.0250029284507036,0.0781157314777374,314.94631958007807,1
2641,0.4410744607448577,0.0247070454061031,69.23805236816406,0.1258534342050552,0.0155191142112016,63.48134613037109,3
2642,0.4874416589736937,0.0691797211766243,642.744384765625,0.0261901579797267,0.0745743885636329,2106.918701171875,2
2643,0.0809570774435997,0.0111328186467289,80.10101318359375,0.1765807121992111,0.0110607724636793,160.57891845703125,3
2644,0.4849416613578796,0.4133595824241638,677.7328491210938,0.03169596940279,0.0616206414997577,1158.90234375,2
2645,0.4873635470867157,0.3515822291374206,479.3110961914063,0.0317418985068798,0.0615313798189163,1649.6925048828125,2
2646,0.4879299402236937,0.3123634457588196,301.9340209960937,0.0255349799990654,0.0764878764748573,1557.6007080078125,2
2647,0.3810548782348633,0.0372461155056953,320.72125244140625,0.0377742461860179,0.0517050363123416,73.48023223876953,1
2648,0.3123829662799835,0.0281054843217134,104.3868942260742,0.0323670729994773,0.0603429861366748,128.04795837402344,1
2649,0.0003320314281154,0.0002734376466833,2392.811767578125,13.334353446960447,0.0001464732486056,9035.2890625,4
2650,0.3414455056190491,0.0672070682048797,84.98406982421875,0.0332345440983772,0.0587681159377098,125.93517303466795,1
2651,0.4035158455371856,0.0749219134449958,74.99150848388672,0.0833832919597625,0.0234234109520912,250.29995727539065,3
2652,0.0150781329721212,0.0020312510896474,64.39299774169922,0.5835800766944885,0.0033467987086623,265.2848205566406,3
2653,0.4881252646446228,0.0125781316310167,177.20228576660156,0.027245195582509,0.0716872364282608,71.7029037475586,1
2654,0.0077734417282044,0.0045703151263296,300.97723388671875,1.3084315061569212,0.001492723589763,2572.863037109375,3
2655,0.3932228684425353,0.1078906804323196,132.818115234375,0.0345990285277366,0.0564501471817493,89.00804901123047,1
2656,0.0001757813442964,9.765630238689482e-05,83.1653060913086,18.91837882995605,0.0001032396176015,11377.771484375,4
2657,0.4827736914157867,0.3677345812320708,119.55148315429688,0.0493627153337001,0.0395668856799602,921.7569580078124,3
2658,0.2497852891683578,0.0078320354223251,73.4918212890625,0.1112368106842041,0.0175583083182573,24.0206298828125,3
2659,0.4843166768550873,0.476758062839508,452.7531433105469,0.0304306484758853,0.0641830340027809,652.4656372070312,2
2660,0.3082618713378906,0.0758398845791816,5942.98046875,0.0408659353852272,0.0477934777736663,253.03161621093756,1
2661,0.4882424473762512,0.0871875435113906,941.8046875,0.0206826757639646,0.0944331213831901,2293.9423828125,2
2662,0.0892773941159248,0.0451367422938346,1691.866455078125,0.1075130179524421,0.0181664172559976,168.01565551757812,1
2663,0.0807226970791816,0.0738672241568565,51.73208236694336,0.3952680528163909,0.0049412595108151,483.1354980468751,3
2664,0.4877736866474152,0.4657033681869506,214.3576812744141,0.02682382799685,0.0728130266070365,1246.479736328125,2
2665,0.383164256811142,0.3829689621925353,181.0678558349609,1.2711998224258425,0.0015364445280283,13.049233436584473,4
2666,0.3955275416374207,0.2606251537799835,71.75719451904297,0.0865775272250175,0.0225590951740741,366.5989990234375,3
2667,0.0045898463577032,0.0005468752933666,76.43778228759764,2.3792123794555664,0.0008209128282032,5664.677734375,0
2668,0.4877932369709015,0.2129102647304535,253.8574676513672,0.025953747332096,0.0752545297145843,1775.3424072265625,2
2669,0.0058984407223761,0.000156250083819,2240.841552734375,7.552472591400146,0.0002586074406281,678.1453247070312,4
2670,0.0384179875254631,0.0383789278566837,343.501708984375,1.2081910371780396,0.0016165702836588,494.55999755859375,4
2671,0.4608010351657867,0.0941602066159248,61.27609634399414,0.0810829177498817,0.0240879040211439,167.1003265380859,3
2672,7.812504190951586e-05,3.906252095475793e-05,52.55947113037109,42.62783050537109,4.581809480441734e-05,25599.986328125,4
2673,0.2694923281669616,0.0765625387430191,62.512405395507805,0.1227810382843017,0.0159074068069458,59.37089157104492,3
2674,0.383437693119049,0.0053710965439677,75.22159576416014,0.0677893236279487,0.0288117155432701,96.49546813964844,3
2675,0.000312500167638,0.0002539063862059,102.15145111083984,8.937961578369139,0.0002185203193221,6399.99658203125,4
2676,0.4880861937999725,0.202304795384407,58.73867034912109,0.0234530139714479,0.0832780078053474,690.4518432617188,2
2677,0.0134570384398102,0.0052929716184735,183.2877960205078,0.7267820835113524,0.0026873617898672,1709.142822265625,0
2678,0.0166015718132257,0.0041210958734154,57.49641418457031,0.5108634233474731,0.0038231883663684,1385.4110107421875,0
2679,0.0009960943134501,0.0001367188233416,107.24752807617188,5.694443702697754,0.0003429879725445,9035.2890625,0
2680,0.4881447851657867,0.0187500100582838,365.2709045410156,0.0284967627376318,0.0685386136174202,1065.2576904296875,2
2681,0.4392189979553223,0.0847852006554603,116.4423828125,0.1520727723836898,0.0128434021025896,86.51720428466797,3
2682,0.3881838023662567,0.2613868713378906,236.5123748779297,0.0944785624742508,0.0206726919859647,200.9357452392578,3
2683,0.455761969089508,0.0888281762599944,50.75206756591797,0.0598052851855754,0.0326581262052059,98.7357482910156,3
2684,0.1704883724451065,0.083964891731739,220.7206878662109,0.049112781882286,0.0397682152688503,357.795654296875,4
2685,0.2481056004762649,0.0383593961596488,225.29177856445312,0.0344810299575328,0.0566433742642402,112.85517120361328,1
2686,0.0219531375914812,0.0065429722890257,179.629150390625,0.2741239368915558,0.0071249748580157,364.41259765625,3
2687,0.3835549056529999,0.000156250083819,59.76836395263672,0.5108332633972168,0.0038234193343669,7.821566104888915,4
2688,0.0138281323015689,0.0041992207989096,56.74757766723633,0.3558635711669922,0.0054884115234017,289.265380859375,3
2689,0.3884767591953277,0.3882619142532348,151.43121337890625,0.02451185695827,0.079680897295475,108.11457824707033,1
2690,0.1145703718066215,0.0936914533376693,122.50782775878906,0.250567227602005,0.0077948225662112,375.3151855468751,3
2691,0.4646682143211365,0.2912110984325409,76.0914306640625,0.0254806857556104,0.076651819050312,288.3778076171875,2
2692,0.1325000673532486,0.0033984393812716,56.789016723632805,0.1281623095273971,0.0152394520118832,1758.4896240234375,3
2693,0.4843947887420654,0.1852930635213852,843.287841796875,0.0329953022301197,0.0591938085854053,648.2315673828125,2
2694,0.0174218844622373,0.0046484400518238,73.58321380615233,0.4126358628273009,0.004733296111226,2353.362060546875,0
2695,0.0219140741974115,0.0042187524959445,54.11639404296875,0.3237926959991455,0.0060320296324789,136.8983154296875,3
2696,0.4881252646446228,0.3753713071346282,380.6636352539063,0.02255629748106,0.086588516831398,1737.259033203125,2
2697,0.4844924509525299,0.1171875596046447,1063.1827392578125,0.0332880429923534,0.058673582971096,914.3589477539062,2
2698,0.0085742231458425,0.0036523456219583,62.79340744018555,0.6117793917655945,0.0031925323419272,5714.80322265625,3
2699,0.4877346456050873,0.4066408574581145,114.81715393066406,0.0261049605906009,0.0748182833194732,1994.9372558593752,2
2700,0.050292994827032,0.0347656421363353,55.607688903808594,0.2257229536771774,0.008652769960463,318.1357421875,3
2701,0.0004492189909797,0.000312500167638,4833.36865234375,6.437530994415283,0.0003033967514056,4452.17138671875,4
2702,0.4878323078155517,0.042851585894823,134.71665954589844,0.0232872981578111,0.0838712230324745,2254.873291015625,2
2703,0.4882619678974152,0.4135549068450928,67.81854248046875,0.0204386785626411,0.0955600291490555,1509.435546875,2
2704,0.0963281765580177,0.0009179692715406,56.032032012939446,0.1167523115873336,0.0167287550866603,114.19296264648436,3
2705,0.0358789265155792,0.0072851600125432,162.5267333984375,0.2756364941596985,0.0070858742110431,1895.2629394531248,0
2706,0.3140822052955627,0.2383009046316146,2856.4345703125,0.0346158072352409,0.0564228780567646,146.45846557617188,1
2707,0.1764258742332458,0.097753956913948,61.63798522949219,0.2161199003458023,0.009037266485393,68.0172348022461,3
2708,0.4593752324581145,0.0625976920127868,140.7659454345703,0.026883814483881,0.072650596499443,113.1972198486328,1
2709,0.4838869869709015,0.0217773560434579,1124.5997314453125,0.040853027254343,0.0478085279464721,791.5071411132812,2
2710,0.399258017539978,0.1055274009704589,162.95138549804688,0.0578746646642684,0.033747524023056,295.5482177734375,1
2711,0.488164335489273,0.4551174342632293,81.65088653564453,0.0208759699016809,0.0935586988925933,1001.7118530273436,2
2712,0.1870899498462676,0.0140820387750864,75.57476806640625,0.0745778903365135,0.0261890403926372,106.90045166015624,3
2713,0.3974025547504425,0.0268554836511611,59.230484008789055,0.0585907250642776,0.0333351753652095,274.28106689453125,3
2714,0.1681446284055709,0.1680665016174316,193.70965576171875,2.702410936355591,0.0007227365276776,23.789043426513672,4
2715,0.1126953735947608,0.0443554930388927,79.67771911621092,0.0707249119877815,0.027615875005722,168.59609985351562,3
2716,0.4882815182209015,0.3470509648323059,58.84784698486328,0.0167500674724578,0.1166037693619728,702.463623046875,2
2717,0.4881838560104369,0.2345313727855682,89.8010482788086,0.0188386458903551,0.103676438331604,1812.8415527343752,2
2718,0.4776174426078796,0.1238281950354576,52.633670806884766,0.0305084809660911,0.064019426703453,194.7165069580078,4
2719,0.2362110614776611,0.0335742384195327,2222.02294921875,0.0617514289915561,0.0316287577152252,122.77156066894533,1
2720,0.4880861937999725,0.2450001239776611,71.193359375,0.0149040203541517,0.1310463994741439,706.8423461914064,2
2721,0.3829689621925353,0.0411133021116256,2789.654296875,0.0570004917681217,0.0342650711536407,78.3353271484375,1
2722,0.2752540409564972,0.1059570908546447,73.3627700805664,0.074544221162796,0.0262011550366878,766.5645751953125,3
2723,0.0609570629894733,0.0209375116974115,27.15784454345703,0.1288000345230102,0.0151639990508556,180.45489501953125,3
2724,0.1362110078334808,0.0018945322372019,91.22157287597656,0.4680326282978058,0.0041730739176273,234.9296112060547,3
2725,0.4882424473762512,0.4109377264976501,198.66754150390625,0.0252403486520051,0.0773810446262359,1767.564453125,2
2726,0.4880080819129944,0.1694727540016174,162.77392578125,0.0268936716020107,0.0726240277290344,1114.735595703125,2
2727,0.4882619678974152,0.2265430837869644,350.0035705566406,0.0257030688226222,0.075988121330738,1542.2049560546875,2
2728,0.4153517782688141,0.0127148507162928,1154.5557861328125,0.0313634313642978,0.0622736662626266,130.01028442382812,1
2729,0.4839650988578796,0.1836915016174316,762.4617309570312,0.0333832055330276,0.0585064478218555,741.7890014648436,2
2730,0.3883986473083496,0.1111133396625518,202.10240173339844,0.031029675155878,0.0629440173506736,108.13632202148436,1
2731,0.4880080819129944,0.210117295384407,171.9704132080078,0.0253315716981887,0.0771023854613304,1223.3404541015625,2
2732,0.2496485710144042,0.1570313274860382,83.63417053222656,0.0346851088106632,0.0563102290034294,96.13513946533205,1
2733,0.379746288061142,0.0968164578080177,1967.69189453125,0.0350349806249141,0.0557482540607452,68.46676635742188,1
2734,0.011074224486947,0.002089844783768,55.02459335327149,0.892760157585144,0.00218774122186,1986.5950927734373,0
2735,0.0127734439447522,0.007890629582107,171.6035003662109,0.3871455192565917,0.0050449399277567,234.86227416992188,3
2736,0.000156250083819,5.8593781432136886e-05,55.26519012451172,22.48706626892089,8.685552893439309e-05,12799.9931640625,4
2737,0.2971095442771912,0.2642970085144043,1678.57568359375,0.0480382926762104,0.0406577140092849,117.80166625976562,1
2738,0.198164165019989,0.0442773662507534,61.78638458251953,0.1659651100635528,0.0117683028802275,141.2969970703125,3
2739,0.005859378259629,3.906252095475793e-05,133.591064453125,2.5274357795715328,0.000772769737523,682.666259765625,4
2740,0.0310351736843586,0.0071679726243019,77.27046203613281,0.5327780842781067,0.0036659266334027,1933.2902832031248,0
2741,0.4864650964736937,0.2155079245567321,226.17634582519528,0.0267183780670166,0.0731007158756256,1077.158447265625,2
2742,0.4849221408367157,0.4534182250499725,81.40706634521484,0.0457130335271358,0.0427260287106037,228.90272521972656,3
2743,0.4882815182209015,0.4274025857448577,61.46692657470703,0.0183620862662792,0.1063670217990875,1030.1434326171875,2
2744,0.4765432178974152,0.0947852060198783,50.77067565917969,0.0769436806440353,0.0253839679062366,142.69430541992188,3
2745,0.4705080687999725,0.073476605117321,211.1374664306641,0.062854029238224,0.0310740228742361,163.6528778076172,3
2746,0.4882619678974152,0.4540627300739288,84.61065673828125,0.0131238829344511,0.1488221734762191,745.5014648437501,2
2747,0.3872658312320708,0.0085742231458425,270.39996337890625,0.0344186462461948,0.056746169924736,103.28822326660156,1
2748,0.4879494905471802,0.0996875539422035,50.335845947265625,0.0171812288463115,0.1136781424283981,1494.007080078125,2
2749,0.4882033765316009,0.4821877479553223,72.86333465576173,0.0382603220641612,0.0510484538972377,434.24526977539057,2
2750,0.0133398510515689,0.0054296902380883,51.78777694702149,0.6745375990867615,0.0028955023735761,2323.864013671875,0
2751,0.487676054239273,0.2470509111881256,92.0687255859375,0.0262916591018438,0.0742870420217513,1472.288818359375,2
2752,0.4867971241474152,0.1014648973941802,52.96648025512695,0.0498224794864654,0.0392014756798744,289.6483764648437,3
2753,5.8593781432136886e-05,3.906252095475793e-05,85.70428466796875,47.520118713378906,4.1101033275481313e-05,34133.31640625,4
2754,0.4878323078155517,0.0999805256724357,50.61305618286133,0.0421191044151783,0.0463714301586151,1106.937744140625,3
2755,0.1919336915016174,0.0750195682048797,58.65773391723633,0.7171921133995056,0.0027232889551669,72.94185638427734,4
2756,0.0039453147910535,0.0003710939490702,60.55724334716797,2.142999649047852,0.0009113976266235,4055.443115234375,0
2757,0.3489259779453277,0.0136523507535457,521.72412109375,0.030330091714859,0.0643954202532768,123.2353057861328,1
2758,0.2833595275878906,0.000527344061993,170.9595947265625,0.1082409396767616,0.0180441662669181,14.116341590881348,4
2759,0.480176031589508,0.4735549390316009,1028.9947509765625,0.0351100862026214,0.0556288287043571,695.5782470703125,2
2760,0.4155861735343932,0.0841016098856926,58.35862731933594,0.0449147783219814,0.0434854850172996,55.3435173034668,4
2761,0.3164259493350982,0.0620117522776126,53.195098876953125,0.0974269211292266,0.020047016441822,107.45010375976562,3
2762,0.487676054239273,0.4617971181869506,71.61420440673828,0.0299842413514852,0.0651381909847259,518.7869873046875,2
2763,7.812504190951586e-05,3.906252095475793e-05,776.8269653320312,40.98229217529297,4.765780613524839e-05,25599.986328125,4
2764,0.4393947720527649,0.3912306725978851,102.8505401611328,0.0364630408585071,0.0535644963383674,63.72401809692384,4
2765,0.2657032608985901,0.028339859098196,1267.4312744140625,0.2566236853599548,0.0076108537614345,7.527194023132323,4
2766,0.4207424223423004,0.0902734845876693,91.55728912353516,0.0496679730713367,0.0393234826624393,68.92578125,4
2767,0.486992448568344,0.2557032704353332,763.8024291992188,0.0407565161585807,0.047921597957611,655.0409545898438,2
2768,0.4882815182209015,0.473320573568344,97.31217193603516,0.0259948391467332,0.0751352310180664,518.1437377929688,2
2769,0.17013680934906,0.0231250114738941,14.89090347290039,0.0869085788726806,0.022473344579339,170.45106506347656,3
2770,0.2761329710483551,0.0905469208955764,53.23060607910156,0.0769030973315238,0.0253972113132476,105.02186584472656,3
2771,0.4882033765316009,0.2177735567092895,289.21484375,0.0238826517015695,0.0817801058292388,2478.475341796875,2
2772,0.3081056475639343,0.3080275058746337,173.3676605224609,0.1802916824817657,0.0108331637457013,16.228199005126953,4
2773,0.0925000458955764,0.0216211061924696,653.1045532226562,0.2682018280029297,0.0072822892107069,886.4860229492188,1
2774,0.467461198568344,0.1098242774605751,70.60303497314453,0.0330884270370006,0.0590274333953857,203.2254180908203,4
2775,0.0098828179761767,0.0046875025145709,54.279102325439446,0.8287987709045409,0.0023565727751702,2529.642822265625,0
2776,0.4882424473762512,0.4717971384525299,380.5559387207031,0.0255423765629529,0.0764663368463516,1788.046142578125,2
2777,0.3791994154453277,0.0915430188179016,6208.30078125,0.0256677716970443,0.0760924220085144,387.6588134765625,1
2778,0.0137109449133276,0.0002929689071606,62.55109024047852,3.503720760345459,0.0005574426613748,218.80329895019528,4
2779,0.4880861937999725,0.3359767496585845,77.24459075927734,0.0310972593724727,0.0628067776560783,407.71487426757807,3
2780,0.4840041697025299,0.3047267198562622,64.92460632324219,0.0345944613218307,0.0564576387405395,309.9146728515625,3
2781,0.387558788061142,0.0148437581956386,107.53921508789062,0.033096045255661,0.0590141117572784,87.72862243652342,1
2782,0.4246877133846282,0.2573243677616119,1688.4415283203125,0.1086224243044853,0.0179808568209409,14.128027915954588,4
2783,0.4832619726657867,0.0996484905481338,52.052005767822266,0.1154009252786636,0.0169246587902307,136.57188415527344,4
2784,0.2969142198562622,0.0279101710766553,1761.4486083984375,0.0732825845479965,0.0266520082950592,101.0392837524414,1
2785,0.4800197780132293,0.0994922444224357,53.13887405395508,0.0715147852897644,0.0273106694221496,291.6546630859375,3
2786,0.3457033038139343,0.0857226997613906,103.65970611572264,0.088847279548645,0.0219829678535461,208.27107238769528,3
2787,0.0412304922938346,0.005585940554738,131.2001190185547,0.2036205679178237,0.0095919948071241,242.53894042968756,0
2788,0.1465821117162704,0.0543164350092411,127.55709838867188,0.0745866000652313,0.0261859633028507,88.68749237060547,1
2789,0.4882424473762512,0.1471289843320846,345.7755432128906,0.0247000660747289,0.0790734887123107,1851.5391845703125,2
2790,0.3888869285583496,0.1918555647134781,154.46090698242188,0.0308734253048896,0.0632620975375175,79.71469116210938,1
2791,0.4875198006629944,0.3080275058746337,749.2875976562499,0.0228692032396793,0.085404060781002,1331.22802734375,2
2792,0.0157617274671793,0.0068554724566638,61.059478759765625,0.5103768706321716,0.0038268333300948,1776.455078125,0
2793,0.0002539063862059,0.000156250083819,61.48766326904297,18.24435234069824,0.0001070537400664,7876.918945312499,4
2794,0.4879494905471802,0.3082618713378906,58.25950241088867,0.0228937454521656,0.08531254529953,952.9674682617188,2
2795,0.3139845430850982,0.0212304797023534,5853.35400390625,0.0374410077929496,0.0521653480827808,111.470458984375,1
2796,0.488164335489273,0.0251757949590682,269.9337463378906,0.0224516056478023,0.086992397904396,1485.1556396484375,2
2797,0.0142382886260747,0.0049804714508354,57.12228775024414,0.4937098920345306,0.0039560245350003,2036.7615966796875,0
2798,0.2885743677616119,0.1440039873123168,106.51286315917967,0.0425278805196285,0.045925673097372,100.49402618408205,1
2799,0.2213477790355682,0.002949220361188,51.45246505737305,0.1528196632862091,0.0127805415540933,36.14221954345703,3
2800,0.3248439133167267,0.0034375018440186,90.97537994384764,0.1395896822214126,0.0139918699860572,126.21446228027344,3
2801,0.058632843196392,0.0113867251202464,52.60593795776367,0.1536997556686401,0.0127073964104056,119.38701629638672,3
2802,0.2964454591274261,0.0231054816395044,5860.3291015625,0.0434752218425273,0.0449246726930141,104.57235717773436,1
2803,7.812504190951586e-05,3.906252095475793e-05,79.17916107177734,37.07523727416992,5.268007225822657e-05,25599.986328125,4
2804,0.0001171875628642,3.906252095475793e-05,80.81336975097656,28.751525878906246,6.793121428927407e-05,17066.658203125,4
2805,0.2925978004932403,0.2900782823562622,207.1289978027344,0.0678859129548072,0.0287707764655351,208.477294921875,3
2806,0.0147070391103625,0.0096484422683715,79.89202117919923,0.6190396547317505,0.0031550901476293,3807.700439453125,3
2807,0.0055273468606173,0.000527344061993,84.36243438720702,1.7895933389663696,0.0010913800215348,3075.61669921875,0
2808,0.4862698018550873,0.4044533371925353,520.14453125,0.0345055200159549,0.0566033832728862,1246.2218017578125,2
2809,9.765630238689482e-05,3.906252095475793e-05,67.60102844238281,34.781490325927734,5.615418194793165e-05,20479.98828125,4
2810,0.0106445373967289,0.0028710952028632,67.26680755615233,0.7903776168823241,0.0024711317382752,2442.5673828125,0
2811,0.2407032549381256,0.1724414974451065,278.9107360839844,0.0590246990323066,0.0330900773406028,70.62638092041016,1
2812,0.0180859472602605,0.0001953126047737,125.05082702636716,0.3999712467193604,0.0048831710591912,110.58309173583984,4
2813,0.3161134421825409,0.2680860757827759,1994.4816894531248,0.037145260721445,0.0525809377431869,148.68080139160156,1
2814,0.4881447851657867,0.1271094381809234,75.12643432617188,0.0212400872260332,0.0919547453522681,1335.6693115234375,2
2815,0.0414648652076721,0.010097661986947,211.01837158203125,0.4737396836280823,0.0041227820329368,458.21926879882807,0
2816,0.0161718837916851,0.0003320314281154,168.45037841796875,1.1329785585403442,0.0017238847212865,1174.8785400390625,3
2817,0.0133007885888218,0.0049023465253412,924.0927124023436,0.6733915805816649,0.0029004281386733,2405.872314453125,0
2818,0.4877736866474152,0.2893751561641692,183.5596618652344,0.0208319816738367,0.0937562435865402,1670.8568115234375,2
2819,0.4873830676078796,0.4258400797843932,92.17534637451172,0.0434842854738235,0.0449157990515232,738.6387329101561,2
2820,0.3986720740795136,0.1842969805002212,136.74459838867188,0.0261940490454435,0.0745641142129898,122.90803527832033,1
2821,0.1553907096385955,0.000156250083819,2270.576416015625,1.099862575531006,0.0017757940804585,19.30617332458496,4
2822,0.484551042318344,0.3334962725639343,59.8440055847168,0.2677193582057953,0.0072954259812831,55.72168350219727,4
2823,0.0408789291977882,0.0051953154616057,67.05059814453125,0.351584643125534,0.0055552083067595,171.23736572265625,3
2824,0.0126562565565109,0.0041210958734154,71.14643096923828,0.4231106936931609,0.0046161049976944,316.0492248535156,3
2825,0.488164335489273,0.0027343765832483,195.32882690429688,0.0224939137697219,0.0868294611573219,2607.728515625,2
2826,0.4876565039157867,0.2816993594169616,64.07980346679688,0.0176377035677433,0.110735461115837,574.1746215820312,2
2827,0.013281256891787,0.0025390638038516,86.90367889404298,0.6086612343788146,0.0032088877633214,1430.5875244140625,0
2828,0.0002148438652511,0.0001171875628642,4423.35888671875,13.014739990234377,0.000150070307427,9309.0859375,4
2829,0.2175782471895217,0.127480536699295,3342.4296875,0.0611198991537094,0.0319557152688503,137.8814239501953,1
2830,0.483281522989273,0.010585943236947,261.32470703125,0.024582652375102,0.079450786113739,82.76749420166014,1
2831,0.3882423937320708,0.0952930226922035,111.70500183105467,0.0305629428476095,0.0639048442244529,118.48268127441406,1
2832,0.308066576719284,0.0153320394456386,5147.5888671875,0.0393673367798328,0.0496127866208553,155.8104705810547,1
2833,0.0822852030396461,0.0645312815904617,3581.8037109375,0.0932449847459793,0.0209462586790323,315.97418212890625,4
2834,0.2848438918590545,0.0104687558487057,119.15690612792967,0.0398945473134517,0.048957210034132,126.38501739501952,1
2835,0.0215429794043302,0.0214843861758708,75.31515502929686,1.866082668304444,0.0010466446401551,185.6753387451172,4
2836,0.487187772989273,0.4116994440555573,464.0588684082031,0.0251411367207765,0.0776863172650337,1397.818359375,2
2837,0.3924025595188141,0.0056054717861115,62.42014694213867,0.0623161718249321,0.0313422158360481,96.83932495117188,3
2838,0.0722461342811584,0.0060546905733644,292.3428955078125,0.4958156943321228,0.0039392169564962,761.286376953125,3
2839,0.1158203780651092,0.1157227158546447,84.10298156738281,1.414461612701416,0.0013808269286528,34.536235809326165,4
2840,0.2138868272304535,0.0893164575099944,131.9544219970703,0.1664426475763321,0.0117345163598656,18.70147895812988,4
2841,0.4380275905132293,0.0261523574590682,186.654052734375,0.0302090048789978,0.0646538585424423,66.20587158203125,1
2842,0.3452540934085845,0.0103515684604644,409.5378723144531,0.0312498919665813,0.0624999888241291,110.06386566162108,1
2843,0.4863088428974152,0.4604690074920654,1082.2698974609375,0.0319138765335083,0.0611997880041599,1198.82666015625,2
2844,0.4068947434425353,0.0231836065649986,66.65679931640625,0.0847646594047546,0.0230418127030134,154.83119201660156,3
2845,0.046875026077032,0.0027148451190441,69.11137390136719,0.2772276699542999,0.0070452080108225,469.33306884765625,3
2846,0.4853713512420654,0.046875026077032,395.3822021484375,0.0267249941825866,0.0730827450752258,2177.714111328125,2
2847,0.31732439994812,0.0100390678271651,390.4061279296875,0.0361511632800102,0.0540265664458274,119.75127410888672,1
2848,0.222754031419754,0.1475196033716201,290.7182006835937,0.0584678314626216,0.0334051847457885,71.8281021118164,1
2849,0.4882815182209015,0.0001757813442964,187.17921447753903,0.0318819060921669,0.0612615197896957,71.67996215820312,1
2850,0.0148828206583857,0.0024023449514061,52.66931152343751,0.6931427121162416,0.0028177858330309,2150.130126953125,0
2851,0.4879494905471802,0.078847698867321,964.9006958007812,0.0227944906800985,0.0856841281056404,1453.019287109375,2
2852,0.0002148438652511,5.8593781432136886e-05,59.92607879638672,32.0396614074707,6.095962817198597e-05,13963.62890625,4
2853,0.4876565039157867,0.0584570616483688,63.63091659545898,0.0239478144794702,0.0815576389431953,631.5921020507812,2
2854,0.1251758486032486,0.0815430134534835,62.62926864624024,0.1417602747678756,0.0137776741757988,143.79771423339844,4
2855,0.0057421904057264,0.0003710939490702,91.59867095947264,1.2295950651168823,0.0015884314198046,3134.6923828125,0
2856,0.4864065051078796,0.1649805605411529,58.639747619628906,0.0192410703748464,0.1015086024999618,581.81787109375,2
2857,0.4862502515316009,0.1980469822883605,263.7877502441406,0.0282479654997587,0.0691423714160919,1256.5545654296875,2
2858,0.0003320314281154,0.0002734376466833,93.58145904541016,8.7839994430542,0.0002223504416178,6023.5263671875,4
2859,0.4876565039157867,0.2699610888957977,1071.058349609375,0.0328832939267158,0.0593953430652618,955.5906372070312,2
2860,0.3031446933746337,0.0315039232373237,546.4638671875,0.0425346568226814,0.0459183752536773,89.06637573242188,1
2861,0.0003320314281154,0.0001953126047737,109.96187591552734,10.937931060791016,0.0001785644999472,9035.2890625,4
2862,0.373867392539978,0.0012109382078051,73.29695892333984,0.3691020607948303,0.0052915695123374,90.94133758544922,3
2863,0.4879104197025299,0.0997461453080177,56.06201553344727,0.0455681793391704,0.042861882597208,260.2936706542969,3
2864,0.129921942949295,0.0779687911272049,415.0210571289063,0.8875507712364196,0.0022005811333656,38.48464584350586,4
2865,0.0301172044128179,0.0097460988909006,101.56135559082033,0.4039303958415984,0.0048353066667914,830.0903320312499,3
2866,0.3857619166374207,0.3404689431190491,574.2323608398438,0.1211786493659019,0.0161177739500999,62.21453857421875,1
2867,0.0232617314904928,0.0136914132162928,54.21442794799805,0.5605964660644531,0.003484015353024,2493.365478515625,3
2868,0.3092189133167267,0.0659180060029029,107.7642822265625,0.1009119227528572,0.0193548128008842,168.1656494140625,3
2869,9.765630238689482e-05,3.906252095475793e-05,372.5408325195313,32.87405014038086,5.941239942330867e-05,20479.98828125,4
2870,0.1773438453674316,0.1673633754253387,144.4421234130859,0.108153223991394,0.0180588439106941,253.74435424804688,3
2871,0.3017775118350982,0.0300781410187482,79.1072311401367,0.1514428257942199,0.0128968078643083,159.0575714111328,3
2872,0.2535938918590545,0.1169727221131324,87.97606658935545,0.0698205232620239,0.0279736183583736,516.573974609375,3
2873,0.0736133232712745,0.0529101863503456,3356.950927734375,0.1176428645849228,0.0166021641343832,190.18296813964844,1
2874,0.4811721444129944,0.3071486055850982,1280.0814208984375,0.0273931212723255,0.0713000148534774,1207.468017578125,2
2875,0.1695899367332458,0.0004101564700249,51.950008392333984,0.2997989058494568,0.0065148239955306,41.27603530883789,3
2876,0.400898665189743,0.2729884386062622,7227.57568359375,0.0321852266788482,0.0606840923428535,222.0012359619141,1
2877,0.0158007889986038,0.0081835985183715,78.23450469970702,0.5378202795982361,0.0036315615288913,2025.21533203125,0
2878,0.1929883807897568,0.0030273452866822,65.02410888671875,0.145707368850708,0.0134044615551829,77.72488403320312,3
2879,0.0900391116738319,0.0267187636345624,93.478271484375,0.1277427673339843,0.0152895161882042,832.9713745117188,3
2880,0.4863283932209015,0.0726953521370887,67.51630401611328,0.0255576539784669,0.07642063498497,664.1602783203125,2
2881,0.316074401140213,0.0096484422683715,3091.1474609375,0.0413980856537818,0.0471790991723537,155.02679443359375,1
2882,0.0108203180134296,0.0019335948163643,395.7925720214844,0.8834555745124816,0.0022107814438641,4343.68017578125,0
2883,0.0962500497698783,0.0140429763123393,294.5047607421875,0.1276513934135437,0.0153004694730043,155.8440704345703,1
2884,0.271289199590683,0.1537696123123168,165.25384521484375,0.0763961374759674,0.0255656782537698,346.49371337890625,3
2885,0.2515431046485901,0.0013476569438353,128.785400390625,0.3396185934543609,0.005750925745815,51.68100357055664,3
2886,0.4807619750499725,0.225703239440918,84.40681457519531,0.0480842366814613,0.0406187437474727,447.2067565917969,3
2887,0.0131640695035457,0.0068359412252902,80.3463363647461,0.5724694132804872,0.0034117579925805,2734.716552734375,0
2888,0.4877541661262512,0.1834766566753387,235.98391723632807,0.0263878349214792,0.0740155801177024,1474.103271484375,2
2889,0.0003906252095475,9.765630238689482e-05,4012.586181640625,8.1026611328125,0.0002410474990028,5119.9970703125,4
2890,0.4170510172843932,0.0621484704315662,50.90426635742188,0.0486282631754875,0.0401642695069313,153.4584503173828,3
2891,0.4862893223762512,0.3326173722743988,5342.93310546875,0.032069519162178,0.0609027482569217,139.8344573974609,1
2892,0.1600977480411529,0.0058203157968819,56.13389587402344,0.144788771867752,0.0134894866496324,49.9694709777832,3
2893,0.2589259147644043,0.1052930280566215,1270.882080078125,0.0418533906340599,0.0466658696532249,131.3116912841797,1
2894,0.0129296947270631,0.0048828152939677,156.98255920410156,0.6206786036491394,0.0031467599328607,2552.264404296875,0
2895,0.0785742625594139,0.0785351991653442,84.42236328125,2.17871618270874,0.0008964569424279,76.36088562011719,4
2896,0.3337306380271912,0.0022656260989606,55.756927490234375,0.2200161069631576,0.0088771637529134,119.85713958740234,3
2897,0.4863674342632293,0.1869141608476638,56.410587310791016,0.0229422636330127,0.085132285952568,659.994873046875,2
2898,0.0781836360692977,0.0669531598687172,64.26932525634766,0.2410749644041061,0.0081017408519983,153.48480224609375,4
2899,0.2433009147644042,0.0034179706126451,63.17177963256836,0.035481508821249,0.0550463683903217,361.6920166015625,3
2900,0.4882815182209015,0.1440625786781311,440.7982177734375,0.0327883176505565,0.0595677904784679,1597.4390869140625,2
2901,0.4871682226657867,0.3423244059085845,810.0408935546875,0.0293000899255275,0.0666591301560401,1837.1477050781248,2
2902,0.0665820688009262,0.0067578162997961,674.3532104492188,1.9615689516067505,0.000995697802864,90.11434936523438,4
2903,0.4882815182209015,0.0605273768305778,80.57868957519531,0.0238061975687742,0.0820427611470222,1431.55126953125,2
2904,0.2941017150878906,0.0320703312754631,55.42676162719727,0.0483238846063613,0.0404174253344535,312.81695556640625,3
2905,0.0147265708073973,0.0045898463577032,53.05287170410156,0.639697790145874,0.003053203690797,1901.3251953125,0
2906,0.0003515626885928,5.8593781432136886e-05,95.13578033447264,19.19096946716308,0.0001017731774481,8533.3291015625,4
2907,0.2544337213039398,0.1872266680002212,112.22318267822264,0.0359689220786094,0.054300457239151,117.90889739990234,1
2908,0.4882229268550873,0.1877735406160354,80.1384506225586,0.0162622258067131,0.1201016828417778,743.5128173828125,2
2909,0.3189259469509125,0.0036328143905848,441.9065856933594,0.0328520350158214,0.0594521351158618,112.87886810302734,1
2910,0.0822852030396461,0.0028710952028632,65.78800964355469,0.4803707897663117,0.0040658642537891,340.2798767089844,3
2911,0.3930470943450928,0.1078906804323196,102.79816436767578,0.0196769945323467,0.0992586091160774,104.31320190429688,1
2912,0.4881252646446228,0.4114260077476501,164.44189453125,0.0208031348884105,0.0938862264156341,1561.07470703125,2
2913,0.4453127384185791,0.0972070842981338,81.08026885986328,0.0861726030707359,0.0226652268320322,69.61399841308594,3
2914,0.0519726835191249,0.0063281282782554,54.97794723510742,0.172786995768547,0.0113036790862679,288.6131591796875,3
2915,0.382187694311142,0.0009179692715406,82.55717468261719,0.2285071164369583,0.0085473349317908,128.20925903320312,3
2916,0.4297658503055573,0.0965234860777854,82.71428680419923,0.0479938499629497,0.0406951755285263,32.57587814331055,4
2917,7.812504190951586e-05,3.906252095475793e-05,50.07785034179688,44.697265625,4.369677117210813e-05,25599.986328125,4
2918,0.0110937561839818,0.0013867195229977,69.57585906982422,0.9059888124465942,0.0021557952277362,2073.23828125,0
2919,0.3871681690216064,0.3844533264636993,174.25503540039062,0.0324718467891216,0.060148112475872,111.06285095214844,1
2920,0.485722929239273,0.3895705342292785,130.9029998779297,0.0194131378084421,0.1006087660789489,664.9881591796875,2
2921,0.3249220550060272,0.0413086153566837,60.965091705322266,0.048850767314434,0.0399812795221805,2265.15869140625,4
2922,0.4881447851657867,0.1271485090255737,55.92534637451172,0.0130883371457457,0.149226039648056,745.680419921875,2
2923,0.4876369833946228,0.3223634660243988,744.1915893554686,0.0258227717131376,0.0756355598568916,2163.49462890625,2
2924,0.0048632840625941,0.0022265636362135,372.1510620117188,1.3952418565750122,0.0013998474460095,3289.9580078125,0
2925,0.488164335489273,0.0999609902501106,55.2386589050293,0.0196789409965276,0.0992499813437461,1014.0028076171876,2
2926,0.4847854077816009,0.3388868868350982,273.1366271972656,0.0263420231640338,0.0741451904177665,84.57350158691406,1
2927,0.0117382872849702,0.0024804701097309,144.94839477539062,0.7249596118927003,0.0026941152755171,2470.5478515625,0
2928,0.0190820414572954,0.0076367226429283,75.77094268798828,0.5691808462142944,0.0034314680378884,2043.8065185546875,3
2929,0.4882815182209015,0.0616211257874965,153.31103515625,0.016967337578535,0.1151109039783477,651.263671875,2
2930,0.483105719089508,0.3469337821006775,55.05830764770508,0.0173537954688072,0.1125483289361,538.1845092773438,2
2931,0.4881252646446228,0.4522658586502075,56.28461837768555,0.0170525815337896,0.1145358756184578,555.1853637695312,2
2932,0.0370508022606372,0.000156250083819,4458.486328125,0.267991691827774,0.0072880159132182,53.97993850708008,4
2933,0.3498048782348633,0.0971289575099944,86.98349761962889,0.1411670446395874,0.0138355735689401,48.5985221862793,3
2934,0.4882424473762512,0.4875588417053223,114.7618179321289,0.0425639189779758,0.0458868891000747,210.9607696533203,3
2935,0.475761979818344,0.0944141149520873,51.93959426879882,0.0351876206696033,0.0555060133337974,397.2574768066406,4
2936,0.4882033765316009,0.3214259445667267,793.6424560546875,0.0185927860438823,0.1050475984811782,1876.2672119140625,2
2937,0.2182618379592895,0.0046093775890767,81.78836059570312,0.1933211833238601,0.0101030357182025,87.05140686035155,3
2938,0.3255079984664917,0.0074414103291928,149.36048889160156,0.1700151413679123,0.0114879570901393,79.87515258789062,3
2939,0.2993556261062622,0.295195460319519,234.11415100097656,0.1640403121709823,0.0119063714519143,13.36203384399414,4
2940,0.3093360960483551,0.0058203157968819,5470.14599609375,0.0330416783690452,0.0591107048094272,216.59289550781247,1
2941,7.812504190951586e-05,1.9531260477378964e-05,53.17565155029297,33.41056823730469,5.845832492923364e-05,25599.986328125,4
2942,0.3694533109664917,0.1025000512599945,152.23556518554688,0.0284976903349161,0.06853649020195,121.80158996582033,1
2943,0.3182228207588196,0.151347741484642,75.87252044677734,0.0822845920920372,0.0237361602485179,128.84054565429688,3
2944,0.0732812881469726,0.0061523471958935,716.978759765625,0.1153481528162956,0.0169324520975351,163.75257873535156,1
2945,0.4843166768550873,0.0586523748934268,61.254581451416016,0.2348648905754089,0.0083159701898694,70.2020034790039,4
2946,0.0147656332701444,0.0033007829915732,105.92411804199216,0.4806748926639557,0.0040632998570799,2167.194580078125,0
2947,0.3035743832588196,0.2977345287799835,167.3239593505859,0.127974659204483,0.0152618801221251,19.76451301574707,4
2948,0.3362697064876556,0.1506446152925491,626.6632080078125,0.0318619906902313,0.0612998083233833,139.7687530517578,1
2949,0.2473634183406829,0.0074414103291928,5397.05126953125,0.0901629775762558,0.0216622054576873,97.02323913574216,1
2950,0.3728712797164917,0.3728126883506775,931.0064086914062,1.912739872932434,0.0010211126646026,13.409453392028809,4
2951,0.4832619726657867,0.0012109382078051,3606.5751953125,0.0613619461655616,0.0318293944001197,88.97865295410156,1
2952,0.0122461002320051,0.0026367201935499,274.0220642089844,0.7715960741043091,0.0025312795769423,1714.8316650390625,0
2953,0.1052344292402267,0.0040039084851741,205.3785095214844,0.4629163146018981,0.0042191902175545,161.54408264160156,3
2954,0.0117968814447522,0.0027343765832483,50.753021240234375,0.7276157736778259,0.0026842816732823,1949.6678466796875,0
2955,0.3982228636741638,0.0118554746732115,72.98703002929686,0.0685651302337646,0.0284857004880905,72.82353973388672,3
2956,0.4432619512081145,0.3329298794269562,7055.92333984375,0.0379234477877616,0.0515018552541732,175.9681854248047,1
2957,0.3586134612560272,0.0968164578080177,1526.9761962890625,0.0552457869052886,0.035353310406208,89.2325668334961,1
2958,0.4583596289157867,0.0844727009534835,55.69826889038086,0.0547330193221569,0.0356844626367092,257.4397888183594,3
2959,0.4789065122604369,0.31439471244812,399.3313598632813,0.0326036810874938,0.0599051862955093,81.43551635742188,4
2960,0.4853713512420654,0.3198634386062622,403.2781982421875,0.0299223139882087,0.0652732923626899,1304.1561279296875,2
2961,0.0155664142221212,0.005859378259629,74.11705780029295,0.8156824707984924,0.0023944706190377,1349.0582275390625,0
2962,0.0002734376466833,0.0001953126047737,80.65363311767578,13.12827491760254,0.0001487724948674,7314.28173828125,4
2963,0.0140625070780515,0.0043945335783064,64.30370330810547,0.6676363945007324,0.0029254371766,4053.331298828125,0
2964,0.2513868510723114,0.0984180197119712,68.0180892944336,0.1257025003433227,0.0155377350747585,103.42625427246092,3
2965,0.4841994643211365,0.2050977647304535,68.3308334350586,0.0424085445702076,0.0460550561547279,952.086975097656,3
2966,0.3494337797164917,0.0428320541977882,50.898536682128906,0.1043558269739151,0.0187161080539226,71.5443115234375,3
2967,0.3097853362560272,0.0870117619633674,55.137020111083984,0.0845009014010429,0.0231137908995151,103.29733276367188,3
2968,0.2241798043251037,0.0066406284458935,112.2026138305664,0.0552806071937084,0.035331230610609,129.36044311523435,1
2969,0.300078272819519,0.0235156379640102,78.66416168212889,0.1181823536753654,0.0165263656526803,29.992174148559567,3
2970,0.2904493808746337,0.018339853733778,1803.6884765625,0.067885510623455,0.0287708323448896,113.6170425415039,1
2971,0.0081640668213367,0.0020507823210209,263.3825988769531,1.1475588083267212,0.0017019829247146,4164.59130859375,0
2972,0.2740821838378906,0.1608399301767349,101.29568481445312,0.0705721005797386,0.0276757087558507,306.4774169921875,3
2973,0.4872463643550873,0.0815039500594139,470.81451416015625,0.0266555435955524,0.0732731893658638,1918.9471435546875,2
2974,0.2331055998802184,0.0016992196906358,96.18827056884764,1.0413302183151243,0.0018756112549453,30.0293083190918,4
2975,0.3147071897983551,0.0096484422683715,856.2700195312499,0.0434832051396369,0.0449166819453239,73.08380889892578,1
2976,0.0286328271031379,0.0032421892974525,5062.234375,0.28909832239151,0.0067559196613729,419.0993652343751,1
2977,0.4882815182209015,0.2648048400878906,54.368499755859375,0.0189470741897821,0.1030830815434455,1275.9033203125,2
2978,0.3551759719848633,0.0024023449514061,300.23297119140625,0.0298452042043209,0.0654419660568237,146.4062957763672,1
2979,0.487988531589508,0.0196875110268592,183.71710205078125,0.0281863063573837,0.0692929401993751,1473.395263671875,2
2980,0.2082032412290572,0.1068750545382499,94.9567413330078,0.0393790267407894,0.0495980940759182,124.87797546386716,1
2981,0.2390040308237076,0.1858008801937103,4447.69482421875,0.0698427334427833,0.0279646087437868,96.2326889038086,1
2982,0.4882815182209015,0.3846681714057922,80.01534271240233,0.0205338075757026,0.0951177105307579,1058.8154296875,2
2983,0.487676054239273,0.4472267925739288,185.2276306152344,0.0297185387462377,0.0657207816839218,1021.169677734375,2
2984,0.4338283538818359,0.050781276077032,50.4532585144043,0.0580955296754837,0.0336191691458225,57.6264762878418,3
2985,0.4879299402236937,0.4166213274002075,144.00575256347656,0.0189570896327495,0.1030286401510238,1471.522705078125,2
2986,0.111171931028366,0.0138281323015689,71.5196304321289,0.1654696315526962,0.0118035105988383,413.77349853515625,3
2987,0.1256055384874344,0.0994141176342964,55.18421173095703,0.1235677897930145,0.0158061329275369,222.92010498046875,3
2988,0.0072656287811696,0.0013671882916241,54.44132614135742,1.425975322723389,0.0013696774840354,2890.321044921875,0
2989,9.765630238689482e-05,3.906252095475793e-05,2823.298583984375,32.45237731933594,6.018438216415234e-05,20479.98828125,4
2990,0.2767970263957977,0.0016406258800998,2902.7783203125,0.0542398951947689,0.0360088907182216,155.34849548339844,1
2991,0.4616799354553223,0.2697266936302185,131.52456665039062,0.0509764663875102,0.0383143313229084,51.98406600952149,4
2992,0.2857032716274261,0.0057617216370999,392.5040893554688,0.1980708688497543,0.0098607446998357,143.5055389404297,3
2993,0.4769143164157867,0.470410406589508,373.17678833007807,0.0320302881300449,0.0609775111079216,576.6234741210938,2
2994,0.4007424116134644,0.0125195384025573,50.81813430786133,0.0774460062384605,0.0252193231135606,62.38421249389648,3
2995,0.1883008778095245,0.0127343814820051,603.085205078125,0.2679110169410705,0.0072902208194136,37.1745491027832,4
2996,0.486211210489273,0.324687659740448,59.10667419433594,0.0175722669810056,0.1111484393477439,625.24267578125,2
2997,0.4862307310104369,0.4502932131290436,478.3067626953125,0.0221976228058338,0.0879881754517555,1826.29345703125,2
2998,0.3006251752376556,0.0766992568969726,69.74854278564453,0.128830000758171,0.0151604861021041,306.0289306640625,3
2999,0.2493360638618468,0.0030859392136335,66.74703979492188,0.1438692510128021,0.0135757364332675,52.138465881347656,3
3000,0.0349804870784282,0.0349218919873237,3058.498046875,3.662341117858887,0.0005333003937266,142.93682861328125,4
3001,0.4683791697025299,0.0808203592896461,61.5808219909668,0.0826881006360054,0.0236203353852033,40.565425872802734,3
3002,9.765630238689482e-05,3.906252095475793e-05,59.80434417724609,51.71375274658203,3.776801895583048e-05,30719.984375,4
3003,0.3250783085823059,0.0131054753437638,340.2726745605469,0.0332542620599269,0.05873279646039,135.3520050048828,1
3004,0.0044335960410535,0.0022656260989606,636.7640380859375,1.5776379108428955,0.0012380067491903,3834.359130859375,0
3005,0.3869728744029999,0.1178125664591789,335.9490661621094,0.0426589995622634,0.0457844659686088,105.95057678222656,1
3006,0.0142968827858567,0.0142187578603625,1741.808349609375,2.9317450523376465,0.0006661990191787,629.5078735351562,4
3007,0.3159376680850982,0.0071484413929283,7927.55078125,0.024172693490982,0.0807987228035926,341.8395690917969,1
3008,0.387539267539978,0.322734534740448,237.3779754638672,0.1221385672688484,0.0159910526126623,103.21534729003906,3
3009,0.4882815182209015,0.0643945634365081,347.57733154296875,0.020154608413577,0.0969070196151733,796.6715698242188,2
3010,0.2169923037290572,0.004238283727318,52.839630126953125,0.0983025059103965,0.0198684856295585,179.72987365722656,3
3011,0.4881252646446228,0.4001759886741638,50.91176605224609,0.0401956625282764,0.0485905036330223,331.88201904296875,3
3012,0.1415039747953415,0.0035742206964641,90.70301055908205,0.144197016954422,0.0135448491200804,91.87020874023438,3
3013,0.1760938465595245,0.0033984393812716,291.9715576171875,0.0469810478389263,0.0415725894272327,147.64854431152344,1
3014,0.486035406589508,0.121386781334877,74.85065460205078,0.0222509913146495,0.0877767205238342,1366.1556396484375,3
3015,0.4877736866474152,0.109550841152668,216.9781188964844,0.020325917750597,0.0960906744003296,1072.218505859375,2
3016,0.3720314502716064,0.1993946433067321,344.8454895019531,0.0354729704558849,0.0550596602261066,88.70217895507811,1
3017,0.2637892067432403,0.0016406258800998,64.1413803100586,0.207792431116104,0.0093993945047259,109.93626403808592,3
3018,0.488164335489273,0.0952148959040641,59.884143829345696,0.0192162860184907,0.1016393676400184,956.6450805664062,2
3019,0.2420118451118468,0.0025976577308028,65.76344299316406,0.1850579231977462,0.010554140433669,256.1858215332031,3
3020,0.0379883013665676,0.0075390664860606,82.20008850097656,0.2967250645160675,0.0065822736360132,421.1822814941406,3
3021,0.2853517234325409,0.1000195816159248,50.94204711914063,0.166459172964096,0.011733366176486,56.07115173339844,3
3022,0.4881057441234588,0.2710157632827759,297.0192565917969,0.0252262987196445,0.0774247720837593,1106.317626953125,2
3023,0.4866409003734588,0.2123243361711502,5912.72119140625,0.043495949357748,0.0449035726487636,108.90987396240234,1
3024,0.4882815182209015,0.2050782293081283,195.088623046875,0.0200472176074981,0.0974264442920684,684.0316162109375,2
3025,0.4593752324581145,0.1060547456145286,55.958595275878906,0.0245529543608427,0.0795472711324691,363.5372314453125,3
3026,0.4848049581050873,0.0594140961766243,280.3710021972656,0.0343929007649421,0.0567892491817474,61.88055419921875,1
3027,0.3325587809085845,0.0100781302899122,551.2388305664064,0.0345541909337043,0.0565235689282417,87.20262908935545,1
3028,0.4882815182209015,0.4624025821685791,244.23745727539065,0.0258962363004684,0.075421318411827,77.82395935058594,1
3029,0.1170703768730163,0.0784375444054603,55.460086822509766,0.1156506612896919,0.0168881770223379,392.9260559082031,3
3030,0.4882815182209015,0.2178516834974288,187.3798217773437,0.0297100581228733,0.0657394751906395,79.87195587158203,3
3031,0.4576174318790436,0.0891016125679016,52.53282928466797,0.071924589574337,0.0271551292389631,146.41050720214844,3
3032,0.3291798532009125,0.232754036784172,114.06463623046876,0.0326461009681224,0.0598273500800132,115.43841552734376,1
3033,0.4878323078155517,0.477246344089508,296.74224853515625,0.021291397511959,0.0917328894138336,1533.313720703125,2
3034,0.4881057441234588,0.294414222240448,815.320068359375,0.0177206043154001,0.110218234360218,1663.573974609375,2
3035,0.3803713023662567,0.0970508307218551,60.042327880859375,0.0832996740937233,0.0234469734132289,239.2399139404297,3
3036,0.1407617926597595,3.906252095475793e-05,53.59161758422852,1.0498241186141968,0.0018604286015033,49.72940444946289,4
3037,0.3044337630271912,0.0148828206583857,320.1679077148437,0.0456194058060646,0.042813554406166,82.11966705322266,1
3038,0.4882815182209015,0.4709572792053223,85.72050476074217,0.0253919512033462,0.0769191533327102,626.6876831054688,2
3039,0.0131054753437638,0.0081445360556244,239.53601074218756,0.566125214099884,0.0034499859903007,2594.33544921875,0
3040,0.000156250083819,9.765630238689482e-05,2881.776611328125,22.186355590820312,8.80327497725375e-05,12799.9931640625,4
3041,0.0331836119294166,0.0039453147910535,146.92739868164062,0.3504241704940796,0.0055736028589308,1356.091064453125,0
3042,0.0170117281377315,0.0046484400518238,233.5608062744141,0.5357992649078369,0.00364525988698,1058.093505859375,0
3043,0.281035304069519,0.2082618325948715,978.1300659179688,0.0653869733214378,0.0298703107982873,42.69926071166992,1
3044,0.2980275154113769,0.2456056028604507,229.15997314453125,0.0770727172493934,0.0253413207828998,540.2185668945312,3
3045,0.1039453670382499,0.0858789533376693,51.86659622192384,0.1392672657966613,0.0140243237838149,288.6131591796875,3
3046,0.479668229818344,0.1856836974620819,460.7225036621094,0.0240977965295314,0.0810496360063552,700.4841918945312,2
3047,0.0096484422683715,0.0014648445649072,270.7045593261719,0.8864912986755371,0.0022032083943486,725.5057373046875,0
3048,0.0008789066923782,3.906252095475793e-05,1210.8482666015625,19.576152801513672,9.977067384170368e-05,3413.33154296875,4
3049,0.3337892293930053,0.0199609473347663,2669.69873046875,0.0594052374362945,0.0328780114650726,71.90166473388672,1
3050,0.000527344061993,0.000468750251457,1437.7808837890625,7.339991569519043,0.0002660938189364,3792.5903320312495,4
3051,0.2666603028774261,0.035292986780405,5961.853515625,0.0618974082171916,0.0315542742609977,86.25205993652342,1
3052,0.254687637090683,0.0032617205288261,74.69051361083984,0.1282259672880172,0.0152319222688674,19.63189125061035,3
3053,0.0113086001947522,0.0039062518626451,77.31946563720702,0.7109239101409912,0.0027473049703985,2829.704833984375,0
3054,0.0133593818172812,0.0035156267695128,221.508041381836,0.5936105251312256,0.0032902490347623,2320.466552734375,0
3055,0.4861330687999725,0.2445118427276611,360.33984375,0.0265298876911401,0.0736202299594879,966.8134765625,2
3056,0.477226823568344,0.0951172411441802,68.76612091064453,0.0386233329772949,0.0505683943629264,69.14950561523438,4
3057,0.1132422462105751,0.0091796927154064,273.7302551269531,0.0705252438783645,0.0276939552277326,123.62877655029295,1
3058,0.2943165600299835,0.0019531259313225,89.59596252441406,0.1553749442100525,0.012570422142744,27.181617736816406,3
3059,0.3172853291034698,0.0045507838949561,443.3685302734375,0.0397849231958389,0.0490920841693878,85.09690856933594,1
3060,0.1900391578674316,0.0479101836681366,2625.658935546875,0.0974327996373176,0.0200458336621522,184.17257690429688,4
3061,0.3972072303295136,0.0224023554474115,53.93112182617188,0.0953384712338447,0.0204861499369144,30.21092987060547,3
3062,0.3047267198562622,0.0153320394456386,6490.74560546875,0.0309747420251369,0.0630556568503379,187.05284118652344,1
3063,0.1013867706060409,0.0983398929238319,74.07826232910156,0.2517034411430359,0.0077596213668584,69.04254150390625,3
3064,0.1180078759789466,0.07847660779953,1127.340087890625,0.0565642043948173,0.0345293022692203,262.6943359375,1
3065,0.2425782531499862,0.070429727435112,57.803218841552734,0.0685064047574997,0.0285100769251585,127.79381561279295,3
3066,0.0143750077113509,0.0087500046938657,297.0154724121094,0.4797615110874176,0.0040710307657718,2713.0419921875,0
3067,0.020976573228836,0.0065625035203993,74.38306427001953,0.3696271479129791,0.0052840481512248,1382.49462890625,0
3068,0.4066213071346282,0.1178320944309234,130.20852661132812,0.0229898076504468,0.0849560499191284,132.80169677734375,1
3069,0.484472930431366,0.0603711269795894,216.56648254394528,0.0275865457952022,0.0707994773983955,1277.6771240234375,2
3070,0.2753321826457977,0.2222071439027786,94.74423980712888,0.0308844167739152,0.0632398203015327,138.01510620117188,1
3071,0.4870510399341583,0.1915235370397568,433.10986328125,0.0305670350790023,0.0638968795537948,967.04443359375,2
3072,0.0595703460276126,0.011718756519258,55.52430725097656,0.2377800345420837,0.0082140043377876,184.65563964843756,3
3073,0.4217970967292785,0.0852148905396461,52.157501220703125,0.1018764600157737,0.0191715713590383,97.20313262939452,3
3074,0.4860744774341583,0.0998828634619712,53.84309768676758,0.0367612093687057,0.0531303063035011,220.13087463378903,3
3075,0.2483009099960327,0.1685938388109207,131.93331909179688,0.0403416827321052,0.048414658755064,128.87588500976562,1
3076,0.3086134493350982,0.0086914105340838,7602.77978515625,0.0196066964417696,0.0996153131127357,550.8508911132812,1
3077,0.3708791136741638,0.0162890721112489,201.42431640625,0.0279921814799308,0.0697739347815513,102.45925903320312,1
3078,0.4612111747264862,0.3760744333267212,146.7883148193359,0.0216086655855178,0.0903861969709396,93.23278045654298,1
3079,0.4876565039157867,0.0466601811349391,1015.0108642578124,0.0325487926602363,0.0600061677396297,1166.804931640625,2
3080,0.4882815182209015,0.0825586393475532,119.07820892333984,0.0196158867329359,0.0995681658387184,1163.2633056640625,2
3081,0.0021875011734664,0.0021484387107193,2519.8173828125,13.636785507202148,0.0001432248245691,1371.4278564453125,4
3082,0.3167189061641692,0.0666211321949958,84.32416534423827,0.636533796787262,0.003068400081247,18.944242477416992,4
3083,0.3308595418930053,0.003535158233717,625.9053955078125,0.0305372551083564,0.0639588087797164,117.87479400634764,1
3084,0.4188478887081145,0.2003907263278961,57.985157012939446,0.0599269643425941,0.0325917713344097,685.2129516601562,3
3085,0.4216603934764862,0.0356250181794166,53.9389533996582,0.053339522331953,0.0366169139742851,277.4744873046875,3
3086,9.765630238689482e-05,5.8593781432136886e-05,95.01637268066406,37.19293594360352,5.25133618793916e-05,20479.98828125,4
3087,0.486992448568344,0.4600197672843932,55.37839126586913,0.0219452623277902,0.0889999940991401,679.6820068359375,2
3088,0.011718756519258,0.0030859392136335,297.90106201171875,0.8784534335136412,0.0022233689669519,2047.9989013671875,0
3089,0.4140431880950928,0.0952930226922035,52.36734771728516,0.123074010014534,0.0158694852143526,405.7547607421875,3
3090,0.1877149492502212,0.0979297384619712,121.137939453125,0.2330798953771591,0.0083796773105859,223.74349975585932,3
3091,0.2423438727855682,0.0064257849007844,62.58740997314453,0.1630286425352096,0.0119801592081785,41.26367950439453,3
3092,0.1817188411951064,0.0019726573955267,71.22301483154297,0.2601893246173858,0.0075065731070935,55.030067443847656,3
3093,0.0091015677899122,0.0035937519278377,151.23951721191406,0.8123856782913208,0.0024041866417974,3186.26416015625,0
3094,9.765630238689482e-05,5.8593781432136886e-05,72.10905456542967,33.3949089050293,5.848574073752388e-05,20479.98828125,4
3095,0.0152929769828915,0.0044921897351741,56.09850311279297,0.5718368291854857,0.003415532875806,2092.4638671875,0
3096,0.3791408240795136,0.0335351750254631,3419.507080078125,0.0586468800902366,0.033303290605545,58.02593231201172,1
3097,0.0151757895946502,0.0011328130494803,162.06622314453125,0.6713777184486389,0.0029091318137943,1779.149658203125,0
3098,0.4512111842632293,0.0811914503574371,51.54088973999024,0.0598207637667656,0.0326496474444866,108.59659576416016,3
3099,0.0119140688329935,0.0088281296193599,138.58993530273435,0.6221165657043457,0.0031394877005368,2266.228271484375,0
3100,0.3511720597743988,0.0034960955381393,105.97811126708984,0.0897794738411903,0.0217546988278627,48.40931701660156,3
3101,0.0338672064244747,0.0013671882916241,115.31785583496092,0.676822304725647,0.0028857311699539,1919.2607421875,3
3102,0.4836525917053223,0.0965625494718551,61.851959228515625,0.0339738018810749,0.057489339262247,88.90679168701172,4
3103,0.32904314994812,0.3135157823562622,55.0254135131836,0.0711554810404777,0.027448620647192,188.42514038085932,3
3104,0.4881447851657867,0.1824219673871994,61.51704025268555,0.0225086193531751,0.0867724418640136,1815.0352783203125,2
3105,0.251269668340683,0.1881836950778961,2161.7412109375,0.0498916879296302,0.0391473360359668,127.35321807861328,1
3106,0.487480729818344,0.100312553346157,57.60200881958008,0.036999512463808,0.0527878999710083,65.64362335205078,3
3107,0.4875783920288085,0.0996289625763893,51.7379035949707,0.024979718029499,0.0781882926821708,438.90377807617193,2
3108,0.4475392997264862,0.0799023881554603,50.393997192382805,0.0731276124715804,0.0267085209488868,174.286376953125,3
3109,0.0939062982797622,0.0938281789422035,107.55638122558592,2.7189900875091557,0.0007183292182162,31.946739196777344,4
3110,0.3909377157688141,0.3811330199241638,103.42560577392578,0.155833899974823,0.0125333126634359,66.50675964355469,3
3111,0.1809766590595245,0.1182813122868538,61.23101043701172,0.0759044811129569,0.0257313922047615,442.04595947265625,3
3112,0.3585744202136993,0.016464851796627,300.3406677246094,0.0273017678409814,0.0715387761592865,133.86341857910156,1
3113,0.4880666732788085,0.1975001096725464,63.848682403564446,0.0206514243036508,0.0945758149027824,2022.2646484375,2
3114,0.0041992207989096,0.0001953126047737,102.11148071289062,0.8652825951576234,0.0022572122979909,476.27883911132807,4
3115,0.3414259552955627,0.0101953176781535,269.0464782714844,0.03068083897233,0.0636596232652664,131.8001708984375,1
3116,0.0042968774214386,0.0009375005029141,88.82498168945312,0.9537419080734254,0.0020478558726608,465.4542846679688,4
3117,0.3097853362560272,0.0161523520946502,6106.38427734375,0.0313930548727512,0.062215182930231,158.17404174804688,1
3118,0.018437510356307,0.007207035087049,63.137798309326165,0.506442666053772,0.0038565585855394,379.6607971191406,3
3119,0.4770900905132293,0.1001563072204589,61.615970611572266,0.0345229022204875,0.056574497371912,167.68321228027344,4
3120,0.4882229268550873,0.1046094298362732,65.90869140625,0.0227633323520422,0.0858014523983001,1577.1484375,2
3121,0.1685157120227813,0.0895508304238319,82.59729766845702,0.1173726394772529,0.0166404210031032,112.74913024902344,4
3122,0.0160937588661909,0.0025781262665987,83.29623413085938,0.5098240375518799,0.0038309805095195,2236.89208984375,0
3123,0.0001367188233416,3.906252095475793e-05,227.48733520507807,20.80282592773437,9.388753824168816e-05,14628.5634765625,4
3124,0.0032812517601996,0.0002343751257285,5093.26025390625,1.75380539894104,0.0011136499233543,2133.332275390625,4
3125,0.2151758968830109,0.0916016101837158,85.33554077148438,0.1827184110879898,0.0106892753392457,218.4259490966797,3
3126,0.3861134946346282,0.1064649000763893,181.20867919921875,0.0305935777723789,0.0638410151004791,82.87718963623047,1
3127,0.4776174426078796,0.3616017699241638,107.56647491455078,0.0320045612752437,0.0610265508294105,81.65531158447266,4
3128,0.4873049557209015,0.0047656274400651,160.8740997314453,0.0228869337588548,0.0853378251194953,1177.9072265625,2
3129,0.0006445315666496,0.0001757813442964,147.24777221679688,8.311529159545898,0.0002349900169065,10860.6005859375,0
3130,0.0163281336426734,0.0064257849007844,61.82083511352539,0.6100159287452698,0.0032017624471336,1714.8316650390625,0
3131,0.0081054726615548,0.0008007816504687,90.3426513671875,1.142585515975952,0.0017093927599489,2837.589111328125,0
3132,0.3193556368350982,0.0068554724566638,5406.19873046875,0.0272751078009605,0.0716082826256752,206.6661529541016,1
3133,0.488164335489273,0.0689062848687172,194.17404174804688,0.0291081145405769,0.0670993030071258,1835.4475097656248,2
3134,0.396523654460907,0.1763086915016174,72.11720275878906,0.0496510528028011,0.039337184280157,322.8054504394531,3
3135,0.4853908717632293,0.3008986115455627,270.20123291015625,0.0324775166809558,0.0601377375423908,566.5537109375,2
3136,0.3899025619029999,0.368515819311142,82.32750701904298,0.0817847996950149,0.0238811094313859,187.22625732421875,2
3137,9.765630238689482e-05,3.906252095475793e-05,766.107177734375,33.61419677734375,5.810419679619372e-05,20479.98828125,4
3138,0.0050781276077032,0.0016015633009374,61.40730285644531,1.9236406087875368,0.0010153276380151,4135.38232421875,0
3139,0.3195314109325409,0.0066992221400141,63.70698165893555,0.1150596886873245,0.0169748961925506,78.23957061767578,3
3140,0.4875198006629944,0.1066797450184822,90.3800811767578,0.0425063744187355,0.0459488853812217,477.9292907714844,3
3141,0.0094921924173831,0.0021289074793457,111.88497161865234,0.9553205370903016,0.002044471912086,3792.590576171875,0
3142,0.3049024939537048,0.0091992234811186,3473.8447265625,0.0475484654307365,0.0410765185952186,124.6300048828125,1
3143,0.3963478803634644,0.0122461002320051,69.51849365234375,0.0100955879315733,0.1934635788202285,194.27377319335932,4
3144,0.0254687629640102,0.0092382859438657,57.866607666015625,0.3508523106575012,0.0055668014101684,314.1102600097656,3
3145,0.4879104197025299,0.0066015659831464,273.80810546875,0.0595666281878948,0.0327889248728752,483.69534301757807,3
3146,0.0125195384025573,0.0124414125457406,255.03599548339844,12.266122817993164,0.0001592293556313,239.6254425048828,4
3147,0.2742970287799835,0.1083789616823196,91.11957550048828,0.0487042851746082,0.0401017442345619,98.43344116210936,1
3148,0.4829299449920654,0.4347268044948577,157.44171142578125,0.0320941619575023,0.0608561746776104,548.7338256835938,2
3149,0.4874612092971802,0.3534962832927704,783.3456420898436,0.0247960016131401,0.0787678062915801,1261.6387939453125,2
3150,0.3006446957588196,0.0401953347027301,109.60740661621092,0.0883738249540329,0.0221007727086544,212.87586975097656,3
3151,0.4136525690555573,0.0852344185113906,72.08536529541014,0.0893782973289489,0.0218521710485219,299.7684631347656,3
3152,7.812504190951586e-05,3.906252095475793e-05,51.700786590576165,38.4256248474121,5.082873758510687e-05,25599.986328125,4
3153,0.307578295469284,0.022050792351365,4700.47216796875,0.0364423990249633,0.0535951256752014,117.04336547851562,1
3154,0.0004882814828306,3.906252095475793e-05,127.75403594970705,10.817110061645508,0.0001805589417926,6143.9970703125,4
3155,0.2796876430511474,0.1952930688858032,251.9770050048828,0.1802108436822891,0.0108379935845732,64.35750579833984,3
3156,0.1160547509789466,0.0271093901246786,244.7351837158203,0.220228150486946,0.0088686570525169,982.294982910156,2
3157,0.1197656914591789,0.0072265663184225,100.29946899414062,0.1612614095211029,0.0121115464717149,108.54527282714844,3
3158,0.4882424473762512,0.4728127419948577,59.86240005493164,0.0158168673515319,0.123483344912529,1511.5440673828125,2
3159,0.0091601610183715,0.0017382821533828,425.3532714843751,1.0976066589355469,0.0017794403247535,3602.556640625,3
3160,0.4837502539157867,0.0992383360862732,53.131301879882805,0.0359481014311313,0.054331824183464,132.29966735839844,4
3161,0.4880471229553223,0.0096289115026593,85.27903747558594,0.0187430568039417,0.1042053923010826,2169.87255859375,2
3162,0.4880080819129944,0.1840821355581283,304.65435791015625,0.0278891697525978,0.0700317695736885,1874.9689941406248,2
3163,0.4612502455711365,0.000683594145812,6968.7412109375,0.0531421341001987,0.0367530323565006,47.696453094482415,1
3164,0.4880666732788085,0.202793076634407,6355.8037109375,0.037392396479845,0.0522331744432449,129.08071899414062,1
3165,0.3745509684085845,0.0848437920212745,56.70932388305664,0.063721664249897,0.0306509919464588,301.694580078125,3
3166,0.4882424473762512,0.1345117837190628,72.12665557861328,0.0186687018722295,0.1046204194426536,1714.312255859375,2
3167,0.488164335489273,0.1417578905820846,528.0255126953125,0.0299883224070072,0.0651291087269783,1001.7118530273436,2
3168,0.4845901131629944,0.3309572041034698,89.98314666748048,0.0598083585500717,0.0326563492417335,243.50476074218756,3
3169,0.318320482969284,0.2051758915185928,3157.3076171875,0.0270048361271619,0.0723249465227127,153.93292236328125,1
3170,0.4837307333946228,0.0998047441244125,52.79953002929688,0.022258672863245,0.0877468809485435,628.4487915039064,4
3171,0.4877932369709015,0.1303320974111557,52.71210861206056,0.0201153140515089,0.0970957726240158,1240.279541015625,2
3172,0.0002734376466833,0.0002148438652511,73.60098266601561,10.05968189239502,0.0001941538648679,7314.28173828125,4
3173,0.3669728636741638,0.0816016048192977,103.60774230957033,0.1350115090608596,0.0144663834944367,32.69996643066406,4
3174,0.0028906264342367,0.0002539063862059,112.9288864135742,2.062151908874512,0.0009471298544667,4151.34912109375,0
3175,0.2629103064537048,0.2068165242671966,153.29052734375,0.0356943160295486,0.0547182746231555,114.1073532104492,1
3176,9.765630238689482e-05,3.906252095475793e-05,119.7074966430664,30.54801559448242,6.39362697256729e-05,20479.98828125,4
3177,0.4879104197025299,0.2576954364776611,153.2500762939453,0.0267023798078298,0.0731447339057922,1260.477294921875,2
3178,0.4762307107448577,0.4217385053634644,156.12542724609375,0.0363883413374424,0.0536746233701705,478.7595520019531,2
3179,0.0069726598449051,5.8593781432136886e-05,56.592750549316406,2.7442193031311035,0.0007117236382327,717.0864868164064,4
3180,0.2864259481430053,0.2197852730751037,1826.3195800781248,0.051938347518444,0.0376047305762767,97.75650787353516,1
3181,0.0531250275671482,0.0045507838949561,196.12879943847656,0.1806141734123229,0.0108138192445039,150.58815002441406,1
3182,0.4875198006629944,0.3035157918930053,53.50896453857422,0.0378479585051536,0.0516043938696384,170.2494964599609,3
3183,0.1156641244888305,0.0447461195290088,66.06621551513672,0.1613819599151611,0.0121025219559669,129.68585205078125,3
3184,0.2179102748632431,0.1847852617502212,2990.902099609375,0.1023709997534751,0.01907897926867,50.4794921875,1
3185,0.0456250235438346,0.0112500060349702,1648.7373046875,0.1742553114891052,0.0112084271386265,898.6296997070312,4
3186,0.3614845573902129,0.0117578189820051,412.5906982421875,0.0287124775350093,0.0680236369371414,118.95390319824216,1
3187,0.1960352659225464,0.0829102024435997,69.39539337158203,0.1075714603066444,0.018156548961997,306.0673828125,3
3188,0.0002148438652511,9.765630238689482e-05,3983.500732421875,13.89427375793457,0.0001405705697834,9309.0859375,4
3189,0.0645703449845314,0.0038671896327286,50.17765808105469,0.2606924176216125,0.0074920742772519,449.12258911132807,3
3190,0.0764844194054603,0.0359961129724979,59.04964447021484,0.1180247664451599,0.0165484379976987,470.68411254882807,3
3191,0.4863479137420654,0.3703712821006775,122.6734390258789,0.0193833336234092,0.1007636860013008,1338.5479736328125,2
3192,0.2748439013957977,0.0892578586935997,160.64260864257812,0.0386342033743858,0.0505543202161788,134.6218719482422,1
3193,0.3316408097743988,0.1389844566583633,121.72623443603516,0.0416396297514438,0.0469055287539958,90.45931243896484,1
3194,0.3040431439876556,0.0046875025145709,52.785343170166016,0.1517713069915771,0.0128688355907797,95.3812026977539,3
3195,0.2149024605751037,0.0006445315666496,51.03312683105469,0.3218784034252167,0.006067878101021,93.0654754638672,3
3196,0.3195704817771912,0.0106054740026593,68.06694793701172,0.4909595549106597,0.0039781806990504,68.84239959716797,3
3197,0.375351756811142,0.0457226820290088,237.2137756347656,0.0248661469668149,0.0785458609461784,133.2083740234375,1
3198,0.4464064836502075,0.3923244178295136,60.40490722656249,0.0450747944414615,0.0433308407664299,210.57041931152344,1
3199,0.303007960319519,0.0999805256724357,60.6103630065918,0.0614688210189342,0.0317743271589279,386.1284790039063,1
3200,0.0184179786592721,0.0093164108693599,514.0966796875,0.2852074205875397,0.0068480931222438,217.17909240722656,4
3201,0.3145509362220764,0.0096289115026593,7296.25732421875,0.02792295999825,0.0699471682310104,235.25601196289065,1
3202,0.4766994714736937,0.0752148851752281,60.88389587402344,0.2487379163503646,0.0078520951792597,60.8349723815918,4
3203,0.4880471229553223,0.4462502300739288,68.63143157958984,0.0241772849112749,0.0807829648256301,710.9968872070312,2
3204,0.0196289159357547,0.0096093798056244,59.91242980957031,0.3704102337360382,0.0052728741429746,305.6714782714844,3
3205,0.4882424473762512,0.4275783598423004,1083.4765625,0.0341255813837051,0.0572333186864852,1155.163818359375,2
3206,0.4789260327816009,0.1955665051937103,8111.09375,0.095759779214859,0.0203960891813039,16.70404052734375,4
3207,0.0400000214576721,0.0135937575250864,75.5382614135742,0.3010294139385223,0.0064881509169936,174.99990844726562,3
3208,0.3533986210823059,0.2501759231090545,289.8202819824219,0.0966202765703201,0.0202144440263509,110.35696411132812,3
3209,0.0234961062669754,0.0037500020116567,64.14229583740233,0.348345935344696,0.0056068617850542,255.3614654541016,3
3210,0.0053710965439677,0.0012695319019258,58.02177047729492,1.9288033246994016,0.0010126100387424,5585.45166015625,0
3211,0.4838088452816009,0.3264650106430053,306.8524169921875,0.0356739163398742,0.0547488220036029,839.1743774414062,2
3212,0.4882619678974152,0.3245314359664917,1632.7794189453125,0.041589431464672,0.0469620078802108,67.586669921875,1
3213,0.3460353314876556,0.0973242744803428,85.74884033203125,0.0440044142305851,0.0443849489092826,248.529541015625,3
3214,0.4838869869709015,0.2338868379592895,64.5189208984375,0.2749102115631103,0.0071046077646315,64.06454467773438,4
3215,0.4880666732788085,0.4205080270767212,164.64830017089844,0.0223339088261127,0.0874510407447815,1022.4013061523436,2
3216,0.3659572303295136,0.0242968872189521,74.35221862792967,0.0514036566019058,0.0379959270358085,46.45351409912109,4
3217,0.4861135482788085,0.0862109810113906,64.49490356445312,0.0250812992453575,0.0778716579079628,933.9381713867188,2
3218,0.4875588417053223,0.0190625097602605,241.93081665039065,0.022856755182147,0.085450492799282,2090.004150390625,2
3219,0.0001171875628642,5.8593781432136886e-05,3539.0068359375,25.680702209472656,7.60542243369855e-05,17066.658203125,4
3220,0.1436328887939453,0.0394336134195327,401.4263916015625,0.0747361555695533,0.0261335857212543,208.8658142089844,1
3221,0.0003320314281154,0.0001757813442964,2225.66552734375,8.166647911071777,0.0002391588495811,6023.5263671875,4
3222,0.4862893223762512,0.0563281551003456,204.30432128906247,0.024888701736927,0.0784746930003166,78.14278411865233,1
3223,0.4879299402236937,0.4426174163818359,1126.0396728515625,0.0275559555739164,0.0708787590265274,2197.03662109375,2
3224,0.4880471229553223,0.1668946146965026,289.41680908203125,0.02646080031991,0.0738118663430213,1663.7738037109375,2
3225,0.1707422733306884,0.0760156661272049,50.14290618896484,0.191854864358902,0.0101802079007029,532.967041015625,3
3226,0.4882815182209015,0.119921937584877,52.381023406982415,0.0196477770805358,0.0994071960449218,1787.903076171875,2
3227,0.3323439359664917,0.0056250030174851,3373.890869140625,0.0284574776887893,0.0686330646276474,147.4376220703125,1
3228,0.0222265738993883,0.002675782656297,97.58893585205078,0.3256690204143524,0.0059972717426717,854.8325805664062,0
3229,0.0101562552154064,0.0024804701097309,53.31857681274414,0.7502360343933105,0.0026033455505967,3052.30615234375,0
3230,0.1611719578504562,0.0032421892974525,212.24658203125,0.1673020720481872,0.0116742625832557,744.5463867187501,2
3231,0.485449492931366,0.1064063087105751,241.92239379882807,0.0295385140925645,0.0661211088299751,1343.0850830078125,2
3232,0.0082226609811186,0.0010156255448237,58.509082794189446,1.44555926322937,0.0013511212309822,2675.532958984375,0
3233,0.3584376871585845,0.0105273490771651,236.31494140625,0.020774470642209,0.0940157175064086,136.70437622070312,1
3234,0.4874416589736937,0.0375000201165676,212.9701995849609,0.0291024968028068,0.0671117082238197,627.7674560546875,2
3235,0.0011914068600162,0.0001757813442964,4657.625,2.924542427062988,0.0006678397185169,1678.6876220703125,4
3236,0.1341016292572021,0.1000391170382499,50.20787048339844,0.0894986763596534,0.0218229945749044,320.65234375,3
3237,0.4837307333946228,0.0640234723687172,52.4865837097168,0.0313415303826332,0.0623174309730529,190.18844604492188,4
3238,0.4858987033367157,0.0782031640410423,496.56591796875,0.0287392381578683,0.0679602995514869,817.042724609375,2
3239,0.4844533801078796,0.1383399218320846,633.631103515625,0.0346172899007797,0.056420374661684,1605.9337158203125,2
3240,0.4874612092971802,0.0100195370614528,755.381591796875,0.026687916368246,0.0731840655207634,1940.6672363281248,2
3241,0.4880080819129944,0.0910547375679016,259.1076965332031,0.027856545522809,0.0701140165328979,2049.146484375,2
3242,0.4882229268550873,0.2635157704353332,186.3133850097656,0.0194324925541877,0.1005086228251457,1462.4466552734375,2
3243,0.3035157918930053,0.0228711068630218,1457.14306640625,0.0502617619931697,0.03885930031538,135.08358764648435,1
3244,0.1841016560792922,0.0057812528684735,80.47732543945312,0.1568161249160766,0.0124548729509115,86.90850830078125,3
3245,0.3847267627716064,0.181074321269989,4969.05859375,0.047346007078886,0.0412520617246627,101.37064361572264,1
3246,0.3098439276218414,0.2887696921825409,160.304443359375,0.0908960178494453,0.0214875098317861,16.137157440185547,4
3247,0.4882229268550873,0.2011329233646392,182.90335083007807,0.021596560254693,0.0904369801282882,1521.8458251953125,2
3248,0.0127734439447522,0.0051757842302322,58.07245635986328,0.5601343512535095,0.0034868852235376,2661.7724609375,0
3249,0.0037500020116567,0.0004882814828306,81.18093872070312,2.964323282241821,0.000658877484966,4266.66455078125,0
3250,0.4882619678974152,0.3686915934085845,59.02979278564453,0.0200179982930421,0.0975687950849533,888.8671264648436,2
3251,0.0039257835596799,0.0006054691039025,4635.701171875,1.9213380813598635,0.0010165449930354,3056.714599609375,0
3252,0.3297657966613769,0.0248437635600566,2359.049072265625,0.0280181244015693,0.06970926374197,151.6227569580078,1
3253,0.4882815182209015,0.0668750330805778,57.47527313232422,0.0168623607605695,0.1158277317881584,724.9915771484374,2
3254,0.4785158932209015,0.0943945795297622,14.0203857421875,0.0549755878746509,0.0355270691215992,286.3018798828125,3
3255,0.4127150774002075,0.0301562659442424,68.57550811767578,0.0849027186632156,0.0230042748153209,62.99745559692384,3
3256,0.4390822649002075,0.0976563021540641,58.43816757202149,0.0713583827018737,0.0273708943277597,204.9729766845703,3
3257,0.0152343828231096,0.0022070324048399,84.74279022216797,0.6535035371780396,0.0029887030832469,2166.15283203125,0
3258,0.3411329984664917,0.197910264134407,113.00946044921876,0.0328132472932338,0.0595222860574722,87.9422378540039,1
3259,0.3013868927955627,0.0908398926258087,6362.6513671875,0.0210300367325544,0.0928730219602584,331.7994384765625,1
3260,0.4839650988578796,0.4319142997264862,411.1551818847656,0.031181875616312,0.062636412680149,539.2951049804688,2
3261,0.0711523815989494,0.0535351857542991,52.23768615722656,0.2790438532829284,0.0069993515498936,646.4998168945312,3
3262,0.3088282942771912,0.0152539145201444,99.46019744873048,0.0922348499298095,0.021175580099225,327.0425720214844,2
3263,0.0004101564700249,0.0003515626885928,104.52484130859376,7.116500377655028,0.0002744503435678,4876.18798828125,4
3264,0.2653126418590545,0.225449338555336,5597.203125,0.0463750697672367,0.0421159043908119,241.224838256836,1
3265,0.4824221432209015,0.4064846038818359,102.69198608398436,0.0235138293355703,0.0830627903342247,93.279296875,4
3266,0.0167773533612489,0.0108593804761767,111.2619857788086,0.5425370931625366,0.0035999873653054,953.66650390625,4
3267,0.048339869827032,0.007519535254687,607.0615234375,0.191972479224205,0.0101740155369043,289.6159973144531,1
3268,0.4855666756629944,0.3376368880271912,50.4730339050293,0.0306261088699102,0.0637732669711113,518.9812622070312,2
3269,0.3690431714057922,0.0016796884592622,250.59005737304688,0.0942165181040763,0.0207301136106252,18.967969894409176,3
3270,0.483769804239273,0.0944727063179016,697.1989135742188,0.0294926166534423,0.066224105656147,386.5474853515625,2
3271,0.2889259457588196,0.0110546937212347,3615.8125,0.0348376519978046,0.0560638234019279,110.75502014160156,1
3272,0.0152148520573973,0.0080468794330954,50.00631713867188,0.4839324057102203,0.0040359497070312,2366.109130859375,0
3273,0.197910264134407,0.1000391170382499,57.776615142822266,0.2383936196565628,0.0081928502768278,151.58384704589844,3
3274,0.4880471229553223,0.0151171954348683,1561.2523193359375,0.0431295000016689,0.0452851615846157,67.61642456054688,1
3275,0.4008010029792785,0.060703158378601,14.598383903503416,0.0378795899450778,0.0515613853931427,2849.294189453125,4
3276,0.1909180730581283,0.0068359412252902,397.7601623535156,0.1508331447839737,0.012948895804584,261.8924255371094,3
3277,0.4871291816234588,0.3919533491134644,310.1023254394531,0.0358757153153419,0.0544414483010768,244.28837585449216,4
3278,0.3227540850639343,0.0055078156292438,5230.32421875,0.0297951810061931,0.065552145242691,179.70338439941406,1
3279,0.2519727945327759,0.007207035087049,67.74386596679688,0.1104049161076545,0.0176906455308198,71.43628692626953,3
3280,0.044804710894823,0.0107031306251883,58.85513687133789,0.5325025916099548,0.0036678260657936,937.401428222656,3
3281,0.4882815182209015,0.2706251442432403,136.78797912597656,0.0192336328327655,0.1015475094318389,1988.60693359375,2
3282,0.4820119738578796,0.1247656941413879,358.3854064941406,0.0317364484071731,0.0615417249500751,1485.4403076171875,2
3283,0.2621485888957977,0.0158593840897083,124.89654541015624,0.0844897776842117,0.0231167711317539,762.9260864257811,2
3284,0.4840041697025299,0.0015234383754432,359.0185241699219,0.0353747121989727,0.0552121438086032,55.784645080566406,1
3285,0.3965431749820708,0.0658203512430191,51.64249801635742,0.0764042288064956,0.0255630537867546,572.4471435546875,3
3286,0.4881447851657867,0.2449024766683578,69.63541412353516,0.0241802763193845,0.0807732120156288,1132.860595703125,2
3287,0.0522265918552875,0.0088867237791419,2341.1689453125,0.1398813873529434,0.0139627261087298,153.1786651611328,1
3288,0.0004101564700249,5.8593781432136886e-05,483.5779724121094,8.49323558807373,0.0002299625484738,7314.28173828125,4
3289,0.3448634743690491,0.0138476639986038,385.50979614257807,0.0297895725816488,0.0655643045902252,118.8876266479492,1
3290,0.0112500060349702,0.0038476584013551,81.45036315917967,0.6829237341880798,0.0028599463403224,2933.331787109375,0
3291,0.3473048806190491,0.0765039473772049,175.88037109375,0.0323302969336509,0.0604115612804889,100.77600860595705,1
3292,0.3910353779792785,0.3746095895767212,69.59520721435547,0.0527633130550384,0.0370167940855026,352.90924072265625,3
3293,0.4882424473762512,0.2617970108985901,4.809706211090088,0.0244908854365348,0.0797494202852249,921.6732177734376,4
3294,0.4827736914157867,0.219355583190918,1006.9986572265624,0.0320449545979499,0.0609495677053928,1327.7442626953125,2
3295,0.3256642520427704,0.0014843757962808,421.9558410644531,0.3251494467258453,0.0060068648308515,15.353235244750977,3
3296,0.4847268164157867,0.2884767055511474,71.69615173339844,0.0573290959000587,0.0340687297284603,82.52070617675781,3
3297,0.1200195923447608,0.0216992311179637,201.68437194824216,0.313864916563034,0.006222812924534,133.3115692138672,3
3298,0.4262111783027649,0.0992578640580177,92.99490356445312,0.0813555866479873,0.0240072701126337,201.77790832519528,3
3299,0.3183790743350982,0.0100585995241999,483.71401977539057,0.0376068651676178,0.0519354119896888,103.6500244140625,1
3300,0.4145314693450928,0.097871147096157,54.64413070678711,0.0949175283312797,0.0205770190805196,151.9788055419922,3
3301,0.4879494905471802,0.1844532191753387,1130.6500244140625,0.023190252482891,0.0842217206954956,2522.802001953125,2
3302,0.0164257902652025,0.0095898490399122,129.35092163085935,0.4591809213161469,0.0042534978128969,2130.79541015625,0
3303,0.0002343751257285,0.0001171875628642,53.74399185180664,24.96702003479004,7.822823681635782e-05,17066.658203125,4
3304,0.4882815182209015,0.1046289652585983,513.3685302734375,0.0259689278900623,0.0752100571990013,806.9115600585938,2
3305,0.4530275762081145,0.0649609714746475,64.89653778076172,0.0603514313697814,0.0323625169694423,589.3681030273438,3
3306,0.4882815182209015,0.1327930390834808,60.56928634643555,0.0207809247076511,0.0939866304397583,1931.2629394531248,2
3307,0.273242324590683,0.1160938143730163,5584.86767578125,0.0390254035592079,0.0500474609434604,84.17436981201172,1
3308,0.0105664115399122,0.0033593769185245,64.2745361328125,0.6848042607307434,0.0028520943596959,1987.4296875,0
3309,0.4794338643550873,0.0937891155481338,111.73973846435544,0.0486777238547802,0.0401236787438392,208.579345703125,3
3310,0.4882033765316009,0.0729101970791816,432.0458679199218,0.0217205416411161,0.0899205952882766,1069.2265625,2
3311,0.3877931833267212,0.028730483725667,3466.6220703125,0.0387345068156719,0.0504234619438648,97.99037933349608,1
3312,0.4882815182209015,0.1715821176767349,148.0934906005859,0.0263531263917684,0.074113629758358,1548.287109375,2
3313,0.487988531589508,0.3664845824241638,422.9187011718751,0.0303438547998666,0.0643662586808204,1758.238037109375,2
3314,0.3999025523662567,0.1230664700269699,7369.157226562499,0.0353101640939712,0.0553132891654968,307.5749206542969,1
3315,0.3283009529113769,0.045898463577032,275.0278015136719,0.0301729422062635,0.0647309720516204,103.56351470947264,1
3316,0.3532814383506775,0.1025391146540641,616.6526489257812,0.0251152701675891,0.0777663514018058,113.22417449951172,1
3317,0.487676054239273,0.2701954543590545,141.9505157470703,0.0194497071206569,0.1004192754626274,1382.06494140625,2
3318,0.3757814466953277,0.0023046887945383,61.37559509277344,0.0527300350368022,0.0370402745902538,53.2224235534668,4
3319,0.4873635470867157,0.0676367580890655,81.88653564453125,0.0218422412872314,0.0894196480512619,1333.7066650390625,2
3320,0.320293128490448,0.1077148988842964,87.34274291992188,0.1008627489209175,0.0193642936646938,84.29778289794922,3
3321,0.0323437675833702,0.0277148578315973,100.45826721191406,0.5325681567192078,0.0036673725116997,587.4392700195312,3
3322,0.4882815182209015,0.4612697660923004,47.947021484375,0.0185882300138473,0.1050730049610138,1075.199462890625,2
3323,0.0362500175833702,0.0307226721197366,91.40602111816406,0.5591686367988585,0.0034929076209664,799.9996337890626,0
3324,0.4637697935104369,0.0270703267306089,1973.2253417968752,0.0384696573019027,0.0507708117365837,73.31223297119139,1
3325,0.2946876585483551,0.0089843794703483,750.4295043945312,0.0512274205684661,0.03812637925148,84.83558654785155,1
3326,0.2818165719509125,0.0183789152652025,51.10885620117188,0.1629292219877243,0.0119875976815819,145.4846954345703,3
3327,0.0150195397436618,0.0033398454543203,59.07216644287109,0.6594790816307068,0.0029616183601319,1731.078369140625,0
3328,0.4878518283367157,0.420918196439743,78.67700195312499,0.0251322016119956,0.0777141377329826,877.3155517578125,2
3329,0.4753713607788085,0.0963477045297622,71.52074432373047,0.0568978153169155,0.0343268811702728,616.3602294921875,3
3330,0.2616798281669616,0.2616017162799835,131.26551818847656,1.282914161682129,0.0015224070521071,19.107318878173828,4
3331,0.0069140661507844,0.0025585950352251,394.0691223144531,0.9746779799461364,0.0020038690418004,2748.021240234375,0
3332,0.4881447851657867,0.3144728243350982,136.487060546875,0.0213195942342281,0.0916117280721664,1868.2980957031248,2
3333,0.345566600561142,0.1788868159055709,577.0283813476562,0.0316125899553298,0.0617834590375423,127.32711791992188,1
3334,0.0437109619379043,0.0198242291808128,6524.9033203125,0.1521244347095489,0.0128390304744243,388.91845703125,1
3335,0.000468750251457,7.812504190951586e-05,83.55813598632812,11.792047500610352,0.0001656307867961,6399.99658203125,4
3336,0.3688088059425353,0.3013673424720764,134.1949920654297,0.0340317860245704,0.0573911853134632,105.745849609375,1
3337,0.3357033133506775,0.237890750169754,239.19384765625,0.0460981465876102,0.0423688180744648,44.68231201171875,1
3338,0.0110546937212347,0.002363282488659,182.24774169921875,0.607940673828125,0.0032126938458532,2894.697998046875,0
3339,0.0243359506130218,0.005000002682209,71.15804290771484,0.3268685340881348,0.0059752697125077,287.6402893066406,3
3340,0.0025976577308028,0.0002343751257285,5548.96337890625,1.7440245151519775,0.0011198959546163,1154.8865966796875,4
3341,0.4882815182209015,0.0275586079806089,303.9495544433594,0.0145322456955909,0.134399726986885,780.2875976562499,2
3342,0.2135743349790572,0.0087109422311186,133.2782745361328,0.0451564341783523,0.043252483010292,126.41968536376952,1
3343,0.0029296891298145,0.0022851575631648,230.10128784179688,4.578218460083008,0.0004266125906724,1365.33251953125,4
3344,0.000312500167638,0.0002539063862059,236.7856292724609,8.770441055297852,0.0002226941578555,6399.99658203125,4
3345,0.4874416589736937,0.0817383229732513,729.461181640625,0.0296785533428192,0.0658095628023147,779.5805053710938,2
3346,0.0394726768136024,0.0011523443972691,165.6502685546875,0.6541854739189148,0.0029855840839445,658.6834716796875,0
3347,0.0345117375254631,0.0214453246444463,16.40882110595703,0.22449092566967,0.0087002413347363,318.7321472167969,3
3348,0.3667775392532348,0.0039062518626451,64.67584991455078,0.1607097834348678,0.012153117917478,185.3984832763672,3
3349,0.0001171875628642,5.8593781432136886e-05,92.12026977539062,26.86886215209961,7.26910584489815e-05,17066.658203125,4
3350,0.0005664065247401,0.0005078127724118,53.44250488281249,8.648035049438477,0.0002258462336612,3531.03271484375,4
3351,0.3886916041374207,0.0130664128810167,115.57986450195312,0.0238657258450984,0.0818380638957023,138.92762756347656,1
3352,0.4879299402236937,0.3956056833267212,57.219947814941406,0.0159641914069652,0.1223442330956459,827.9877319335938,2
3353,0.3755470812320708,0.0101562552154064,102.7581787109375,0.0819107741117477,0.0238446705043315,79.88346099853516,3
3354,0.0582617484033107,0.006718753837049,167.33900451660156,0.1633146107196808,0.011959271505475,308.9505615234375,4
3355,0.3797072470188141,0.1458789855241775,197.9322662353516,0.0339315459132194,0.0575605183839798,115.87874603271484,1
3356,0.4882033765316009,0.3183790743350982,90.0338134765625,0.0193939320743083,0.1007077991962432,1810.7208251953125,2
3357,0.487187772989273,0.2750391960144043,86.6847457885742,0.0276596061885356,0.0706129223108291,679.4094848632812,2
3358,0.4854885339736937,0.4140431880950928,222.6591339111328,0.0273303128778934,0.0714638382196426,1136.9990234375,2
3359,0.3881642818450928,0.0208984483033418,328.6651306152344,0.0358615294098854,0.0544626861810684,115.9302978515625,1
3360,0.0146289141848683,0.0053906277753412,190.27975463867188,0.5829787850379944,0.0033502532169222,2392.52197265625,0
3361,9.765630238689482e-05,5.8593781432136886e-05,139.5717010498047,48.978809356689446,3.987695527030155e-05,20479.98828125,4
3362,0.1663086861371994,0.0506836213171482,163.48194885253906,0.0544640347361564,0.0358608700335025,126.2712173461914,1
3363,0.0025585950352251,0.0004882814828306,91.85433197021484,2.635071992874145,0.0007412037812173,781.6790161132812,4
3364,0.0004882814828306,0.0003320314281154,125.0978546142578,6.0406174659729,0.0003233321476727,4095.998046875,4
3365,0.0158203206956386,0.0049414089880883,82.28201293945312,0.6321606040000916,0.0030896004755049,1959.5051269531248,0
3366,0.2525001466274261,0.0022851575631648,172.42608642578125,0.0948290601372718,0.0205962620675563,637.6234130859375,2
3367,0.234961062669754,0.0016210946487262,1518.4468994140625,0.0728176310658454,0.026822168380022,114.91265869140624,1
3368,0.3415236175060272,0.0095898490399122,130.9229278564453,0.052064225077629,0.0375138893723487,73.20137786865233,1
3369,0.0500781536102294,0.0184179786592721,59.14928817749024,0.1863234490156173,0.0104824258014559,239.6254425048828,3
3370,0.4735744595527649,0.0972852110862732,66.07135009765625,0.0424501299858093,0.0460098572075367,610.2525024414064,3
3371,0.0114062558859586,0.0029687515925616,330.9739990234375,0.7849615216255189,0.0024881812278181,2717.806884765625,0
3372,0.3781837821006775,0.0001757813442964,475.2849121093751,0.2144510149955749,0.0091075664386153,7.932651042938232,4
3373,0.4205470979213714,0.1929883807897568,82.40021514892578,0.1007091477513313,0.0193936843425035,149.8048553466797,3
3374,0.011562505736947,0.0019335948163643,256.2484436035156,0.7368357181549072,0.002650692127645,3113.511962890625,0
3375,0.4880666732788085,0.029023453593254,155.3390350341797,0.023604767397046,0.0827432945370674,1387.1055908203125,2
